[debug] [2026-02-22T03:21:56.030Z] ----------------------------------------------------------------------
[debug] [2026-02-22T03:21:56.039Z] Command:       /Users/tcjr/Library/pnpm/nodejs/22.17.0/bin/node /Users/tcjr/Library/pnpm/global/5/.pnpm/firebase-tools@15.3.1_@types+node@22.16.0_encoding@0.1.13_hono@4.11.4_typescript@4.9.5/node_modules/firebase-tools/lib/bin/firebase.js emulators:start --only auth,firestore --import=./firebase-dev-data --export-on-exit
[debug] [2026-02-22T03:21:56.040Z] CLI Version:   15.3.1
[debug] [2026-02-22T03:21:56.040Z] Platform:      darwin
[debug] [2026-02-22T03:21:56.040Z] Node Version:  v22.17.0
[debug] [2026-02-22T03:21:56.040Z] Time:          Sat Feb 21 2026 21:21:56 GMT-0600 (Central Standard Time)
[debug] [2026-02-22T03:21:56.041Z] ----------------------------------------------------------------------
[debug] 
[debug] [2026-02-22T03:21:57.501Z] > command requires scopes: ["email","openid","https://www.googleapis.com/auth/cloudplatformprojects.readonly","https://www.googleapis.com/auth/firebase","https://www.googleapis.com/auth/cloud-platform"]
[debug] [2026-02-22T03:21:57.502Z] > authorizing via signed-in user (tommyjr@gmail.com)
[debug] [2026-02-22T03:21:57.692Z] openjdk version "23.0.2" 2025-01-21
OpenJDK Runtime Environment Homebrew (build 23.0.2)

[debug] [2026-02-22T03:21:57.692Z] OpenJDK 64-Bit Server VM Homebrew (build 23.0.2, mixed mode, sharing)

[debug] [2026-02-22T03:21:57.700Z] Parsed Java major version: 23
[info] i  emulators: Starting emulators: auth, firestore {"metadata":{"emulator":{"name":"hub"},"message":"Starting emulators: auth, firestore"}}
[debug] [2026-02-22T03:21:58.168Z] [logging] Logging Emulator only supports listening on one address (127.0.0.1). Not listening on ::1
[debug] [2026-02-22T03:21:58.168Z] [auth] Authentication Emulator only supports listening on one address (127.0.0.1). Not listening on ::1
[debug] [2026-02-22T03:21:58.168Z] [firestore] Firestore Emulator only supports listening on one address (127.0.0.1). Not listening on ::1
[debug] [2026-02-22T03:21:58.168Z] [firestore.websocket] websocket server for firestore only supports listening on one address (127.0.0.1). Not listening on ::1
[debug] [2026-02-22T03:21:58.169Z] assigned listening specs for emulators {"user":{"hub":[{"address":"127.0.0.1","family":"IPv4","port":4400},{"address":"::1","family":"IPv6","port":4400}],"ui":[{"address":"127.0.0.1","family":"IPv4","port":4000},{"address":"::1","family":"IPv6","port":4000}],"logging":[{"address":"127.0.0.1","family":"IPv4","port":4500}],"auth":[{"address":"127.0.0.1","family":"IPv4","port":9099}],"firestore":[{"address":"127.0.0.1","family":"IPv4","port":8080}],"firestore.websocket":[{"address":"127.0.0.1","family":"IPv4","port":9150}]},"metadata":{"message":"assigned listening specs for emulators"}}
[debug] [2026-02-22T03:21:58.173Z] Write emulator hub locator at /var/folders/_d/3_dky5cs1h95dm39yvx6yhh80000gn/T/hub-life-track-77259.json
[info] i  firestore: Importing data from /Users/tcjr/dev/tcjr/life-track/packages/emulators/firebase-dev-data/firestore_export/firestore_export.overall_export_metadata {"metadata":{"emulator":{"name":"firestore"},"message":"Importing data from /Users/tcjr/dev/tcjr/life-track/packages/emulators/firebase-dev-data/firestore_export/firestore_export.overall_export_metadata"}}
[debug] [2026-02-22T03:21:58.185Z] Ignoring unsupported arg: auto_download {"metadata":{"emulator":{"name":"firestore"},"message":"Ignoring unsupported arg: auto_download"}}
[debug] [2026-02-22T03:21:58.185Z] Ignoring unsupported arg: single_project_mode_error {"metadata":{"emulator":{"name":"firestore"},"message":"Ignoring unsupported arg: single_project_mode_error"}}
[debug] [2026-02-22T03:21:58.185Z] Starting Firestore Emulator with command {"binary":"java","args":["-Dgoogle.cloud_firestore.debug_log_level=FINE","-Duser.language=en","-jar","/Users/tcjr/.cache/firebase/emulators/cloud-firestore-emulator-v1.20.2.jar","--host","127.0.0.1","--port",8080,"--websocket_port",9150,"--project_id","life-track-77259","--seed_from_export","/Users/tcjr/dev/tcjr/life-track/packages/emulators/firebase-dev-data/firestore_export/firestore_export.overall_export_metadata","--rules","/Users/tcjr/dev/tcjr/life-track/firestore.rules","--single_project_mode",true],"optionalArgs":["port","webchannel_port","host","rules","websocket_port","functions_emulator","seed_from_export","project_id","single_project_mode"],"joinArgs":false,"shell":false,"port":8080} {"metadata":{"emulator":{"name":"firestore"},"message":"Starting Firestore Emulator with command {\"binary\":\"java\",\"args\":[\"-Dgoogle.cloud_firestore.debug_log_level=FINE\",\"-Duser.language=en\",\"-jar\",\"/Users/tcjr/.cache/firebase/emulators/cloud-firestore-emulator-v1.20.2.jar\",\"--host\",\"127.0.0.1\",\"--port\",8080,\"--websocket_port\",9150,\"--project_id\",\"life-track-77259\",\"--seed_from_export\",\"/Users/tcjr/dev/tcjr/life-track/packages/emulators/firebase-dev-data/firestore_export/firestore_export.overall_export_metadata\",\"--rules\",\"/Users/tcjr/dev/tcjr/life-track/firestore.rules\",\"--single_project_mode\",true],\"optionalArgs\":[\"port\",\"webchannel_port\",\"host\",\"rules\",\"websocket_port\",\"functions_emulator\",\"seed_from_export\",\"project_id\",\"single_project_mode\"],\"joinArgs\":false,\"shell\":false,\"port\":8080}"}}
[info] i  firestore: Firestore Emulator logging to firestore-debug.log {"metadata":{"emulator":{"name":"firestore"},"message":"Firestore Emulator logging to firestore-debug.log"}}
[debug] [2026-02-22T03:21:59.756Z] Feb 21, 2026 9:21:59 PM com.google.cloud.datastore.emulator.firestore.websocket.WebSocketServer start
INFO: Started WebSocket server on ws://127.0.0.1:9150
 {"metadata":{"emulator":{"name":"firestore"},"message":"Feb 21, 2026 9:21:59 PM com.google.cloud.datastore.emulator.firestore.websocket.WebSocketServer start\nINFO: Started WebSocket server on ws://127.0.0.1:9150\n"}}
[debug] [2026-02-22T03:21:59.784Z] API endpoint: http://127.0.0.1:8080 {"metadata":{"emulator":{"name":"firestore"},"message":"API endpoint: http://127.0.0.1:8080"}}
[debug] [2026-02-22T03:21:59.784Z] 
If you are using a library that supports the FIRESTORE_EMULATOR_HOST environment variable, run:

   export FIRESTORE_EMULATOR_HOST=127.0.0.1:8080

If you are running a Firestore in Datastore Mode project, run:

   export DATASTORE_EMULATOR_HOST=127.0.0.1:8080

Note: Support for Datastore Mode is in preview. If you encounter any bugs please file at https://github.com/firebase/firebase-tools/issues.
Dev App Server is now running.

 {"metadata":{"emulator":{"name":"firestore"},"message":"\nIf you are using a library that supports the FIRESTORE_EMULATOR_HOST environment variable, run:\n\n   export FIRESTORE_EMULATOR_HOST=127.0.0.1:8080\n\nIf you are running a Firestore in Datastore Mode project, run:\n\n   export DATASTORE_EMULATOR_HOST=127.0.0.1:8080\n\nNote: Support for Datastore Mode is in preview. If you encounter any bugs please file at https://github.com/firebase/firebase-tools/issues.\nDev App Server is now running.\n\n"}}
[info] ✔  firestore: Firestore Emulator UI websocket is running on 9150. {"metadata":{"emulator":{"name":"firestore"},"message":"Firestore Emulator UI websocket is running on 9150."}}
[info] i  auth: Importing config from /Users/tcjr/dev/tcjr/life-track/packages/emulators/firebase-dev-data/auth_export/config.json {"metadata":{"emulator":{"name":"auth"},"message":"Importing config from /Users/tcjr/dev/tcjr/life-track/packages/emulators/firebase-dev-data/auth_export/config.json"}}
[info] i  auth: Importing accounts from /Users/tcjr/dev/tcjr/life-track/packages/emulators/firebase-dev-data/auth_export/accounts.json {"metadata":{"emulator":{"name":"auth"},"message":"Importing accounts from /Users/tcjr/dev/tcjr/life-track/packages/emulators/firebase-dev-data/auth_export/accounts.json"}}
[debug] [2026-02-22T03:22:05.723Z] Could not find VSCode notification endpoint: FetchError: request to http://localhost:40001/vscode/notify failed, reason: . If you are not running the Firebase Data Connect VSCode extension, this is expected and not an issue.
[info] 
┌─────────────────────────────────────────────────────────────┐
│ ✔  All emulators ready! It is now safe to connect your app. │
│ i  View Emulator UI at http://127.0.0.1:4000/               │
└─────────────────────────────────────────────────────────────┘

┌────────────────┬────────────────┬─────────────────────────────────┐
│ Emulator       │ Host:Port      │ View in Emulator UI             │
├────────────────┼────────────────┼─────────────────────────────────┤
│ Authentication │ 127.0.0.1:9099 │ http://127.0.0.1:4000/auth      │
├────────────────┼────────────────┼─────────────────────────────────┤
│ Firestore      │ 127.0.0.1:8080 │ http://127.0.0.1:4000/firestore │
└────────────────┴────────────────┴─────────────────────────────────┘
  Emulator Hub host: 127.0.0.1 port: 4400
  Other reserved ports: 4500, 9150

Issues? Report them at https://github.com/firebase/firebase-tools/issues and attach the *-debug.log files.
 
[debug] [2026-02-22T03:22:22.764Z] Feb 21, 2026 9:22:22 PM io.gapi.emulators.netty.HttpVersionRoutingHandler channelRead
INFO: Detected non-HTTP/2 connection.
 {"metadata":{"emulator":{"name":"firestore"},"message":"Feb 21, 2026 9:22:22 PM io.gapi.emulators.netty.HttpVersionRoutingHandler channelRead\nINFO: Detected non-HTTP/2 connection.\n"}}
[debug] [2026-02-22T03:22:24.256Z] Feb 21, 2026 9:22:24 PM io.gapi.emulators.netty.HttpVersionRoutingHandler channelRead
INFO: Detected non-HTTP/2 connection.
 {"metadata":{"emulator":{"name":"firestore"},"message":"Feb 21, 2026 9:22:24 PM io.gapi.emulators.netty.HttpVersionRoutingHandler channelRead\nINFO: Detected non-HTTP/2 connection.\n"}}
[debug] [2026-02-22T03:22:24.287Z] Feb 21, 2026 9:22:24 PM io.gapi.emulators.netty.HttpVersionRoutingHandler channelRead
INFO: Detected non-HTTP/2 connection.
 {"metadata":{"emulator":{"name":"firestore"},"message":"Feb 21, 2026 9:22:24 PM io.gapi.emulators.netty.HttpVersionRoutingHandler channelRead\nINFO: Detected non-HTTP/2 connection.\n"}}
[debug] [2026-02-22T03:22:26.105Z] Feb 21, 2026 9:22:26 PM io.gapi.emulators.netty.HttpVersionRoutingHandler channelRead
INFO: Detected non-HTTP/2 connection.
 {"metadata":{"emulator":{"name":"firestore"},"message":"Feb 21, 2026 9:22:26 PM io.gapi.emulators.netty.HttpVersionRoutingHandler channelRead\nINFO: Detected non-HTTP/2 connection.\n"}}
[debug] [2026-02-22T03:22:26.210Z] Feb 21, 2026 9:22:26 PM io.gapi.emulators.netty.HttpVersionRoutingHandler channelRead
INFO: Detected non-HTTP/2 connection.
 {"metadata":{"emulator":{"name":"firestore"},"message":"Feb 21, 2026 9:22:26 PM io.gapi.emulators.netty.HttpVersionRoutingHandler channelRead\nINFO: Detected non-HTTP/2 connection.\n"}}
[debug] [2026-02-22T03:22:26.230Z] Feb 21, 2026 9:22:26 PM io.gapi.emulators.netty.HttpVersionRoutingHandler channelRead
INFO: Detected non-HTTP/2 connection.
 {"metadata":{"emulator":{"name":"firestore"},"message":"Feb 21, 2026 9:22:26 PM io.gapi.emulators.netty.HttpVersionRoutingHandler channelRead\nINFO: Detected non-HTTP/2 connection.\n"}}
[debug] [2026-02-22T03:22:26.243Z] Feb 21, 2026 9:22:26 PM io.gapi.emulators.netty.HttpVersionRoutingHandler channelRead
INFO: Detected non-HTTP/2 connection.
 {"metadata":{"emulator":{"name":"firestore"},"message":"Feb 21, 2026 9:22:26 PM io.gapi.emulators.netty.HttpVersionRoutingHandler channelRead\nINFO: Detected non-HTTP/2 connection.\n"}}
[debug] [2026-02-22T03:22:35.899Z] Received signal SIGINT (Ctrl-C) 1
[info]  
[info] i  emulators: Received SIGINT (Ctrl-C) for the first time. Starting a clean shutdown. 
[info] i  emulators: Please wait for a clean shutdown or send the SIGINT (Ctrl-C) signal again to stop right now. 
[info] i  Automatically exporting data using --export-on-exit "./firebase-dev-data" please wait for the export to finish... 
[debug] [2026-02-22T03:22:35.903Z] Found emulator hub locator: {"version":"15.3.1","origins":["http://127.0.0.1:4400","http://[::1]:4400"],"pid":40956}
[debug] [2026-02-22T03:22:35.906Z] >>> [apiv2][query] GET http://127.0.0.1:4400/ [none]
[debug] [2026-02-22T03:22:35.908Z] Found emulator hub locator: {"version":"15.3.1","origins":["http://127.0.0.1:4400","http://[::1]:4400"],"pid":40956}
[debug] [2026-02-22T03:22:35.908Z] Delete emulator hub locator file: /var/folders/_d/3_dky5cs1h95dm39yvx6yhh80000gn/T/hub-life-track-77259.json
[debug] [2026-02-22T03:22:35.910Z] Ignoring signal SIGINT due to short delay of 11ms
[debug] [2026-02-22T03:22:35.910Z] Received signal SIGTERM 1
[info]  
[info] i  emulators: Received SIGTERM for the first time. Starting a clean shutdown. 
[info] i  emulators: Please wait for a clean shutdown or send the SIGTERM signal again to stop right now. 
[info] i  Automatically exporting data using --export-on-exit "./firebase-dev-data" please wait for the export to finish... 
[warn] ⚠  FirebaseError: Did not find any running emulators for project life-track-77259. 
[warn] ⚠  Automatic export to "./firebase-dev-data" failed, going to exit now... 
[info] i  emulators: Shutting down emulators. {"metadata":{"emulator":{"name":"hub"},"message":"Shutting down emulators."}}
[info] i  ui: Stopping Emulator UI {"metadata":{"emulator":{"name":"ui"},"message":"Stopping Emulator UI"}}
[info] i  firestore: Stopping Firestore Emulator {"metadata":{"emulator":{"name":"firestore"},"message":"Stopping Firestore Emulator"}}
[debug] [2026-02-22T03:22:35.920Z] *** shutting down gRPC server since JVM is shutting down
 {"metadata":{"emulator":{"name":"firestore"},"message":"*** shutting down gRPC server since JVM is shutting down\n"}}
[debug] [2026-02-22T03:22:35.922Z] <<< [apiv2][status] GET http://127.0.0.1:4400/ 200
[debug] [2026-02-22T03:22:35.922Z] <<< [apiv2][body] GET http://127.0.0.1:4400/ {"version":"15.3.1","origins":["http://127.0.0.1:4400","http://[::1]:4400"],"pid":40956,"host":"127.0.0.1","port":4400}
[info] i  Found running emulator hub for project life-track-77259 at http://127.0.0.1:4400 
[info] i  Exporting data to: /Users/tcjr/dev/tcjr/life-track/packages/emulators/firebase-dev-data 
[debug] [2026-02-22T03:22:35.924Z] >>> [apiv2][query] GET http://127.0.0.1:4400/ [none]
[debug] [2026-02-22T03:22:35.927Z] <<< [apiv2][status] GET http://127.0.0.1:4400/ 200
[debug] [2026-02-22T03:22:35.928Z] <<< [apiv2][body] GET http://127.0.0.1:4400/ {"version":"15.3.1","origins":["http://127.0.0.1:4400","http://[::1]:4400"],"pid":40956,"host":"127.0.0.1","port":4400}
[debug] [2026-02-22T03:22:35.928Z] >>> [apiv2][query] POST http://127.0.0.1:4400/_admin/export [none]
[debug] [2026-02-22T03:22:35.928Z] >>> [apiv2][body] POST http://127.0.0.1:4400/_admin/export {"path":"/Users/tcjr/dev/tcjr/life-track/packages/emulators/firebase-dev-data","initiatedBy":"exit"}
[info] i  emulators: Received export request. Exporting data to /Users/tcjr/dev/tcjr/life-track/packages/emulators/firebase-dev-data. 
[debug] [2026-02-22T03:22:35.937Z] >>> [apiv2][query] POST http://127.0.0.1:8080/emulator/v1/projects/life-track-77259:export [none]
[debug] [2026-02-22T03:22:35.937Z] >>> [apiv2][body] POST http://127.0.0.1:8080/emulator/v1/projects/life-track-77259:export {"database":"projects/life-track-77259/databases/(default)","export_directory":"firebase-export-177173055593136ewS0","export_name":"firestore_export"}
[debug] [2026-02-22T03:22:35.939Z] 260221 21:22:35.936:I 1 [main] [com.google.cloud.datastore.emulator.firestore.websocket.WebSocketServer.stop:80] Stopping WebSocket server...
*** server shut down
 {"metadata":{"emulator":{"name":"firestore"},"message":"260221 21:22:35.936:I 1 [main] [com.google.cloud.datastore.emulator.firestore.websocket.WebSocketServer.stop:80] Stopping WebSocket server...\n*** server shut down\n"}}
[debug] [2026-02-22T03:22:35.940Z] *** [apiv2] error from fetch(http://127.0.0.1:8080/emulator/v1/projects/life-track-77259:export, {"headers":{},"method":"POST","body":"{\"database\":\"projects/life-track-77259/databases/(default)\",\"export_directory\":\"firebase-export-177173055593136ewS0\",\"export_name\":\"firestore_export\"}"}): FetchError: request to http://127.0.0.1:8080/emulator/v1/projects/life-track-77259:export failed, reason: connect ECONNREFUSED 127.0.0.1:8080
[warn] ⚠  emulators: Export failed: Failed to make request to http://127.0.0.1:8080/emulator/v1/projects/life-track-77259:export 
[debug] [2026-02-22T03:22:35.943Z] <<< [apiv2][status] POST http://127.0.0.1:4400/_admin/export 500
[debug] [2026-02-22T03:22:35.944Z] <<< [apiv2][body] POST http://127.0.0.1:4400/_admin/export {"message":"Failed to make request to http://127.0.0.1:8080/emulator/v1/projects/life-track-77259:export"}
[warn] ⚠  FirebaseError: Export request failed, see emulator logs for more information. 
[warn] ⚠  Automatic export to "./firebase-dev-data" failed, going to exit now... 
[info] i  emulators: Shutting down emulators. {"metadata":{"emulator":{"name":"hub"},"message":"Shutting down emulators."}}
[info] i  firestore: Stopping Firestore Emulator {"metadata":{"emulator":{"name":"firestore"},"message":"Stopping Firestore Emulator"}}
[debug] [2026-02-22T03:22:36.008Z] Ignoring signal SIGTERM due to short delay of 98ms
[info] i  auth: Stopping Authentication Emulator {"metadata":{"emulator":{"name":"auth"},"message":"Stopping Authentication Emulator"}}
[info] i  auth: Stopping Authentication Emulator {"metadata":{"emulator":{"name":"auth"},"message":"Stopping Authentication Emulator"}}
[debug] [2026-02-22T03:22:36.310Z] Error: write EPIPE
    at afterWriteDispatched (node:internal/stream_base_commons:159:15)
    at writeGeneric (node:internal/stream_base_commons:150:3)
    at Socket._writeGeneric (node:net:966:11)
    at Socket._write (node:net:978:8)
    at writeOrBuffer (node:internal/streams/writable:572:12)
    at _write (node:internal/streams/writable:501:10)
    at Writable.write (node:internal/streams/writable:510:10)
    at Console.log (/Users/tcjr/Library/pnpm/global/5/.pnpm/winston@3.11.0/node_modules/winston/lib/winston/transports/console.js:79:23)
    at Console._write (/Users/tcjr/Library/pnpm/global/5/.pnpm/winston-transport@4.6.0/node_modules/winston-transport/index.js:103:17)
    at doWrite (/Users/tcjr/Library/pnpm/global/5/.pnpm/readable-stream@3.6.2/node_modules/readable-stream/lib/_stream_writable.js:390:139)
[error] 
[error] Error: An unexpected error has occurred.
[debug] [2026-02-22T03:22:36.311Z] Error: write EPIPE
    at afterWriteDispatched (node:internal/stream_base_commons:159:15)
    at writeGeneric (node:internal/stream_base_commons:150:3)
    at Socket._writeGeneric (node:net:966:11)
    at Socket._write (node:net:978:8)
    at writeOrBuffer (node:internal/streams/writable:572:12)
    at _write (node:internal/streams/writable:501:10)
    at Writable.write (node:internal/streams/writable:510:10)
    at Console.log (/Users/tcjr/Library/pnpm/global/5/.pnpm/winston@3.11.0/node_modules/winston/lib/winston/transports/console.js:79:23)
    at Console._write (/Users/tcjr/Library/pnpm/global/5/.pnpm/winston-transport@4.6.0/node_modules/winston-transport/index.js:103:17)
    at doWrite (/Users/tcjr/Library/pnpm/global/5/.pnpm/readable-stream@3.6.2/node_modules/readable-stream/lib/_stream_writable.js:390:139)
[error] 
[error] Error: An unexpected error has occurred.
[debug] [2026-02-22T03:22:36.312Z] Error: write EPIPE
    at afterWriteDispatched (node:internal/stream_base_commons:159:15)
    at writeGeneric (node:internal/stream_base_commons:150:3)
    at Socket._writeGeneric (node:net:966:11)
    at Socket._write (node:net:978:8)
    at writeOrBuffer (node:internal/streams/writable:572:12)
    at _write (node:internal/streams/writable:501:10)
    at Writable.write (node:internal/streams/writable:510:10)
    at Console.log (/Users/tcjr/Library/pnpm/global/5/.pnpm/winston@3.11.0/node_modules/winston/lib/winston/transports/console.js:79:23)
    at Console._write (/Users/tcjr/Library/pnpm/global/5/.pnpm/winston-transport@4.6.0/node_modules/winston-transport/index.js:103:17)
    at doWrite (/Users/tcjr/Library/pnpm/global/5/.pnpm/readable-stream@3.6.2/node_modules/readable-stream/lib/_stream_writable.js:390:139)
[error] 
[error] Error: An unexpected error has occurred.
[debug] [2026-02-22T03:22:36.312Z] Error: write EPIPE
    at afterWriteDispatched (node:internal/stream_base_commons:159:15)
    at writeGeneric (node:internal/stream_base_commons:150:3)
    at Socket._writeGeneric (node:net:966:11)
    at Socket._write (node:net:978:8)
    at writeOrBuffer (node:internal/streams/writable:572:12)
    at _write (node:internal/streams/writable:501:10)
    at Writable.write (node:internal/streams/writable:510:10)
    at Console.log (/Users/tcjr/Library/pnpm/global/5/.pnpm/winston@3.11.0/node_modules/winston/lib/winston/transports/console.js:79:23)
    at Console._write (/Users/tcjr/Library/pnpm/global/5/.pnpm/winston-transport@4.6.0/node_modules/winston-transport/index.js:103:17)
    at doWrite (/Users/tcjr/Library/pnpm/global/5/.pnpm/readable-stream@3.6.2/node_modules/readable-stream/lib/_stream_writable.js:390:139)
[error] 
[error] Error: An unexpected error has occurred.
[debug] [2026-02-22T03:22:36.313Z] Error: write EPIPE
    at afterWriteDispatched (node:internal/stream_base_commons:159:15)
    at writeGeneric (node:internal/stream_base_commons:150:3)
    at Socket._writeGeneric (node:net:966:11)
    at Socket._write (node:net:978:8)
    at writeOrBuffer (node:internal/streams/writable:572:12)
    at _write (node:internal/streams/writable:501:10)
    at Writable.write (node:internal/streams/writable:510:10)
    at Console.log (/Users/tcjr/Library/pnpm/global/5/.pnpm/winston@3.11.0/node_modules/winston/lib/winston/transports/console.js:79:23)
    at Console._write (/Users/tcjr/Library/pnpm/global/5/.pnpm/winston-transport@4.6.0/node_modules/winston-transport/index.js:103:17)
    at doWrite (/Users/tcjr/Library/pnpm/global/5/.pnpm/readable-stream@3.6.2/node_modules/readable-stream/lib/_stream_writable.js:390:139)
[error] 
[error] Error: An unexpected error has occurred.
[debug] [2026-02-22T03:22:36.313Z] Error: write EPIPE
    at afterWriteDispatched (node:internal/stream_base_commons:159:15)
    at writeGeneric (node:internal/stream_base_commons:150:3)
    at Socket._writeGeneric (node:net:966:11)
    at Socket._write (node:net:978:8)
    at writeOrBuffer (node:internal/streams/writable:572:12)
    at _write (node:internal/streams/writable:501:10)
    at Writable.write (node:internal/streams/writable:510:10)
    at Console.log (/Users/tcjr/Library/pnpm/global/5/.pnpm/winston@3.11.0/node_modules/winston/lib/winston/transports/console.js:79:23)
    at Console._write (/Users/tcjr/Library/pnpm/global/5/.pnpm/winston-transport@4.6.0/node_modules/winston-transport/index.js:103:17)
    at doWrite (/Users/tcjr/Library/pnpm/global/5/.pnpm/readable-stream@3.6.2/node_modules/readable-stream/lib/_stream_writable.js:390:139)
[error] 
[error] Error: An unexpected error has occurred.
[debug] [2026-02-22T03:22:36.313Z] Error: write EPIPE
    at afterWriteDispatched (node:internal/stream_base_commons:159:15)
    at writeGeneric (node:internal/stream_base_commons:150:3)
    at Socket._writeGeneric (node:net:966:11)
    at Socket._write (node:net:978:8)
    at writeOrBuffer (node:internal/streams/writable:572:12)
    at _write (node:internal/streams/writable:501:10)
    at Writable.write (node:internal/streams/writable:510:10)
    at Console.log (/Users/tcjr/Library/pnpm/global/5/.pnpm/winston@3.11.0/node_modules/winston/lib/winston/transports/console.js:79:23)
    at Console._write (/Users/tcjr/Library/pnpm/global/5/.pnpm/winston-transport@4.6.0/node_modules/winston-transport/index.js:103:17)
    at doWrite (/Users/tcjr/Library/pnpm/global/5/.pnpm/readable-stream@3.6.2/node_modules/readable-stream/lib/_stream_writable.js:390:139)
[error] 
[error] Error: An unexpected error has occurred.
[debug] [2026-02-22T03:22:36.314Z] Error: write EPIPE
    at afterWriteDispatched (node:internal/stream_base_commons:159:15)
    at writeGeneric (node:internal/stream_base_commons:150:3)
    at Socket._writeGeneric (node:net:966:11)
    at Socket._write (node:net:978:8)
    at writeOrBuffer (node:internal/streams/writable:572:12)
    at _write (node:internal/streams/writable:501:10)
    at Writable.write (node:internal/streams/writable:510:10)
    at Console.log (/Users/tcjr/Library/pnpm/global/5/.pnpm/winston@3.11.0/node_modules/winston/lib/winston/transports/console.js:79:23)
    at Console._write (/Users/tcjr/Library/pnpm/global/5/.pnpm/winston-transport@4.6.0/node_modules/winston-transport/index.js:103:17)
    at doWrite (/Users/tcjr/Library/pnpm/global/5/.pnpm/readable-stream@3.6.2/node_modules/readable-stream/lib/_stream_writable.js:390:139)
[error] 
[error] Error: An unexpected error has occurred.
[debug] [2026-02-22T03:22:36.314Z] Error: write EPIPE
    at afterWriteDispatched (node:internal/stream_base_commons:159:15)
    at writeGeneric (node:internal/stream_base_commons:150:3)
    at Socket._writeGeneric (node:net:966:11)
    at Socket._write (node:net:978:8)
    at writeOrBuffer (node:internal/streams/writable:572:12)
    at _write (node:internal/streams/writable:501:10)
    at Writable.write (node:internal/streams/writable:510:10)
    at Console.log (/Users/tcjr/Library/pnpm/global/5/.pnpm/winston@3.11.0/node_modules/winston/lib/winston/transports/console.js:79:23)
    at Console._write (/Users/tcjr/Library/pnpm/global/5/.pnpm/winston-transport@4.6.0/node_modules/winston-transport/index.js:103:17)
    at doWrite (/Users/tcjr/Library/pnpm/global/5/.pnpm/readable-stream@3.6.2/node_modules/readable-stream/lib/_stream_writable.js:390:139)
[error] 
[error] Error: An unexpected error has occurred.
[debug] [2026-02-22T03:22:36.315Z] Error: write EPIPE
    at afterWriteDispatched (node:internal/stream_base_commons:159:15)
    at writeGeneric (node:internal/stream_base_commons:150:3)
    at Socket._writeGeneric (node:net:966:11)
    at Socket._write (node:net:978:8)
    at writeOrBuffer (node:internal/streams/writable:572:12)
    at _write (node:internal/streams/writable:501:10)
    at Writable.write (node:internal/streams/writable:510:10)
    at Console.log (/Users/tcjr/Library/pnpm/global/5/.pnpm/winston@3.11.0/node_modules/winston/lib/winston/transports/console.js:79:23)
    at Console._write (/Users/tcjr/Library/pnpm/global/5/.pnpm/winston-transport@4.6.0/node_modules/winston-transport/index.js:103:17)
    at doWrite (/Users/tcjr/Library/pnpm/global/5/.pnpm/readable-stream@3.6.2/node_modules/readable-stream/lib/_stream_writable.js:390:139)
[error] 
[error] Error: An unexpected error has occurred.
[debug] [2026-02-22T03:22:36.315Z] Error: write EPIPE
    at afterWriteDispatched (node:internal/stream_base_commons:159:15)
    at writeGeneric (node:internal/stream_base_commons:150:3)
    at Socket._writeGeneric (node:net:966:11)
    at Socket._write (node:net:978:8)
    at writeOrBuffer (node:internal/streams/writable:572:12)
    at _write (node:internal/streams/writable:501:10)
    at Writable.write (node:internal/streams/writable:510:10)
    at Console.log (/Users/tcjr/Library/pnpm/global/5/.pnpm/winston@3.11.0/node_modules/winston/lib/winston/transports/console.js:79:23)
    at Console._write (/Users/tcjr/Library/pnpm/global/5/.pnpm/winston-transport@4.6.0/node_modules/winston-transport/index.js:103:17)
    at doWrite (/Users/tcjr/Library/pnpm/global/5/.pnpm/readable-stream@3.6.2/node_modules/readable-stream/lib/_stream_writable.js:390:139)
[error] 
[error] Error: An unexpected error has occurred.
[debug] [2026-02-22T03:22:36.316Z] Error: write EPIPE
    at afterWriteDispatched (node:internal/stream_base_commons:159:15)
    at writeGeneric (node:internal/stream_base_commons:150:3)
    at Socket._writeGeneric (node:net:966:11)
    at Socket._write (node:net:978:8)
    at writeOrBuffer (node:internal/streams/writable:572:12)
    at _write (node:internal/streams/writable:501:10)
    at Writable.write (node:internal/streams/writable:510:10)
    at Console.log (/Users/tcjr/Library/pnpm/global/5/.pnpm/winston@3.11.0/node_modules/winston/lib/winston/transports/console.js:79:23)
    at Console._write (/Users/tcjr/Library/pnpm/global/5/.pnpm/winston-transport@4.6.0/node_modules/winston-transport/index.js:103:17)
    at doWrite (/Users/tcjr/Library/pnpm/global/5/.pnpm/readable-stream@3.6.2/node_modules/readable-stream/lib/_stream_writable.js:390:139)
[error] 
[error] Error: An unexpected error has occurred.
[debug] [2026-02-22T03:22:36.316Z] Error: write EPIPE
    at afterWriteDispatched (node:internal/stream_base_commons:159:15)
    at writeGeneric (node:internal/stream_base_commons:150:3)
    at Socket._writeGeneric (node:net:966:11)
    at Socket._write (node:net:978:8)
    at writeOrBuffer (node:internal/streams/writable:572:12)
    at _write (node:internal/streams/writable:501:10)
    at Writable.write (node:internal/streams/writable:510:10)
    at Console.log (/Users/tcjr/Library/pnpm/global/5/.pnpm/winston@3.11.0/node_modules/winston/lib/winston/transports/console.js:79:23)
    at Console._write (/Users/tcjr/Library/pnpm/global/5/.pnpm/winston-transport@4.6.0/node_modules/winston-transport/index.js:103:17)
    at doWrite (/Users/tcjr/Library/pnpm/global/5/.pnpm/readable-stream@3.6.2/node_modules/readable-stream/lib/_stream_writable.js:390:139)
[error] 
[error] Error: An unexpected error has occurred.
[debug] [2026-02-22T03:22:36.316Z] Error: write EPIPE
    at afterWriteDispatched (node:internal/stream_base_commons:159:15)
    at writeGeneric (node:internal/stream_base_commons:150:3)
    at Socket._writeGeneric (node:net:966:11)
    at Socket._write (node:net:978:8)
    at writeOrBuffer (node:internal/streams/writable:572:12)
    at _write (node:internal/streams/writable:501:10)
    at Writable.write (node:internal/streams/writable:510:10)
    at Console.log (/Users/tcjr/Library/pnpm/global/5/.pnpm/winston@3.11.0/node_modules/winston/lib/winston/transports/console.js:79:23)
    at Console._write (/Users/tcjr/Library/pnpm/global/5/.pnpm/winston-transport@4.6.0/node_modules/winston-transport/index.js:103:17)
    at doWrite (/Users/tcjr/Library/pnpm/global/5/.pnpm/readable-stream@3.6.2/node_modules/readable-stream/lib/_stream_writable.js:390:139)
[error] 
[error] Error: An unexpected error has occurred.
[debug] [2026-02-22T03:22:36.317Z] Error: write EPIPE
    at afterWriteDispatched (node:internal/stream_base_commons:159:15)
    at writeGeneric (node:internal/stream_base_commons:150:3)
    at Socket._writeGeneric (node:net:966:11)
    at Socket._write (node:net:978:8)
    at writeOrBuffer (node:internal/streams/writable:572:12)
    at _write (node:internal/streams/writable:501:10)
    at Writable.write (node:internal/streams/writable:510:10)
    at Console.log (/Users/tcjr/Library/pnpm/global/5/.pnpm/winston@3.11.0/node_modules/winston/lib/winston/transports/console.js:79:23)
    at Console._write (/Users/tcjr/Library/pnpm/global/5/.pnpm/winston-transport@4.6.0/node_modules/winston-transport/index.js:103:17)
    at doWrite (/Users/tcjr/Library/pnpm/global/5/.pnpm/readable-stream@3.6.2/node_modules/readable-stream/lib/_stream_writable.js:390:139)
[error] 
[error] Error: An unexpected error has occurred.
[debug] [2026-02-22T03:22:36.318Z] Error: write EPIPE
    at afterWriteDispatched (node:internal/stream_base_commons:159:15)
    at writeGeneric (node:internal/stream_base_commons:150:3)
    at Socket._writeGeneric (node:net:966:11)
    at Socket._write (node:net:978:8)
    at writeOrBuffer (node:internal/streams/writable:572:12)
    at _write (node:internal/streams/writable:501:10)
    at Writable.write (node:internal/streams/writable:510:10)
    at Console.log (/Users/tcjr/Library/pnpm/global/5/.pnpm/winston@3.11.0/node_modules/winston/lib/winston/transports/console.js:79:23)
    at Console._write (/Users/tcjr/Library/pnpm/global/5/.pnpm/winston-transport@4.6.0/node_modules/winston-transport/index.js:103:17)
    at doWrite (/Users/tcjr/Library/pnpm/global/5/.pnpm/readable-stream@3.6.2/node_modules/readable-stream/lib/_stream_writable.js:390:139)
[error] 
[error] Error: An unexpected error has occurred.
[debug] [2026-02-22T03:22:36.318Z] Error: write EPIPE
    at afterWriteDispatched (node:internal/stream_base_commons:159:15)
    at writeGeneric (node:internal/stream_base_commons:150:3)
    at Socket._writeGeneric (node:net:966:11)
    at Socket._write (node:net:978:8)
    at writeOrBuffer (node:internal/streams/writable:572:12)
    at _write (node:internal/streams/writable:501:10)
    at Writable.write (node:internal/streams/writable:510:10)
    at Console.log (/Users/tcjr/Library/pnpm/global/5/.pnpm/winston@3.11.0/node_modules/winston/lib/winston/transports/console.js:79:23)
    at Console._write (/Users/tcjr/Library/pnpm/global/5/.pnpm/winston-transport@4.6.0/node_modules/winston-transport/index.js:103:17)
    at doWrite (/Users/tcjr/Library/pnpm/global/5/.pnpm/readable-stream@3.6.2/node_modules/readable-stream/lib/_stream_writable.js:390:139)
[error] 
[error] Error: An unexpected error has occurred.
[debug] [2026-02-22T03:22:36.319Z] Error: write EPIPE
    at afterWriteDispatched (node:internal/stream_base_commons:159:15)
    at writeGeneric (node:internal/stream_base_commons:150:3)
    at Socket._writeGeneric (node:net:966:11)
    at Socket._write (node:net:978:8)
    at writeOrBuffer (node:internal/streams/writable:572:12)
    at _write (node:internal/streams/writable:501:10)
    at Writable.write (node:internal/streams/writable:510:10)
    at Console.log (/Users/tcjr/Library/pnpm/global/5/.pnpm/winston@3.11.0/node_modules/winston/lib/winston/transports/console.js:79:23)
    at Console._write (/Users/tcjr/Library/pnpm/global/5/.pnpm/winston-transport@4.6.0/node_modules/winston-transport/index.js:103:17)
    at doWrite (/Users/tcjr/Library/pnpm/global/5/.pnpm/readable-stream@3.6.2/node_modules/readable-stream/lib/_stream_writable.js:390:139)
[error] 
[error] Error: An unexpected error has occurred.
[debug] [2026-02-22T03:22:36.319Z] Error: write EPIPE
    at afterWriteDispatched (node:internal/stream_base_commons:159:15)
    at writeGeneric (node:internal/stream_base_commons:150:3)
    at Socket._writeGeneric (node:net:966:11)
    at Socket._write (node:net:978:8)
    at writeOrBuffer (node:internal/streams/writable:572:12)
    at _write (node:internal/streams/writable:501:10)
    at Writable.write (node:internal/streams/writable:510:10)
    at Console.log (/Users/tcjr/Library/pnpm/global/5/.pnpm/winston@3.11.0/node_modules/winston/lib/winston/transports/console.js:79:23)
    at Console._write (/Users/tcjr/Library/pnpm/global/5/.pnpm/winston-transport@4.6.0/node_modules/winston-transport/index.js:103:17)
    at doWrite (/Users/tcjr/Library/pnpm/global/5/.pnpm/readable-stream@3.6.2/node_modules/readable-stream/lib/_stream_writable.js:390:139)
[error] 
[error] Error: An unexpected error has occurred.
[debug] [2026-02-22T03:22:36.319Z] Error: write EPIPE
    at afterWriteDispatched (node:internal/stream_base_commons:159:15)
    at writeGeneric (node:internal/stream_base_commons:150:3)
    at Socket._writeGeneric (node:net:966:11)
    at Socket._write (node:net:978:8)
    at writeOrBuffer (node:internal/streams/writable:572:12)
    at _write (node:internal/streams/writable:501:10)
    at Writable.write (node:internal/streams/writable:510:10)
    at Console.log (/Users/tcjr/Library/pnpm/global/5/.pnpm/winston@3.11.0/node_modules/winston/lib/winston/transports/console.js:79:23)
    at Console._write (/Users/tcjr/Library/pnpm/global/5/.pnpm/winston-transport@4.6.0/node_modules/winston-transport/index.js:103:17)
    at doWrite (/Users/tcjr/Library/pnpm/global/5/.pnpm/readable-stream@3.6.2/node_modules/readable-stream/lib/_stream_writable.js:390:139)
[error] 
[error] Error: An unexpected error has occurred.
[debug] [2026-02-22T03:22:36.319Z] Error: write EPIPE
    at afterWriteDispatched (node:internal/stream_base_commons:159:15)
    at writeGeneric (node:internal/stream_base_commons:150:3)
    at Socket._writeGeneric (node:net:966:11)
    at Socket._write (node:net:978:8)
    at writeOrBuffer (node:internal/streams/writable:572:12)
    at _write (node:internal/streams/writable:501:10)
    at Writable.write (node:internal/streams/writable:510:10)
    at Console.log (/Users/tcjr/Library/pnpm/global/5/.pnpm/winston@3.11.0/node_modules/winston/lib/winston/transports/console.js:79:23)
    at Console._write (/Users/tcjr/Library/pnpm/global/5/.pnpm/winston-transport@4.6.0/node_modules/winston-transport/index.js:103:17)
    at doWrite (/Users/tcjr/Library/pnpm/global/5/.pnpm/readable-stream@3.6.2/node_modules/readable-stream/lib/_stream_writable.js:390:139)
[error] 
[error] Error: An unexpected error has occurred.
[debug] [2026-02-22T03:22:36.320Z] Error: write EPIPE
    at afterWriteDispatched (node:internal/stream_base_commons:159:15)
    at writeGeneric (node:internal/stream_base_commons:150:3)
    at Socket._writeGeneric (node:net:966:11)
    at Socket._write (node:net:978:8)
    at writeOrBuffer (node:internal/streams/writable:572:12)
    at _write (node:internal/streams/writable:501:10)
    at Writable.write (node:internal/streams/writable:510:10)
    at Console.log (/Users/tcjr/Library/pnpm/global/5/.pnpm/winston@3.11.0/node_modules/winston/lib/winston/transports/console.js:79:23)
    at Console._write (/Users/tcjr/Library/pnpm/global/5/.pnpm/winston-transport@4.6.0/node_modules/winston-transport/index.js:103:17)
    at doWrite (/Users/tcjr/Library/pnpm/global/5/.pnpm/readable-stream@3.6.2/node_modules/readable-stream/lib/_stream_writable.js:390:139)
[error] 
[error] Error: An unexpected error has occurred.
[debug] [2026-02-22T03:22:36.320Z] Error: write EPIPE
    at afterWriteDispatched (node:internal/stream_base_commons:159:15)
    at writeGeneric (node:internal/stream_base_commons:150:3)
    at Socket._writeGeneric (node:net:966:11)
    at Socket._write (node:net:978:8)
    at writeOrBuffer (node:internal/streams/writable:572:12)
    at _write (node:internal/streams/writable:501:10)
    at Writable.write (node:internal/streams/writable:510:10)
    at Console.log (/Users/tcjr/Library/pnpm/global/5/.pnpm/winston@3.11.0/node_modules/winston/lib/winston/transports/console.js:79:23)
    at Console._write (/Users/tcjr/Library/pnpm/global/5/.pnpm/winston-transport@4.6.0/node_modules/winston-transport/index.js:103:17)
    at doWrite (/Users/tcjr/Library/pnpm/global/5/.pnpm/readable-stream@3.6.2/node_modules/readable-stream/lib/_stream_writable.js:390:139)
[error] 
[error] Error: An unexpected error has occurred.
[debug] [2026-02-22T03:22:36.320Z] Error: write EPIPE
    at afterWriteDispatched (node:internal/stream_base_commons:159:15)
    at writeGeneric (node:internal/stream_base_commons:150:3)
    at Socket._writeGeneric (node:net:966:11)
    at Socket._write (node:net:978:8)
    at writeOrBuffer (node:internal/streams/writable:572:12)
    at _write (node:internal/streams/writable:501:10)
    at Writable.write (node:internal/streams/writable:510:10)
    at Console.log (/Users/tcjr/Library/pnpm/global/5/.pnpm/winston@3.11.0/node_modules/winston/lib/winston/transports/console.js:79:23)
    at Console._write (/Users/tcjr/Library/pnpm/global/5/.pnpm/winston-transport@4.6.0/node_modules/winston-transport/index.js:103:17)
    at doWrite (/Users/tcjr/Library/pnpm/global/5/.pnpm/readable-stream@3.6.2/node_modules/readable-stream/lib/_stream_writable.js:390:139)
[error] 
[error] Error: An unexpected error has occurred.
[debug] [2026-02-22T03:22:36.321Z] Error: write EPIPE
    at afterWriteDispatched (node:internal/stream_base_commons:159:15)
    at writeGeneric (node:internal/stream_base_commons:150:3)
    at Socket._writeGeneric (node:net:966:11)
    at Socket._write (node:net:978:8)
    at writeOrBuffer (node:internal/streams/writable:572:12)
    at _write (node:internal/streams/writable:501:10)
    at Writable.write (node:internal/streams/writable:510:10)
    at Console.log (/Users/tcjr/Library/pnpm/global/5/.pnpm/winston@3.11.0/node_modules/winston/lib/winston/transports/console.js:79:23)
    at Console._write (/Users/tcjr/Library/pnpm/global/5/.pnpm/winston-transport@4.6.0/node_modules/winston-transport/index.js:103:17)
    at doWrite (/Users/tcjr/Library/pnpm/global/5/.pnpm/readable-stream@3.6.2/node_modules/readable-stream/lib/_stream_writable.js:390:139)
[error] 
[error] Error: An unexpected error has occurred.
[debug] [2026-02-22T03:22:36.321Z] Error: write EPIPE
    at afterWriteDispatched (node:internal/stream_base_commons:159:15)
    at writeGeneric (node:internal/stream_base_commons:150:3)
    at Socket._writeGeneric (node:net:966:11)
    at Socket._write (node:net:978:8)
    at writeOrBuffer (node:internal/streams/writable:572:12)
    at _write (node:internal/streams/writable:501:10)
    at Writable.write (node:internal/streams/writable:510:10)
    at Console.log (/Users/tcjr/Library/pnpm/global/5/.pnpm/winston@3.11.0/node_modules/winston/lib/winston/transports/console.js:79:23)
    at Console._write (/Users/tcjr/Library/pnpm/global/5/.pnpm/winston-transport@4.6.0/node_modules/winston-transport/index.js:103:17)
    at doWrite (/Users/tcjr/Library/pnpm/global/5/.pnpm/readable-stream@3.6.2/node_modules/readable-stream/lib/_stream_writable.js:390:139)
[error] 
[error] Error: An unexpected error has occurred.
[debug] [2026-02-22T03:22:36.321Z] Error: write EPIPE
    at afterWriteDispatched (node:internal/stream_base_commons:159:15)
    at writeGeneric (node:internal/stream_base_commons:150:3)
    at Socket._writeGeneric (node:net:966:11)
    at Socket._write (node:net:978:8)
    at writeOrBuffer (node:internal/streams/writable:572:12)
    at _write (node:internal/streams/writable:501:10)
    at Writable.write (node:internal/streams/writable:510:10)
    at Console.log (/Users/tcjr/Library/pnpm/global/5/.pnpm/winston@3.11.0/node_modules/winston/lib/winston/transports/console.js:79:23)
    at Console._write (/Users/tcjr/Library/pnpm/global/5/.pnpm/winston-transport@4.6.0/node_modules/winston-transport/index.js:103:17)
    at doWrite (/Users/tcjr/Library/pnpm/global/5/.pnpm/readable-stream@3.6.2/node_modules/readable-stream/lib/_stream_writable.js:390:139)
[error] 
[error] Error: An unexpected error has occurred.
[debug] [2026-02-22T03:22:36.322Z] Error: write EPIPE
    at afterWriteDispatched (node:internal/stream_base_commons:159:15)
    at writeGeneric (node:internal/stream_base_commons:150:3)
    at Socket._writeGeneric (node:net:966:11)
    at Socket._write (node:net:978:8)
    at writeOrBuffer (node:internal/streams/writable:572:12)
    at _write (node:internal/streams/writable:501:10)
    at Writable.write (node:internal/streams/writable:510:10)
    at Console.log (/Users/tcjr/Library/pnpm/global/5/.pnpm/winston@3.11.0/node_modules/winston/lib/winston/transports/console.js:79:23)
    at Console._write (/Users/tcjr/Library/pnpm/global/5/.pnpm/winston-transport@4.6.0/node_modules/winston-transport/index.js:103:17)
    at doWrite (/Users/tcjr/Library/pnpm/global/5/.pnpm/readable-stream@3.6.2/node_modules/readable-stream/lib/_stream_writable.js:390:139)
[error] 
[error] Error: An unexpected error has occurred.
[debug] [2026-02-22T03:22:36.322Z] Error: write EPIPE
    at afterWriteDispatched (node:internal/stream_base_commons:159:15)
    at writeGeneric (node:internal/stream_base_commons:150:3)
    at Socket._writeGeneric (node:net:966:11)
    at Socket._write (node:net:978:8)
    at writeOrBuffer (node:internal/streams/writable:572:12)
    at _write (node:internal/streams/writable:501:10)
    at Writable.write (node:internal/streams/writable:510:10)
    at Console.log (/Users/tcjr/Library/pnpm/global/5/.pnpm/winston@3.11.0/node_modules/winston/lib/winston/transports/console.js:79:23)
    at Console._write (/Users/tcjr/Library/pnpm/global/5/.pnpm/winston-transport@4.6.0/node_modules/winston-transport/index.js:103:17)
    at doWrite (/Users/tcjr/Library/pnpm/global/5/.pnpm/readable-stream@3.6.2/node_modules/readable-stream/lib/_stream_writable.js:390:139)
[error] 
[error] Error: An unexpected error has occurred.
[debug] [2026-02-22T03:22:36.322Z] Error: write EPIPE
    at afterWriteDispatched (node:internal/stream_base_commons:159:15)
    at writeGeneric (node:internal/stream_base_commons:150:3)
    at Socket._writeGeneric (node:net:966:11)
    at Socket._write (node:net:978:8)
    at writeOrBuffer (node:internal/streams/writable:572:12)
    at _write (node:internal/streams/writable:501:10)
    at Writable.write (node:internal/streams/writable:510:10)
    at Console.log (/Users/tcjr/Library/pnpm/global/5/.pnpm/winston@3.11.0/node_modules/winston/lib/winston/transports/console.js:79:23)
    at Console._write (/Users/tcjr/Library/pnpm/global/5/.pnpm/winston-transport@4.6.0/node_modules/winston-transport/index.js:103:17)
    at doWrite (/Users/tcjr/Library/pnpm/global/5/.pnpm/readable-stream@3.6.2/node_modules/readable-stream/lib/_stream_writable.js:390:139)
[error] 
[error] Error: An unexpected error has occurred.
[debug] [2026-02-22T03:22:36.323Z] Error: write EPIPE
    at afterWriteDispatched (node:internal/stream_base_commons:159:15)
    at writeGeneric (node:internal/stream_base_commons:150:3)
    at Socket._writeGeneric (node:net:966:11)
    at Socket._write (node:net:978:8)
    at writeOrBuffer (node:internal/streams/writable:572:12)
    at _write (node:internal/streams/writable:501:10)
    at Writable.write (node:internal/streams/writable:510:10)
    at Console.log (/Users/tcjr/Library/pnpm/global/5/.pnpm/winston@3.11.0/node_modules/winston/lib/winston/transports/console.js:79:23)
    at Console._write (/Users/tcjr/Library/pnpm/global/5/.pnpm/winston-transport@4.6.0/node_modules/winston-transport/index.js:103:17)
    at doWrite (/Users/tcjr/Library/pnpm/global/5/.pnpm/readable-stream@3.6.2/node_modules/readable-stream/lib/_stream_writable.js:390:139)
[error] 
[error] Error: An unexpected error has occurred.
[debug] [2026-02-22T03:22:36.323Z] Error: write EPIPE
    at afterWriteDispatched (node:internal/stream_base_commons:159:15)
    at writeGeneric (node:internal/stream_base_commons:150:3)
    at Socket._writeGeneric (node:net:966:11)
    at Socket._write (node:net:978:8)
    at writeOrBuffer (node:internal/streams/writable:572:12)
    at _write (node:internal/streams/writable:501:10)
    at Writable.write (node:internal/streams/writable:510:10)
    at Console.log (/Users/tcjr/Library/pnpm/global/5/.pnpm/winston@3.11.0/node_modules/winston/lib/winston/transports/console.js:79:23)
    at Console._write (/Users/tcjr/Library/pnpm/global/5/.pnpm/winston-transport@4.6.0/node_modules/winston-transport/index.js:103:17)
    at doWrite (/Users/tcjr/Library/pnpm/global/5/.pnpm/readable-stream@3.6.2/node_modules/readable-stream/lib/_stream_writable.js:390:139)
[error] 
[error] Error: An unexpected error has occurred.
[debug] [2026-02-22T03:22:36.323Z] Error: write EPIPE
    at afterWriteDispatched (node:internal/stream_base_commons:159:15)
    at writeGeneric (node:internal/stream_base_commons:150:3)
    at Socket._writeGeneric (node:net:966:11)
    at Socket._write (node:net:978:8)
    at writeOrBuffer (node:internal/streams/writable:572:12)
    at _write (node:internal/streams/writable:501:10)
    at Writable.write (node:internal/streams/writable:510:10)
    at Console.log (/Users/tcjr/Library/pnpm/global/5/.pnpm/winston@3.11.0/node_modules/winston/lib/winston/transports/console.js:79:23)
    at Console._write (/Users/tcjr/Library/pnpm/global/5/.pnpm/winston-transport@4.6.0/node_modules/winston-transport/index.js:103:17)
    at doWrite (/Users/tcjr/Library/pnpm/global/5/.pnpm/readable-stream@3.6.2/node_modules/readable-stream/lib/_stream_writable.js:390:139)
[error] 
[error] Error: An unexpected error has occurred.
[debug] [2026-02-22T03:22:36.323Z] Error: write EPIPE
    at afterWriteDispatched (node:internal/stream_base_commons:159:15)
    at writeGeneric (node:internal/stream_base_commons:150:3)
    at Socket._writeGeneric (node:net:966:11)
    at Socket._write (node:net:978:8)
    at writeOrBuffer (node:internal/streams/writable:572:12)
    at _write (node:internal/streams/writable:501:10)
    at Writable.write (node:internal/streams/writable:510:10)
    at Console.log (/Users/tcjr/Library/pnpm/global/5/.pnpm/winston@3.11.0/node_modules/winston/lib/winston/transports/console.js:79:23)
    at Console._write (/Users/tcjr/Library/pnpm/global/5/.pnpm/winston-transport@4.6.0/node_modules/winston-transport/index.js:103:17)
    at doWrite (/Users/tcjr/Library/pnpm/global/5/.pnpm/readable-stream@3.6.2/node_modules/readable-stream/lib/_stream_writable.js:390:139)
[error] 
[error] Error: An unexpected error has occurred.
[debug] [2026-02-22T03:22:36.324Z] Error: write EPIPE
    at afterWriteDispatched (node:internal/stream_base_commons:159:15)
    at writeGeneric (node:internal/stream_base_commons:150:3)
    at Socket._writeGeneric (node:net:966:11)
    at Socket._write (node:net:978:8)
    at writeOrBuffer (node:internal/streams/writable:572:12)
    at _write (node:internal/streams/writable:501:10)
    at Writable.write (node:internal/streams/writable:510:10)
    at Console.log (/Users/tcjr/Library/pnpm/global/5/.pnpm/winston@3.11.0/node_modules/winston/lib/winston/transports/console.js:79:23)
    at Console._write (/Users/tcjr/Library/pnpm/global/5/.pnpm/winston-transport@4.6.0/node_modules/winston-transport/index.js:103:17)
    at doWrite (/Users/tcjr/Library/pnpm/global/5/.pnpm/readable-stream@3.6.2/node_modules/readable-stream/lib/_stream_writable.js:390:139)
[error] 
[error] Error: An unexpected error has occurred.
[debug] [2026-02-22T03:22:36.324Z] Error: write EPIPE
    at afterWriteDispatched (node:internal/stream_base_commons:159:15)
    at writeGeneric (node:internal/stream_base_commons:150:3)
    at Socket._writeGeneric (node:net:966:11)
    at Socket._write (node:net:978:8)
    at writeOrBuffer (node:internal/streams/writable:572:12)
    at _write (node:internal/streams/writable:501:10)
    at Writable.write (node:internal/streams/writable:510:10)
    at Console.log (/Users/tcjr/Library/pnpm/global/5/.pnpm/winston@3.11.0/node_modules/winston/lib/winston/transports/console.js:79:23)
    at Console._write (/Users/tcjr/Library/pnpm/global/5/.pnpm/winston-transport@4.6.0/node_modules/winston-transport/index.js:103:17)
    at doWrite (/Users/tcjr/Library/pnpm/global/5/.pnpm/readable-stream@3.6.2/node_modules/readable-stream/lib/_stream_writable.js:390:139)
[error] 
[error] Error: An unexpected error has occurred.
[debug] [2026-02-22T03:22:36.324Z] Error: write EPIPE
    at afterWriteDispatched (node:internal/stream_base_commons:159:15)
    at writeGeneric (node:internal/stream_base_commons:150:3)
    at Socket._writeGeneric (node:net:966:11)
    at Socket._write (node:net:978:8)
    at writeOrBuffer (node:internal/streams/writable:572:12)
    at _write (node:internal/streams/writable:501:10)
    at Writable.write (node:internal/streams/writable:510:10)
    at Console.log (/Users/tcjr/Library/pnpm/global/5/.pnpm/winston@3.11.0/node_modules/winston/lib/winston/transports/console.js:79:23)
    at Console._write (/Users/tcjr/Library/pnpm/global/5/.pnpm/winston-transport@4.6.0/node_modules/winston-transport/index.js:103:17)
    at doWrite (/Users/tcjr/Library/pnpm/global/5/.pnpm/readable-stream@3.6.2/node_modules/readable-stream/lib/_stream_writable.js:390:139)
[error] 
[error] Error: An unexpected error has occurred.
[debug] [2026-02-22T03:22:36.325Z] Error: write EPIPE
    at afterWriteDispatched (node:internal/stream_base_commons:159:15)
    at writeGeneric (node:internal/stream_base_commons:150:3)
    at Socket._writeGeneric (node:net:966:11)
    at Socket._write (node:net:978:8)
    at writeOrBuffer (node:internal/streams/writable:572:12)
    at _write (node:internal/streams/writable:501:10)
    at Writable.write (node:internal/streams/writable:510:10)
    at Console.log (/Users/tcjr/Library/pnpm/global/5/.pnpm/winston@3.11.0/node_modules/winston/lib/winston/transports/console.js:79:23)
    at Console._write (/Users/tcjr/Library/pnpm/global/5/.pnpm/winston-transport@4.6.0/node_modules/winston-transport/index.js:103:17)
    at doWrite (/Users/tcjr/Library/pnpm/global/5/.pnpm/readable-stream@3.6.2/node_modules/readable-stream/lib/_stream_writable.js:390:139)
[error] 
[error] Error: An unexpected error has occurred.
[debug] [2026-02-22T03:22:36.325Z] Error: write EPIPE
    at afterWriteDispatched (node:internal/stream_base_commons:159:15)
    at writeGeneric (node:internal/stream_base_commons:150:3)
    at Socket._writeGeneric (node:net:966:11)
    at Socket._write (node:net:978:8)
    at writeOrBuffer (node:internal/streams/writable:572:12)
    at _write (node:internal/streams/writable:501:10)
    at Writable.write (node:internal/streams/writable:510:10)
    at Console.log (/Users/tcjr/Library/pnpm/global/5/.pnpm/winston@3.11.0/node_modules/winston/lib/winston/transports/console.js:79:23)
    at Console._write (/Users/tcjr/Library/pnpm/global/5/.pnpm/winston-transport@4.6.0/node_modules/winston-transport/index.js:103:17)
    at doWrite (/Users/tcjr/Library/pnpm/global/5/.pnpm/readable-stream@3.6.2/node_modules/readable-stream/lib/_stream_writable.js:390:139)
[error] 
[error] Error: An unexpected error has occurred.
[debug] [2026-02-22T03:22:36.326Z] Error: write EPIPE
    at afterWriteDispatched (node:internal/stream_base_commons:159:15)
    at writeGeneric (node:internal/stream_base_commons:150:3)
    at Socket._writeGeneric (node:net:966:11)
    at Socket._write (node:net:978:8)
    at writeOrBuffer (node:internal/streams/writable:572:12)
    at _write (node:internal/streams/writable:501:10)
    at Writable.write (node:internal/streams/writable:510:10)
    at Console.log (/Users/tcjr/Library/pnpm/global/5/.pnpm/winston@3.11.0/node_modules/winston/lib/winston/transports/console.js:79:23)
    at Console._write (/Users/tcjr/Library/pnpm/global/5/.pnpm/winston-transport@4.6.0/node_modules/winston-transport/index.js:103:17)
    at doWrite (/Users/tcjr/Library/pnpm/global/5/.pnpm/readable-stream@3.6.2/node_modules/readable-stream/lib/_stream_writable.js:390:139)
[error] 
[error] Error: An unexpected error has occurred.
[debug] [2026-02-22T03:22:36.326Z] Error: write EPIPE
    at afterWriteDispatched (node:internal/stream_base_commons:159:15)
    at writeGeneric (node:internal/stream_base_commons:150:3)
    at Socket._writeGeneric (node:net:966:11)
    at Socket._write (node:net:978:8)
    at writeOrBuffer (node:internal/streams/writable:572:12)
    at _write (node:internal/streams/writable:501:10)
    at Writable.write (node:internal/streams/writable:510:10)
    at Console.log (/Users/tcjr/Library/pnpm/global/5/.pnpm/winston@3.11.0/node_modules/winston/lib/winston/transports/console.js:79:23)
    at Console._write (/Users/tcjr/Library/pnpm/global/5/.pnpm/winston-transport@4.6.0/node_modules/winston-transport/index.js:103:17)
    at doWrite (/Users/tcjr/Library/pnpm/global/5/.pnpm/readable-stream@3.6.2/node_modules/readable-stream/lib/_stream_writable.js:390:139)
[error] 
[error] Error: An unexpected error has occurred.
[debug] [2026-02-22T03:22:36.327Z] Error: write EPIPE
    at afterWriteDispatched (node:internal/stream_base_commons:159:15)
    at writeGeneric (node:internal/stream_base_commons:150:3)
    at Socket._writeGeneric (node:net:966:11)
    at Socket._write (node:net:978:8)
    at writeOrBuffer (node:internal/streams/writable:572:12)
    at _write (node:internal/streams/writable:501:10)
    at Writable.write (node:internal/streams/writable:510:10)
    at Console.log (/Users/tcjr/Library/pnpm/global/5/.pnpm/winston@3.11.0/node_modules/winston/lib/winston/transports/console.js:79:23)
    at Console._write (/Users/tcjr/Library/pnpm/global/5/.pnpm/winston-transport@4.6.0/node_modules/winston-transport/index.js:103:17)
    at doWrite (/Users/tcjr/Library/pnpm/global/5/.pnpm/readable-stream@3.6.2/node_modules/readable-stream/lib/_stream_writable.js:390:139)
[error] 
[error] Error: An unexpected error has occurred.
[debug] [2026-02-22T03:22:36.327Z] Error: write EPIPE
    at afterWriteDispatched (node:internal/stream_base_commons:159:15)
    at writeGeneric (node:internal/stream_base_commons:150:3)
    at Socket._writeGeneric (node:net:966:11)
    at Socket._write (node:net:978:8)
    at writeOrBuffer (node:internal/streams/writable:572:12)
    at _write (node:internal/streams/writable:501:10)
    at Writable.write (node:internal/streams/writable:510:10)
    at Console.log (/Users/tcjr/Library/pnpm/global/5/.pnpm/winston@3.11.0/node_modules/winston/lib/winston/transports/console.js:79:23)
    at Console._write (/Users/tcjr/Library/pnpm/global/5/.pnpm/winston-transport@4.6.0/node_modules/winston-transport/index.js:103:17)
    at doWrite (/Users/tcjr/Library/pnpm/global/5/.pnpm/readable-stream@3.6.2/node_modules/readable-stream/lib/_stream_writable.js:390:139)
[error] 
[error] Error: An unexpected error has occurred.
[debug] [2026-02-22T03:22:36.327Z] Error: write EPIPE
    at afterWriteDispatched (node:internal/stream_base_commons:159:15)
    at writeGeneric (node:internal/stream_base_commons:150:3)
    at Socket._writeGeneric (node:net:966:11)
    at Socket._write (node:net:978:8)
    at writeOrBuffer (node:internal/streams/writable:572:12)
    at _write (node:internal/streams/writable:501:10)
    at Writable.write (node:internal/streams/writable:510:10)
    at Console.log (/Users/tcjr/Library/pnpm/global/5/.pnpm/winston@3.11.0/node_modules/winston/lib/winston/transports/console.js:79:23)
    at Console._write (/Users/tcjr/Library/pnpm/global/5/.pnpm/winston-transport@4.6.0/node_modules/winston-transport/index.js:103:17)
    at doWrite (/Users/tcjr/Library/pnpm/global/5/.pnpm/readable-stream@3.6.2/node_modules/readable-stream/lib/_stream_writable.js:390:139)
[error] 
[error] Error: An unexpected error has occurred.
[debug] [2026-02-22T03:22:36.327Z] Error: write EPIPE
    at afterWriteDispatched (node:internal/stream_base_commons:159:15)
    at writeGeneric (node:internal/stream_base_commons:150:3)
    at Socket._writeGeneric (node:net:966:11)
    at Socket._write (node:net:978:8)
    at writeOrBuffer (node:internal/streams/writable:572:12)
    at _write (node:internal/streams/writable:501:10)
    at Writable.write (node:internal/streams/writable:510:10)
    at Console.log (/Users/tcjr/Library/pnpm/global/5/.pnpm/winston@3.11.0/node_modules/winston/lib/winston/transports/console.js:79:23)
    at Console._write (/Users/tcjr/Library/pnpm/global/5/.pnpm/winston-transport@4.6.0/node_modules/winston-transport/index.js:103:17)
    at doWrite (/Users/tcjr/Library/pnpm/global/5/.pnpm/readable-stream@3.6.2/node_modules/readable-stream/lib/_stream_writable.js:390:139)
[error] 
[error] Error: An unexpected error has occurred.
[debug] [2026-02-22T03:22:36.328Z] Error: write EPIPE
    at afterWriteDispatched (node:internal/stream_base_commons:159:15)
    at writeGeneric (node:internal/stream_base_commons:150:3)
    at Socket._writeGeneric (node:net:966:11)
    at Socket._write (node:net:978:8)
    at writeOrBuffer (node:internal/streams/writable:572:12)
    at _write (node:internal/streams/writable:501:10)
    at Writable.write (node:internal/streams/writable:510:10)
    at Console.log (/Users/tcjr/Library/pnpm/global/5/.pnpm/winston@3.11.0/node_modules/winston/lib/winston/transports/console.js:79:23)
    at Console._write (/Users/tcjr/Library/pnpm/global/5/.pnpm/winston-transport@4.6.0/node_modules/winston-transport/index.js:103:17)
    at doWrite (/Users/tcjr/Library/pnpm/global/5/.pnpm/readable-stream@3.6.2/node_modules/readable-stream/lib/_stream_writable.js:390:139)
[error] 
[error] Error: An unexpected error has occurred.
[debug] [2026-02-22T03:22:36.328Z] Error: write EPIPE
    at afterWriteDispatched (node:internal/stream_base_commons:159:15)
    at writeGeneric (node:internal/stream_base_commons:150:3)
    at Socket._writeGeneric (node:net:966:11)
    at Socket._write (node:net:978:8)
    at writeOrBuffer (node:internal/streams/writable:572:12)
    at _write (node:internal/streams/writable:501:10)
    at Writable.write (node:internal/streams/writable:510:10)
    at Console.log (/Users/tcjr/Library/pnpm/global/5/.pnpm/winston@3.11.0/node_modules/winston/lib/winston/transports/console.js:79:23)
    at Console._write (/Users/tcjr/Library/pnpm/global/5/.pnpm/winston-transport@4.6.0/node_modules/winston-transport/index.js:103:17)
    at doWrite (/Users/tcjr/Library/pnpm/global/5/.pnpm/readable-stream@3.6.2/node_modules/readable-stream/lib/_stream_writable.js:390:139)
[error] 
[error] Error: An unexpected error has occurred.
[debug] [2026-02-22T03:22:36.328Z] Error: write EPIPE
    at afterWriteDispatched (node:internal/stream_base_commons:159:15)
    at writeGeneric (node:internal/stream_base_commons:150:3)
    at Socket._writeGeneric (node:net:966:11)
    at Socket._write (node:net:978:8)
    at writeOrBuffer (node:internal/streams/writable:572:12)
    at _write (node:internal/streams/writable:501:10)
    at Writable.write (node:internal/streams/writable:510:10)
    at Console.log (/Users/tcjr/Library/pnpm/global/5/.pnpm/winston@3.11.0/node_modules/winston/lib/winston/transports/console.js:79:23)
    at Console._write (/Users/tcjr/Library/pnpm/global/5/.pnpm/winston-transport@4.6.0/node_modules/winston-transport/index.js:103:17)
    at doWrite (/Users/tcjr/Library/pnpm/global/5/.pnpm/readable-stream@3.6.2/node_modules/readable-stream/lib/_stream_writable.js:390:139)
[error] 
[error] Error: An unexpected error has occurred.
[debug] [2026-02-22T03:22:36.329Z] Error: write EPIPE
    at afterWriteDispatched (node:internal/stream_base_commons:159:15)
    at writeGeneric (node:internal/stream_base_commons:150:3)
    at Socket._writeGeneric (node:net:966:11)
    at Socket._write (node:net:978:8)
    at writeOrBuffer (node:internal/streams/writable:572:12)
    at _write (node:internal/streams/writable:501:10)
    at Writable.write (node:internal/streams/writable:510:10)
    at Console.log (/Users/tcjr/Library/pnpm/global/5/.pnpm/winston@3.11.0/node_modules/winston/lib/winston/transports/console.js:79:23)
    at Console._write (/Users/tcjr/Library/pnpm/global/5/.pnpm/winston-transport@4.6.0/node_modules/winston-transport/index.js:103:17)
    at doWrite (/Users/tcjr/Library/pnpm/global/5/.pnpm/readable-stream@3.6.2/node_modules/readable-stream/lib/_stream_writable.js:390:139)
[error] 
[error] Error: An unexpected error has occurred.
[debug] [2026-02-22T03:22:36.329Z] Error: write EPIPE
    at afterWriteDispatched (node:internal/stream_base_commons:159:15)
    at writeGeneric (node:internal/stream_base_commons:150:3)
    at Socket._writeGeneric (node:net:966:11)
    at Socket._write (node:net:978:8)
    at writeOrBuffer (node:internal/streams/writable:572:12)
    at _write (node:internal/streams/writable:501:10)
    at Writable.write (node:internal/streams/writable:510:10)
    at Console.log (/Users/tcjr/Library/pnpm/global/5/.pnpm/winston@3.11.0/node_modules/winston/lib/winston/transports/console.js:79:23)
    at Console._write (/Users/tcjr/Library/pnpm/global/5/.pnpm/winston-transport@4.6.0/node_modules/winston-transport/index.js:103:17)
    at doWrite (/Users/tcjr/Library/pnpm/global/5/.pnpm/readable-stream@3.6.2/node_modules/readable-stream/lib/_stream_writable.js:390:139)
[error] 
[error] Error: An unexpected error has occurred.
[debug] [2026-02-22T03:22:36.329Z] Error: write EPIPE
    at afterWriteDispatched (node:internal/stream_base_commons:159:15)
    at writeGeneric (node:internal/stream_base_commons:150:3)
    at Socket._writeGeneric (node:net:966:11)
    at Socket._write (node:net:978:8)
    at writeOrBuffer (node:internal/streams/writable:572:12)
    at _write (node:internal/streams/writable:501:10)
    at Writable.write (node:internal/streams/writable:510:10)
    at Console.log (/Users/tcjr/Library/pnpm/global/5/.pnpm/winston@3.11.0/node_modules/winston/lib/winston/transports/console.js:79:23)
    at Console._write (/Users/tcjr/Library/pnpm/global/5/.pnpm/winston-transport@4.6.0/node_modules/winston-transport/index.js:103:17)
    at doWrite (/Users/tcjr/Library/pnpm/global/5/.pnpm/readable-stream@3.6.2/node_modules/readable-stream/lib/_stream_writable.js:390:139)
[error] 
[error] Error: An unexpected error has occurred.
[debug] [2026-02-22T03:22:36.329Z] Error: write EPIPE
    at afterWriteDispatched (node:internal/stream_base_commons:159:15)
    at writeGeneric (node:internal/stream_base_commons:150:3)
    at Socket._writeGeneric (node:net:966:11)
    at Socket._write (node:net:978:8)
    at writeOrBuffer (node:internal/streams/writable:572:12)
    at _write (node:internal/streams/writable:501:10)
    at Writable.write (node:internal/streams/writable:510:10)
    at Console.log (/Users/tcjr/Library/pnpm/global/5/.pnpm/winston@3.11.0/node_modules/winston/lib/winston/transports/console.js:79:23)
    at Console._write (/Users/tcjr/Library/pnpm/global/5/.pnpm/winston-transport@4.6.0/node_modules/winston-transport/index.js:103:17)
    at doWrite (/Users/tcjr/Library/pnpm/global/5/.pnpm/readable-stream@3.6.2/node_modules/readable-stream/lib/_stream_writable.js:390:139)
[error] 
[error] Error: An unexpected error has occurred.
[debug] [2026-02-22T03:22:36.330Z] Error: write EPIPE
    at afterWriteDispatched (node:internal/stream_base_commons:159:15)
    at writeGeneric (node:internal/stream_base_commons:150:3)
    at Socket._writeGeneric (node:net:966:11)
    at Socket._write (node:net:978:8)
    at writeOrBuffer (node:internal/streams/writable:572:12)
    at _write (node:internal/streams/writable:501:10)
    at Writable.write (node:internal/streams/writable:510:10)
    at Console.log (/Users/tcjr/Library/pnpm/global/5/.pnpm/winston@3.11.0/node_modules/winston/lib/winston/transports/console.js:79:23)
    at Console._write (/Users/tcjr/Library/pnpm/global/5/.pnpm/winston-transport@4.6.0/node_modules/winston-transport/index.js:103:17)
    at doWrite (/Users/tcjr/Library/pnpm/global/5/.pnpm/readable-stream@3.6.2/node_modules/readable-stream/lib/_stream_writable.js:390:139)
[error] 
[error] Error: An unexpected error has occurred.
[debug] [2026-02-22T03:22:36.330Z] Error: write EPIPE
    at afterWriteDispatched (node:internal/stream_base_commons:159:15)
    at writeGeneric (node:internal/stream_base_commons:150:3)
    at Socket._writeGeneric (node:net:966:11)
    at Socket._write (node:net:978:8)
    at writeOrBuffer (node:internal/streams/writable:572:12)
    at _write (node:internal/streams/writable:501:10)
    at Writable.write (node:internal/streams/writable:510:10)
    at Console.log (/Users/tcjr/Library/pnpm/global/5/.pnpm/winston@3.11.0/node_modules/winston/lib/winston/transports/console.js:79:23)
    at Console._write (/Users/tcjr/Library/pnpm/global/5/.pnpm/winston-transport@4.6.0/node_modules/winston-transport/index.js:103:17)
    at doWrite (/Users/tcjr/Library/pnpm/global/5/.pnpm/readable-stream@3.6.2/node_modules/readable-stream/lib/_stream_writable.js:390:139)
[error] 
[error] Error: An unexpected error has occurred.
[debug] [2026-02-22T03:22:36.330Z] Error: write EPIPE
    at afterWriteDispatched (node:internal/stream_base_commons:159:15)
    at writeGeneric (node:internal/stream_base_commons:150:3)
    at Socket._writeGeneric (node:net:966:11)
    at Socket._write (node:net:978:8)
    at writeOrBuffer (node:internal/streams/writable:572:12)
    at _write (node:internal/streams/writable:501:10)
    at Writable.write (node:internal/streams/writable:510:10)
    at Console.log (/Users/tcjr/Library/pnpm/global/5/.pnpm/winston@3.11.0/node_modules/winston/lib/winston/transports/console.js:79:23)
    at Console._write (/Users/tcjr/Library/pnpm/global/5/.pnpm/winston-transport@4.6.0/node_modules/winston-transport/index.js:103:17)
    at doWrite (/Users/tcjr/Library/pnpm/global/5/.pnpm/readable-stream@3.6.2/node_modules/readable-stream/lib/_stream_writable.js:390:139)
[error] 
[error] Error: An unexpected error has occurred.
[debug] [2026-02-22T03:22:36.330Z] Error: write EPIPE
    at afterWriteDispatched (node:internal/stream_base_commons:159:15)
    at writeGeneric (node:internal/stream_base_commons:150:3)
    at Socket._writeGeneric (node:net:966:11)
    at Socket._write (node:net:978:8)
    at writeOrBuffer (node:internal/streams/writable:572:12)
    at _write (node:internal/streams/writable:501:10)
    at Writable.write (node:internal/streams/writable:510:10)
    at Console.log (/Users/tcjr/Library/pnpm/global/5/.pnpm/winston@3.11.0/node_modules/winston/lib/winston/transports/console.js:79:23)
    at Console._write (/Users/tcjr/Library/pnpm/global/5/.pnpm/winston-transport@4.6.0/node_modules/winston-transport/index.js:103:17)
    at doWrite (/Users/tcjr/Library/pnpm/global/5/.pnpm/readable-stream@3.6.2/node_modules/readable-stream/lib/_stream_writable.js:390:139)
[error] 
[error] Error: An unexpected error has occurred.
[debug] [2026-02-22T03:22:36.331Z] Error: write EPIPE
    at afterWriteDispatched (node:internal/stream_base_commons:159:15)
    at writeGeneric (node:internal/stream_base_commons:150:3)
    at Socket._writeGeneric (node:net:966:11)
    at Socket._write (node:net:978:8)
    at writeOrBuffer (node:internal/streams/writable:572:12)
    at _write (node:internal/streams/writable:501:10)
    at Writable.write (node:internal/streams/writable:510:10)
    at Console.log (/Users/tcjr/Library/pnpm/global/5/.pnpm/winston@3.11.0/node_modules/winston/lib/winston/transports/console.js:79:23)
    at Console._write (/Users/tcjr/Library/pnpm/global/5/.pnpm/winston-transport@4.6.0/node_modules/winston-transport/index.js:103:17)
    at doWrite (/Users/tcjr/Library/pnpm/global/5/.pnpm/readable-stream@3.6.2/node_modules/readable-stream/lib/_stream_writable.js:390:139)
[error] 
[error] Error: An unexpected error has occurred.
[debug] [2026-02-22T03:22:36.331Z] Error: write EPIPE
    at afterWriteDispatched (node:internal/stream_base_commons:159:15)
    at writeGeneric (node:internal/stream_base_commons:150:3)
    at Socket._writeGeneric (node:net:966:11)
    at Socket._write (node:net:978:8)
    at writeOrBuffer (node:internal/streams/writable:572:12)
    at _write (node:internal/streams/writable:501:10)
    at Writable.write (node:internal/streams/writable:510:10)
    at Console.log (/Users/tcjr/Library/pnpm/global/5/.pnpm/winston@3.11.0/node_modules/winston/lib/winston/transports/console.js:79:23)
    at Console._write (/Users/tcjr/Library/pnpm/global/5/.pnpm/winston-transport@4.6.0/node_modules/winston-transport/index.js:103:17)
    at doWrite (/Users/tcjr/Library/pnpm/global/5/.pnpm/readable-stream@3.6.2/node_modules/readable-stream/lib/_stream_writable.js:390:139)
[error] 
[error] Error: An unexpected error has occurred.
[debug] [2026-02-22T03:22:36.331Z] Error: write EPIPE
    at afterWriteDispatched (node:internal/stream_base_commons:159:15)
    at writeGeneric (node:internal/stream_base_commons:150:3)
    at Socket._writeGeneric (node:net:966:11)
    at Socket._write (node:net:978:8)
    at writeOrBuffer (node:internal/streams/writable:572:12)
    at _write (node:internal/streams/writable:501:10)
    at Writable.write (node:internal/streams/writable:510:10)
    at Console.log (/Users/tcjr/Library/pnpm/global/5/.pnpm/winston@3.11.0/node_modules/winston/lib/winston/transports/console.js:79:23)
    at Console._write (/Users/tcjr/Library/pnpm/global/5/.pnpm/winston-transport@4.6.0/node_modules/winston-transport/index.js:103:17)
    at doWrite (/Users/tcjr/Library/pnpm/global/5/.pnpm/readable-stream@3.6.2/node_modules/readable-stream/lib/_stream_writable.js:390:139)
[error] 
[error] Error: An unexpected error has occurred.
[debug] [2026-02-22T03:22:36.332Z] Error: write EPIPE
    at afterWriteDispatched (node:internal/stream_base_commons:159:15)
    at writeGeneric (node:internal/stream_base_commons:150:3)
    at Socket._writeGeneric (node:net:966:11)
    at Socket._write (node:net:978:8)
    at writeOrBuffer (node:internal/streams/writable:572:12)
    at _write (node:internal/streams/writable:501:10)
    at Writable.write (node:internal/streams/writable:510:10)
    at Console.log (/Users/tcjr/Library/pnpm/global/5/.pnpm/winston@3.11.0/node_modules/winston/lib/winston/transports/console.js:79:23)
    at Console._write (/Users/tcjr/Library/pnpm/global/5/.pnpm/winston-transport@4.6.0/node_modules/winston-transport/index.js:103:17)
    at doWrite (/Users/tcjr/Library/pnpm/global/5/.pnpm/readable-stream@3.6.2/node_modules/readable-stream/lib/_stream_writable.js:390:139)
[error] 
[error] Error: An unexpected error has occurred.
[debug] [2026-02-22T03:22:36.332Z] Error: write EPIPE
    at afterWriteDispatched (node:internal/stream_base_commons:159:15)
    at writeGeneric (node:internal/stream_base_commons:150:3)
    at Socket._writeGeneric (node:net:966:11)
    at Socket._write (node:net:978:8)
    at writeOrBuffer (node:internal/streams/writable:572:12)
    at _write (node:internal/streams/writable:501:10)
    at Writable.write (node:internal/streams/writable:510:10)
    at Console.log (/Users/tcjr/Library/pnpm/global/5/.pnpm/winston@3.11.0/node_modules/winston/lib/winston/transports/console.js:79:23)
    at Console._write (/Users/tcjr/Library/pnpm/global/5/.pnpm/winston-transport@4.6.0/node_modules/winston-transport/index.js:103:17)
    at doWrite (/Users/tcjr/Library/pnpm/global/5/.pnpm/readable-stream@3.6.2/node_modules/readable-stream/lib/_stream_writable.js:390:139)
[error] 
[error] Error: An unexpected error has occurred.
[debug] [2026-02-22T03:22:36.332Z] Error: write EPIPE
    at afterWriteDispatched (node:internal/stream_base_commons:159:15)
    at writeGeneric (node:internal/stream_base_commons:150:3)
    at Socket._writeGeneric (node:net:966:11)
    at Socket._write (node:net:978:8)
    at writeOrBuffer (node:internal/streams/writable:572:12)
    at _write (node:internal/streams/writable:501:10)
    at Writable.write (node:internal/streams/writable:510:10)
    at Console.log (/Users/tcjr/Library/pnpm/global/5/.pnpm/winston@3.11.0/node_modules/winston/lib/winston/transports/console.js:79:23)
    at Console._write (/Users/tcjr/Library/pnpm/global/5/.pnpm/winston-transport@4.6.0/node_modules/winston-transport/index.js:103:17)
    at doWrite (/Users/tcjr/Library/pnpm/global/5/.pnpm/readable-stream@3.6.2/node_modules/readable-stream/lib/_stream_writable.js:390:139)
[error] 
[error] Error: An unexpected error has occurred.
[debug] [2026-02-22T03:22:36.333Z] Error: write EPIPE
    at afterWriteDispatched (node:internal/stream_base_commons:159:15)
    at writeGeneric (node:internal/stream_base_commons:150:3)
    at Socket._writeGeneric (node:net:966:11)
    at Socket._write (node:net:978:8)
    at writeOrBuffer (node:internal/streams/writable:572:12)
    at _write (node:internal/streams/writable:501:10)
    at Writable.write (node:internal/streams/writable:510:10)
    at Console.log (/Users/tcjr/Library/pnpm/global/5/.pnpm/winston@3.11.0/node_modules/winston/lib/winston/transports/console.js:79:23)
    at Console._write (/Users/tcjr/Library/pnpm/global/5/.pnpm/winston-transport@4.6.0/node_modules/winston-transport/index.js:103:17)
    at doWrite (/Users/tcjr/Library/pnpm/global/5/.pnpm/readable-stream@3.6.2/node_modules/readable-stream/lib/_stream_writable.js:390:139)
[error] 
[error] Error: An unexpected error has occurred.
[debug] [2026-02-22T03:22:36.333Z] Error: write EPIPE
    at afterWriteDispatched (node:internal/stream_base_commons:159:15)
    at writeGeneric (node:internal/stream_base_commons:150:3)
    at Socket._writeGeneric (node:net:966:11)
    at Socket._write (node:net:978:8)
    at writeOrBuffer (node:internal/streams/writable:572:12)
    at _write (node:internal/streams/writable:501:10)
    at Writable.write (node:internal/streams/writable:510:10)
    at Console.log (/Users/tcjr/Library/pnpm/global/5/.pnpm/winston@3.11.0/node_modules/winston/lib/winston/transports/console.js:79:23)
    at Console._write (/Users/tcjr/Library/pnpm/global/5/.pnpm/winston-transport@4.6.0/node_modules/winston-transport/index.js:103:17)
    at doWrite (/Users/tcjr/Library/pnpm/global/5/.pnpm/readable-stream@3.6.2/node_modules/readable-stream/lib/_stream_writable.js:390:139)
[error] 
[error] Error: An unexpected error has occurred.
[debug] [2026-02-22T03:22:36.334Z] Error: write EPIPE
    at afterWriteDispatched (node:internal/stream_base_commons:159:15)
    at writeGeneric (node:internal/stream_base_commons:150:3)
    at Socket._writeGeneric (node:net:966:11)
    at Socket._write (node:net:978:8)
    at writeOrBuffer (node:internal/streams/writable:572:12)
    at _write (node:internal/streams/writable:501:10)
    at Writable.write (node:internal/streams/writable:510:10)
    at Console.log (/Users/tcjr/Library/pnpm/global/5/.pnpm/winston@3.11.0/node_modules/winston/lib/winston/transports/console.js:79:23)
    at Console._write (/Users/tcjr/Library/pnpm/global/5/.pnpm/winston-transport@4.6.0/node_modules/winston-transport/index.js:103:17)
    at doWrite (/Users/tcjr/Library/pnpm/global/5/.pnpm/readable-stream@3.6.2/node_modules/readable-stream/lib/_stream_writable.js:390:139)
[error] 
[error] Error: An unexpected error has occurred.
[debug] [2026-02-22T03:22:36.334Z] Error: write EPIPE
    at afterWriteDispatched (node:internal/stream_base_commons:159:15)
    at writeGeneric (node:internal/stream_base_commons:150:3)
    at Socket._writeGeneric (node:net:966:11)
    at Socket._write (node:net:978:8)
    at writeOrBuffer (node:internal/streams/writable:572:12)
    at _write (node:internal/streams/writable:501:10)
    at Writable.write (node:internal/streams/writable:510:10)
    at Console.log (/Users/tcjr/Library/pnpm/global/5/.pnpm/winston@3.11.0/node_modules/winston/lib/winston/transports/console.js:79:23)
    at Console._write (/Users/tcjr/Library/pnpm/global/5/.pnpm/winston-transport@4.6.0/node_modules/winston-transport/index.js:103:17)
    at doWrite (/Users/tcjr/Library/pnpm/global/5/.pnpm/readable-stream@3.6.2/node_modules/readable-stream/lib/_stream_writable.js:390:139)
[error] 
[error] Error: An unexpected error has occurred.
[debug] [2026-02-22T03:22:36.334Z] Error: write EPIPE
    at afterWriteDispatched (node:internal/stream_base_commons:159:15)
    at writeGeneric (node:internal/stream_base_commons:150:3)
    at Socket._writeGeneric (node:net:966:11)
    at Socket._write (node:net:978:8)
    at writeOrBuffer (node:internal/streams/writable:572:12)
    at _write (node:internal/streams/writable:501:10)
    at Writable.write (node:internal/streams/writable:510:10)
    at Console.log (/Users/tcjr/Library/pnpm/global/5/.pnpm/winston@3.11.0/node_modules/winston/lib/winston/transports/console.js:79:23)
    at Console._write (/Users/tcjr/Library/pnpm/global/5/.pnpm/winston-transport@4.6.0/node_modules/winston-transport/index.js:103:17)
    at doWrite (/Users/tcjr/Library/pnpm/global/5/.pnpm/readable-stream@3.6.2/node_modules/readable-stream/lib/_stream_writable.js:390:139)
[error] 
[error] Error: An unexpected error has occurred.
[debug] [2026-02-22T03:22:36.334Z] Error: write EPIPE
    at afterWriteDispatched (node:internal/stream_base_commons:159:15)
    at writeGeneric (node:internal/stream_base_commons:150:3)
    at Socket._writeGeneric (node:net:966:11)
    at Socket._write (node:net:978:8)
    at writeOrBuffer (node:internal/streams/writable:572:12)
    at _write (node:internal/streams/writable:501:10)
    at Writable.write (node:internal/streams/writable:510:10)
    at Console.log (/Users/tcjr/Library/pnpm/global/5/.pnpm/winston@3.11.0/node_modules/winston/lib/winston/transports/console.js:79:23)
    at Console._write (/Users/tcjr/Library/pnpm/global/5/.pnpm/winston-transport@4.6.0/node_modules/winston-transport/index.js:103:17)
    at doWrite (/Users/tcjr/Library/pnpm/global/5/.pnpm/readable-stream@3.6.2/node_modules/readable-stream/lib/_stream_writable.js:390:139)
[error] 
[error] Error: An unexpected error has occurred.
[debug] [2026-02-22T03:22:36.335Z] Error: write EPIPE
    at afterWriteDispatched (node:internal/stream_base_commons:159:15)
    at writeGeneric (node:internal/stream_base_commons:150:3)
    at Socket._writeGeneric (node:net:966:11)
    at Socket._write (node:net:978:8)
    at writeOrBuffer (node:internal/streams/writable:572:12)
    at _write (node:internal/streams/writable:501:10)
    at Writable.write (node:internal/streams/writable:510:10)
    at Console.log (/Users/tcjr/Library/pnpm/global/5/.pnpm/winston@3.11.0/node_modules/winston/lib/winston/transports/console.js:79:23)
    at Console._write (/Users/tcjr/Library/pnpm/global/5/.pnpm/winston-transport@4.6.0/node_modules/winston-transport/index.js:103:17)
    at doWrite (/Users/tcjr/Library/pnpm/global/5/.pnpm/readable-stream@3.6.2/node_modules/readable-stream/lib/_stream_writable.js:390:139)
[error] 
[error] Error: An unexpected error has occurred.
[debug] [2026-02-22T03:22:36.335Z] Error: write EPIPE
    at afterWriteDispatched (node:internal/stream_base_commons:159:15)
    at writeGeneric (node:internal/stream_base_commons:150:3)
    at Socket._writeGeneric (node:net:966:11)
    at Socket._write (node:net:978:8)
    at writeOrBuffer (node:internal/streams/writable:572:12)
    at _write (node:internal/streams/writable:501:10)
    at Writable.write (node:internal/streams/writable:510:10)
    at Console.log (/Users/tcjr/Library/pnpm/global/5/.pnpm/winston@3.11.0/node_modules/winston/lib/winston/transports/console.js:79:23)
    at Console._write (/Users/tcjr/Library/pnpm/global/5/.pnpm/winston-transport@4.6.0/node_modules/winston-transport/index.js:103:17)
    at doWrite (/Users/tcjr/Library/pnpm/global/5/.pnpm/readable-stream@3.6.2/node_modules/readable-stream/lib/_stream_writable.js:390:139)
[error] 
[error] Error: An unexpected error has occurred.
[debug] [2026-02-22T03:22:36.335Z] Error: write EPIPE
    at afterWriteDispatched (node:internal/stream_base_commons:159:15)
    at writeGeneric (node:internal/stream_base_commons:150:3)
    at Socket._writeGeneric (node:net:966:11)
    at Socket._write (node:net:978:8)
    at writeOrBuffer (node:internal/streams/writable:572:12)
    at _write (node:internal/streams/writable:501:10)
    at Writable.write (node:internal/streams/writable:510:10)
    at Console.log (/Users/tcjr/Library/pnpm/global/5/.pnpm/winston@3.11.0/node_modules/winston/lib/winston/transports/console.js:79:23)
    at Console._write (/Users/tcjr/Library/pnpm/global/5/.pnpm/winston-transport@4.6.0/node_modules/winston-transport/index.js:103:17)
    at doWrite (/Users/tcjr/Library/pnpm/global/5/.pnpm/readable-stream@3.6.2/node_modules/readable-stream/lib/_stream_writable.js:390:139)
[error] 
[error] Error: An unexpected error has occurred.
[debug] [2026-02-22T03:22:36.335Z] Error: write EPIPE
    at afterWriteDispatched (node:internal/stream_base_commons:159:15)
    at writeGeneric (node:internal/stream_base_commons:150:3)
    at Socket._writeGeneric (node:net:966:11)
    at Socket._write (node:net:978:8)
    at writeOrBuffer (node:internal/streams/writable:572:12)
    at _write (node:internal/streams/writable:501:10)
    at Writable.write (node:internal/streams/writable:510:10)
    at Console.log (/Users/tcjr/Library/pnpm/global/5/.pnpm/winston@3.11.0/node_modules/winston/lib/winston/transports/console.js:79:23)
    at Console._write (/Users/tcjr/Library/pnpm/global/5/.pnpm/winston-transport@4.6.0/node_modules/winston-transport/index.js:103:17)
    at doWrite (/Users/tcjr/Library/pnpm/global/5/.pnpm/readable-stream@3.6.2/node_modules/readable-stream/lib/_stream_writable.js:390:139)
[error] 
[error] Error: An unexpected error has occurred.
[debug] [2026-02-22T03:22:36.336Z] Error: write EPIPE
    at afterWriteDispatched (node:internal/stream_base_commons:159:15)
    at writeGeneric (node:internal/stream_base_commons:150:3)
    at Socket._writeGeneric (node:net:966:11)
    at Socket._write (node:net:978:8)
    at writeOrBuffer (node:internal/streams/writable:572:12)
    at _write (node:internal/streams/writable:501:10)
    at Writable.write (node:internal/streams/writable:510:10)
    at Console.log (/Users/tcjr/Library/pnpm/global/5/.pnpm/winston@3.11.0/node_modules/winston/lib/winston/transports/console.js:79:23)
    at Console._write (/Users/tcjr/Library/pnpm/global/5/.pnpm/winston-transport@4.6.0/node_modules/winston-transport/index.js:103:17)
    at doWrite (/Users/tcjr/Library/pnpm/global/5/.pnpm/readable-stream@3.6.2/node_modules/readable-stream/lib/_stream_writable.js:390:139)
[error] 
[error] Error: An unexpected error has occurred.
[debug] [2026-02-22T03:22:36.336Z] Error: write EPIPE
    at afterWriteDispatched (node:internal/stream_base_commons:159:15)
    at writeGeneric (node:internal/stream_base_commons:150:3)
    at Socket._writeGeneric (node:net:966:11)
    at Socket._write (node:net:978:8)
    at writeOrBuffer (node:internal/streams/writable:572:12)
    at _write (node:internal/streams/writable:501:10)
    at Writable.write (node:internal/streams/writable:510:10)
    at Console.log (/Users/tcjr/Library/pnpm/global/5/.pnpm/winston@3.11.0/node_modules/winston/lib/winston/transports/console.js:79:23)
    at Console._write (/Users/tcjr/Library/pnpm/global/5/.pnpm/winston-transport@4.6.0/node_modules/winston-transport/index.js:103:17)
    at doWrite (/Users/tcjr/Library/pnpm/global/5/.pnpm/readable-stream@3.6.2/node_modules/readable-stream/lib/_stream_writable.js:390:139)
[error] 
[error] Error: An unexpected error has occurred.
[debug] [2026-02-22T03:22:36.336Z] Error: write EPIPE
    at afterWriteDispatched (node:internal/stream_base_commons:159:15)
    at writeGeneric (node:internal/stream_base_commons:150:3)
    at Socket._writeGeneric (node:net:966:11)
    at Socket._write (node:net:978:8)
    at writeOrBuffer (node:internal/streams/writable:572:12)
    at _write (node:internal/streams/writable:501:10)
    at Writable.write (node:internal/streams/writable:510:10)
    at Console.log (/Users/tcjr/Library/pnpm/global/5/.pnpm/winston@3.11.0/node_modules/winston/lib/winston/transports/console.js:79:23)
    at Console._write (/Users/tcjr/Library/pnpm/global/5/.pnpm/winston-transport@4.6.0/node_modules/winston-transport/index.js:103:17)
    at doWrite (/Users/tcjr/Library/pnpm/global/5/.pnpm/readable-stream@3.6.2/node_modules/readable-stream/lib/_stream_writable.js:390:139)
[error] 
[error] Error: An unexpected error has occurred.
[debug] [2026-02-22T03:22:36.337Z] Error: write EPIPE
    at afterWriteDispatched (node:internal/stream_base_commons:159:15)
    at writeGeneric (node:internal/stream_base_commons:150:3)
    at Socket._writeGeneric (node:net:966:11)
    at Socket._write (node:net:978:8)
    at writeOrBuffer (node:internal/streams/writable:572:12)
    at _write (node:internal/streams/writable:501:10)
    at Writable.write (node:internal/streams/writable:510:10)
    at Console.log (/Users/tcjr/Library/pnpm/global/5/.pnpm/winston@3.11.0/node_modules/winston/lib/winston/transports/console.js:79:23)
    at Console._write (/Users/tcjr/Library/pnpm/global/5/.pnpm/winston-transport@4.6.0/node_modules/winston-transport/index.js:103:17)
    at doWrite (/Users/tcjr/Library/pnpm/global/5/.pnpm/readable-stream@3.6.2/node_modules/readable-stream/lib/_stream_writable.js:390:139)
[error] 
[error] Error: An unexpected error has occurred.
[debug] [2026-02-22T03:22:36.337Z] Error: write EPIPE
    at afterWriteDispatched (node:internal/stream_base_commons:159:15)
    at writeGeneric (node:internal/stream_base_commons:150:3)
    at Socket._writeGeneric (node:net:966:11)
    at Socket._write (node:net:978:8)
    at writeOrBuffer (node:internal/streams/writable:572:12)
    at _write (node:internal/streams/writable:501:10)
    at Writable.write (node:internal/streams/writable:510:10)
    at Console.log (/Users/tcjr/Library/pnpm/global/5/.pnpm/winston@3.11.0/node_modules/winston/lib/winston/transports/console.js:79:23)
    at Console._write (/Users/tcjr/Library/pnpm/global/5/.pnpm/winston-transport@4.6.0/node_modules/winston-transport/index.js:103:17)
    at doWrite (/Users/tcjr/Library/pnpm/global/5/.pnpm/readable-stream@3.6.2/node_modules/readable-stream/lib/_stream_writable.js:390:139)
[error] 
[error] Error: An unexpected error has occurred.
[debug] [2026-02-22T03:22:36.337Z] Error: write EPIPE
    at afterWriteDispatched (node:internal/stream_base_commons:159:15)
    at writeGeneric (node:internal/stream_base_commons:150:3)
    at Socket._writeGeneric (node:net:966:11)
    at Socket._write (node:net:978:8)
    at writeOrBuffer (node:internal/streams/writable:572:12)
    at _write (node:internal/streams/writable:501:10)
    at Writable.write (node:internal/streams/writable:510:10)
    at Console.log (/Users/tcjr/Library/pnpm/global/5/.pnpm/winston@3.11.0/node_modules/winston/lib/winston/transports/console.js:79:23)
    at Console._write (/Users/tcjr/Library/pnpm/global/5/.pnpm/winston-transport@4.6.0/node_modules/winston-transport/index.js:103:17)
    at doWrite (/Users/tcjr/Library/pnpm/global/5/.pnpm/readable-stream@3.6.2/node_modules/readable-stream/lib/_stream_writable.js:390:139)
[error] 
[error] Error: An unexpected error has occurred.
[debug] [2026-02-22T03:22:36.337Z] Error: write EPIPE
    at afterWriteDispatched (node:internal/stream_base_commons:159:15)
    at writeGeneric (node:internal/stream_base_commons:150:3)
    at Socket._writeGeneric (node:net:966:11)
    at Socket._write (node:net:978:8)
    at writeOrBuffer (node:internal/streams/writable:572:12)
    at _write (node:internal/streams/writable:501:10)
    at Writable.write (node:internal/streams/writable:510:10)
    at Console.log (/Users/tcjr/Library/pnpm/global/5/.pnpm/winston@3.11.0/node_modules/winston/lib/winston/transports/console.js:79:23)
    at Console._write (/Users/tcjr/Library/pnpm/global/5/.pnpm/winston-transport@4.6.0/node_modules/winston-transport/index.js:103:17)
    at doWrite (/Users/tcjr/Library/pnpm/global/5/.pnpm/readable-stream@3.6.2/node_modules/readable-stream/lib/_stream_writable.js:390:139)
[error] 
[error] Error: An unexpected error has occurred.
[debug] [2026-02-22T03:22:36.338Z] Error: write EPIPE
    at afterWriteDispatched (node:internal/stream_base_commons:159:15)
    at writeGeneric (node:internal/stream_base_commons:150:3)
    at Socket._writeGeneric (node:net:966:11)
    at Socket._write (node:net:978:8)
    at writeOrBuffer (node:internal/streams/writable:572:12)
    at _write (node:internal/streams/writable:501:10)
    at Writable.write (node:internal/streams/writable:510:10)
    at Console.log (/Users/tcjr/Library/pnpm/global/5/.pnpm/winston@3.11.0/node_modules/winston/lib/winston/transports/console.js:79:23)
    at Console._write (/Users/tcjr/Library/pnpm/global/5/.pnpm/winston-transport@4.6.0/node_modules/winston-transport/index.js:103:17)
    at doWrite (/Users/tcjr/Library/pnpm/global/5/.pnpm/readable-stream@3.6.2/node_modules/readable-stream/lib/_stream_writable.js:390:139)
[error] 
[error] Error: An unexpected error has occurred.
[debug] [2026-02-22T03:22:36.338Z] Error: write EPIPE
    at afterWriteDispatched (node:internal/stream_base_commons:159:15)
    at writeGeneric (node:internal/stream_base_commons:150:3)
    at Socket._writeGeneric (node:net:966:11)
    at Socket._write (node:net:978:8)
    at writeOrBuffer (node:internal/streams/writable:572:12)
    at _write (node:internal/streams/writable:501:10)
    at Writable.write (node:internal/streams/writable:510:10)
    at Console.log (/Users/tcjr/Library/pnpm/global/5/.pnpm/winston@3.11.0/node_modules/winston/lib/winston/transports/console.js:79:23)
    at Console._write (/Users/tcjr/Library/pnpm/global/5/.pnpm/winston-transport@4.6.0/node_modules/winston-transport/index.js:103:17)
    at doWrite (/Users/tcjr/Library/pnpm/global/5/.pnpm/readable-stream@3.6.2/node_modules/readable-stream/lib/_stream_writable.js:390:139)
[error] 
[error] Error: An unexpected error has occurred.
[debug] [2026-02-22T03:22:36.339Z] Error: write EPIPE
    at afterWriteDispatched (node:internal/stream_base_commons:159:15)
    at writeGeneric (node:internal/stream_base_commons:150:3)
    at Socket._writeGeneric (node:net:966:11)
    at Socket._write (node:net:978:8)
    at writeOrBuffer (node:internal/streams/writable:572:12)
    at _write (node:internal/streams/writable:501:10)
    at Writable.write (node:internal/streams/writable:510:10)
    at Console.log (/Users/tcjr/Library/pnpm/global/5/.pnpm/winston@3.11.0/node_modules/winston/lib/winston/transports/console.js:79:23)
    at Console._write (/Users/tcjr/Library/pnpm/global/5/.pnpm/winston-transport@4.6.0/node_modules/winston-transport/index.js:103:17)
    at doWrite (/Users/tcjr/Library/pnpm/global/5/.pnpm/readable-stream@3.6.2/node_modules/readable-stream/lib/_stream_writable.js:390:139)
[error] 
[error] Error: An unexpected error has occurred.
[debug] [2026-02-22T03:22:36.339Z] Error: write EPIPE
    at afterWriteDispatched (node:internal/stream_base_commons:159:15)
    at writeGeneric (node:internal/stream_base_commons:150:3)
    at Socket._writeGeneric (node:net:966:11)
    at Socket._write (node:net:978:8)
    at writeOrBuffer (node:internal/streams/writable:572:12)
    at _write (node:internal/streams/writable:501:10)
    at Writable.write (node:internal/streams/writable:510:10)
    at Console.log (/Users/tcjr/Library/pnpm/global/5/.pnpm/winston@3.11.0/node_modules/winston/lib/winston/transports/console.js:79:23)
    at Console._write (/Users/tcjr/Library/pnpm/global/5/.pnpm/winston-transport@4.6.0/node_modules/winston-transport/index.js:103:17)
    at doWrite (/Users/tcjr/Library/pnpm/global/5/.pnpm/readable-stream@3.6.2/node_modules/readable-stream/lib/_stream_writable.js:390:139)
[error] 
[error] Error: An unexpected error has occurred.
[debug] [2026-02-22T03:22:36.339Z] Error: write EPIPE
    at afterWriteDispatched (node:internal/stream_base_commons:159:15)
    at writeGeneric (node:internal/stream_base_commons:150:3)
    at Socket._writeGeneric (node:net:966:11)
    at Socket._write (node:net:978:8)
    at writeOrBuffer (node:internal/streams/writable:572:12)
    at _write (node:internal/streams/writable:501:10)
    at Writable.write (node:internal/streams/writable:510:10)
    at Console.log (/Users/tcjr/Library/pnpm/global/5/.pnpm/winston@3.11.0/node_modules/winston/lib/winston/transports/console.js:79:23)
    at Console._write (/Users/tcjr/Library/pnpm/global/5/.pnpm/winston-transport@4.6.0/node_modules/winston-transport/index.js:103:17)
    at doWrite (/Users/tcjr/Library/pnpm/global/5/.pnpm/readable-stream@3.6.2/node_modules/readable-stream/lib/_stream_writable.js:390:139)
[error] 
[error] Error: An unexpected error has occurred.
[debug] [2026-02-22T03:22:36.339Z] Error: write EPIPE
    at afterWriteDispatched (node:internal/stream_base_commons:159:15)
    at writeGeneric (node:internal/stream_base_commons:150:3)
    at Socket._writeGeneric (node:net:966:11)
    at Socket._write (node:net:978:8)
    at writeOrBuffer (node:internal/streams/writable:572:12)
    at _write (node:internal/streams/writable:501:10)
    at Writable.write (node:internal/streams/writable:510:10)
    at Console.log (/Users/tcjr/Library/pnpm/global/5/.pnpm/winston@3.11.0/node_modules/winston/lib/winston/transports/console.js:79:23)
    at Console._write (/Users/tcjr/Library/pnpm/global/5/.pnpm/winston-transport@4.6.0/node_modules/winston-transport/index.js:103:17)
    at doWrite (/Users/tcjr/Library/pnpm/global/5/.pnpm/readable-stream@3.6.2/node_modules/readable-stream/lib/_stream_writable.js:390:139)
[error] 
[error] Error: An unexpected error has occurred.
[debug] [2026-02-22T03:22:36.339Z] Error: write EPIPE
    at afterWriteDispatched (node:internal/stream_base_commons:159:15)
    at writeGeneric (node:internal/stream_base_commons:150:3)
    at Socket._writeGeneric (node:net:966:11)
    at Socket._write (node:net:978:8)
    at writeOrBuffer (node:internal/streams/writable:572:12)
    at _write (node:internal/streams/writable:501:10)
    at Writable.write (node:internal/streams/writable:510:10)
    at Console.log (/Users/tcjr/Library/pnpm/global/5/.pnpm/winston@3.11.0/node_modules/winston/lib/winston/transports/console.js:79:23)
    at Console._write (/Users/tcjr/Library/pnpm/global/5/.pnpm/winston-transport@4.6.0/node_modules/winston-transport/index.js:103:17)
    at doWrite (/Users/tcjr/Library/pnpm/global/5/.pnpm/readable-stream@3.6.2/node_modules/readable-stream/lib/_stream_writable.js:390:139)
[error] 
[error] Error: An unexpected error has occurred.
[debug] [2026-02-22T03:22:36.341Z] Error: write EPIPE
    at afterWriteDispatched (node:internal/stream_base_commons:159:15)
    at writeGeneric (node:internal/stream_base_commons:150:3)
    at Socket._writeGeneric (node:net:966:11)
    at Socket._write (node:net:978:8)
    at writeOrBuffer (node:internal/streams/writable:572:12)
    at _write (node:internal/streams/writable:501:10)
    at Writable.write (node:internal/streams/writable:510:10)
    at Console.log (/Users/tcjr/Library/pnpm/global/5/.pnpm/winston@3.11.0/node_modules/winston/lib/winston/transports/console.js:79:23)
    at Console._write (/Users/tcjr/Library/pnpm/global/5/.pnpm/winston-transport@4.6.0/node_modules/winston-transport/index.js:103:17)
    at doWrite (/Users/tcjr/Library/pnpm/global/5/.pnpm/readable-stream@3.6.2/node_modules/readable-stream/lib/_stream_writable.js:390:139)
[error] 
[error] Error: An unexpected error has occurred.
[debug] [2026-02-22T03:22:36.341Z] Error: write EPIPE
    at afterWriteDispatched (node:internal/stream_base_commons:159:15)
    at writeGeneric (node:internal/stream_base_commons:150:3)
    at Socket._writeGeneric (node:net:966:11)
    at Socket._write (node:net:978:8)
    at writeOrBuffer (node:internal/streams/writable:572:12)
    at _write (node:internal/streams/writable:501:10)
    at Writable.write (node:internal/streams/writable:510:10)
    at Console.log (/Users/tcjr/Library/pnpm/global/5/.pnpm/winston@3.11.0/node_modules/winston/lib/winston/transports/console.js:79:23)
    at Console._write (/Users/tcjr/Library/pnpm/global/5/.pnpm/winston-transport@4.6.0/node_modules/winston-transport/index.js:103:17)
    at doWrite (/Users/tcjr/Library/pnpm/global/5/.pnpm/readable-stream@3.6.2/node_modules/readable-stream/lib/_stream_writable.js:390:139)
[error] 
[error] Error: An unexpected error has occurred.
[debug] [2026-02-22T03:22:36.341Z] Error: write EPIPE
    at afterWriteDispatched (node:internal/stream_base_commons:159:15)
    at writeGeneric (node:internal/stream_base_commons:150:3)
    at Socket._writeGeneric (node:net:966:11)
    at Socket._write (node:net:978:8)
    at writeOrBuffer (node:internal/streams/writable:572:12)
    at _write (node:internal/streams/writable:501:10)
    at Writable.write (node:internal/streams/writable:510:10)
    at Console.log (/Users/tcjr/Library/pnpm/global/5/.pnpm/winston@3.11.0/node_modules/winston/lib/winston/transports/console.js:79:23)
    at Console._write (/Users/tcjr/Library/pnpm/global/5/.pnpm/winston-transport@4.6.0/node_modules/winston-transport/index.js:103:17)
    at doWrite (/Users/tcjr/Library/pnpm/global/5/.pnpm/readable-stream@3.6.2/node_modules/readable-stream/lib/_stream_writable.js:390:139)
[error] 
[error] Error: An unexpected error has occurred.
[debug] [2026-02-22T03:22:36.341Z] Error: write EPIPE
    at afterWriteDispatched (node:internal/stream_base_commons:159:15)
    at writeGeneric (node:internal/stream_base_commons:150:3)
    at Socket._writeGeneric (node:net:966:11)
    at Socket._write (node:net:978:8)
    at writeOrBuffer (node:internal/streams/writable:572:12)
    at _write (node:internal/streams/writable:501:10)
    at Writable.write (node:internal/streams/writable:510:10)
    at Console.log (/Users/tcjr/Library/pnpm/global/5/.pnpm/winston@3.11.0/node_modules/winston/lib/winston/transports/console.js:79:23)
    at Console._write (/Users/tcjr/Library/pnpm/global/5/.pnpm/winston-transport@4.6.0/node_modules/winston-transport/index.js:103:17)
    at doWrite (/Users/tcjr/Library/pnpm/global/5/.pnpm/readable-stream@3.6.2/node_modules/readable-stream/lib/_stream_writable.js:390:139)
[error] 
[error] Error: An unexpected error has occurred.
[debug] [2026-02-22T03:22:36.342Z] Error: write EPIPE
    at afterWriteDispatched (node:internal/stream_base_commons:159:15)
    at writeGeneric (node:internal/stream_base_commons:150:3)
    at Socket._writeGeneric (node:net:966:11)
    at Socket._write (node:net:978:8)
    at writeOrBuffer (node:internal/streams/writable:572:12)
    at _write (node:internal/streams/writable:501:10)
    at Writable.write (node:internal/streams/writable:510:10)
    at Console.log (/Users/tcjr/Library/pnpm/global/5/.pnpm/winston@3.11.0/node_modules/winston/lib/winston/transports/console.js:79:23)
    at Console._write (/Users/tcjr/Library/pnpm/global/5/.pnpm/winston-transport@4.6.0/node_modules/winston-transport/index.js:103:17)
    at doWrite (/Users/tcjr/Library/pnpm/global/5/.pnpm/readable-stream@3.6.2/node_modules/readable-stream/lib/_stream_writable.js:390:139)
[error] 
[error] Error: An unexpected error has occurred.
[debug] [2026-02-22T03:22:36.342Z] Error: write EPIPE
    at afterWriteDispatched (node:internal/stream_base_commons:159:15)
    at writeGeneric (node:internal/stream_base_commons:150:3)
    at Socket._writeGeneric (node:net:966:11)
    at Socket._write (node:net:978:8)
    at writeOrBuffer (node:internal/streams/writable:572:12)
    at _write (node:internal/streams/writable:501:10)
    at Writable.write (node:internal/streams/writable:510:10)
    at Console.log (/Users/tcjr/Library/pnpm/global/5/.pnpm/winston@3.11.0/node_modules/winston/lib/winston/transports/console.js:79:23)
    at Console._write (/Users/tcjr/Library/pnpm/global/5/.pnpm/winston-transport@4.6.0/node_modules/winston-transport/index.js:103:17)
    at doWrite (/Users/tcjr/Library/pnpm/global/5/.pnpm/readable-stream@3.6.2/node_modules/readable-stream/lib/_stream_writable.js:390:139)
[error] 
[error] Error: An unexpected error has occurred.
[debug] [2026-02-22T03:22:36.342Z] Error: write EPIPE
    at afterWriteDispatched (node:internal/stream_base_commons:159:15)
    at writeGeneric (node:internal/stream_base_commons:150:3)
    at Socket._writeGeneric (node:net:966:11)
    at Socket._write (node:net:978:8)
    at writeOrBuffer (node:internal/streams/writable:572:12)
    at _write (node:internal/streams/writable:501:10)
    at Writable.write (node:internal/streams/writable:510:10)
    at Console.log (/Users/tcjr/Library/pnpm/global/5/.pnpm/winston@3.11.0/node_modules/winston/lib/winston/transports/console.js:79:23)
    at Console._write (/Users/tcjr/Library/pnpm/global/5/.pnpm/winston-transport@4.6.0/node_modules/winston-transport/index.js:103:17)
    at doWrite (/Users/tcjr/Library/pnpm/global/5/.pnpm/readable-stream@3.6.2/node_modules/readable-stream/lib/_stream_writable.js:390:139)
[error] 
[error] Error: An unexpected error has occurred.
[debug] [2026-02-22T03:22:36.342Z] Error: write EPIPE
    at afterWriteDispatched (node:internal/stream_base_commons:159:15)
    at writeGeneric (node:internal/stream_base_commons:150:3)
    at Socket._writeGeneric (node:net:966:11)
    at Socket._write (node:net:978:8)
    at writeOrBuffer (node:internal/streams/writable:572:12)
    at _write (node:internal/streams/writable:501:10)
    at Writable.write (node:internal/streams/writable:510:10)
    at Console.log (/Users/tcjr/Library/pnpm/global/5/.pnpm/winston@3.11.0/node_modules/winston/lib/winston/transports/console.js:79:23)
    at Console._write (/Users/tcjr/Library/pnpm/global/5/.pnpm/winston-transport@4.6.0/node_modules/winston-transport/index.js:103:17)
    at doWrite (/Users/tcjr/Library/pnpm/global/5/.pnpm/readable-stream@3.6.2/node_modules/readable-stream/lib/_stream_writable.js:390:139)
[error] 
[error] Error: An unexpected error has occurred.
[debug] [2026-02-22T03:22:36.343Z] Error: write EPIPE
    at afterWriteDispatched (node:internal/stream_base_commons:159:15)
    at writeGeneric (node:internal/stream_base_commons:150:3)
    at Socket._writeGeneric (node:net:966:11)
    at Socket._write (node:net:978:8)
    at writeOrBuffer (node:internal/streams/writable:572:12)
    at _write (node:internal/streams/writable:501:10)
    at Writable.write (node:internal/streams/writable:510:10)
    at Console.log (/Users/tcjr/Library/pnpm/global/5/.pnpm/winston@3.11.0/node_modules/winston/lib/winston/transports/console.js:79:23)
    at Console._write (/Users/tcjr/Library/pnpm/global/5/.pnpm/winston-transport@4.6.0/node_modules/winston-transport/index.js:103:17)
    at doWrite (/Users/tcjr/Library/pnpm/global/5/.pnpm/readable-stream@3.6.2/node_modules/readable-stream/lib/_stream_writable.js:390:139)
[error] 
[error] Error: An unexpected error has occurred.
[debug] [2026-02-22T03:22:36.343Z] Error: write EPIPE
    at afterWriteDispatched (node:internal/stream_base_commons:159:15)
    at writeGeneric (node:internal/stream_base_commons:150:3)
    at Socket._writeGeneric (node:net:966:11)
    at Socket._write (node:net:978:8)
    at writeOrBuffer (node:internal/streams/writable:572:12)
    at _write (node:internal/streams/writable:501:10)
    at Writable.write (node:internal/streams/writable:510:10)
    at Console.log (/Users/tcjr/Library/pnpm/global/5/.pnpm/winston@3.11.0/node_modules/winston/lib/winston/transports/console.js:79:23)
    at Console._write (/Users/tcjr/Library/pnpm/global/5/.pnpm/winston-transport@4.6.0/node_modules/winston-transport/index.js:103:17)
    at doWrite (/Users/tcjr/Library/pnpm/global/5/.pnpm/readable-stream@3.6.2/node_modules/readable-stream/lib/_stream_writable.js:390:139)
[error] 
[error] Error: An unexpected error has occurred.
[debug] [2026-02-22T03:22:36.343Z] Error: write EPIPE
    at afterWriteDispatched (node:internal/stream_base_commons:159:15)
    at writeGeneric (node:internal/stream_base_commons:150:3)
    at Socket._writeGeneric (node:net:966:11)
    at Socket._write (node:net:978:8)
    at writeOrBuffer (node:internal/streams/writable:572:12)
    at _write (node:internal/streams/writable:501:10)
    at Writable.write (node:internal/streams/writable:510:10)
    at Console.log (/Users/tcjr/Library/pnpm/global/5/.pnpm/winston@3.11.0/node_modules/winston/lib/winston/transports/console.js:79:23)
    at Console._write (/Users/tcjr/Library/pnpm/global/5/.pnpm/winston-transport@4.6.0/node_modules/winston-transport/index.js:103:17)
    at doWrite (/Users/tcjr/Library/pnpm/global/5/.pnpm/readable-stream@3.6.2/node_modules/readable-stream/lib/_stream_writable.js:390:139)
[error] 
[error] Error: An unexpected error has occurred.
[debug] [2026-02-22T03:22:36.343Z] Error: write EPIPE
    at afterWriteDispatched (node:internal/stream_base_commons:159:15)
    at writeGeneric (node:internal/stream_base_commons:150:3)
    at Socket._writeGeneric (node:net:966:11)
    at Socket._write (node:net:978:8)
    at writeOrBuffer (node:internal/streams/writable:572:12)
    at _write (node:internal/streams/writable:501:10)
    at Writable.write (node:internal/streams/writable:510:10)
    at Console.log (/Users/tcjr/Library/pnpm/global/5/.pnpm/winston@3.11.0/node_modules/winston/lib/winston/transports/console.js:79:23)
    at Console._write (/Users/tcjr/Library/pnpm/global/5/.pnpm/winston-transport@4.6.0/node_modules/winston-transport/index.js:103:17)
    at doWrite (/Users/tcjr/Library/pnpm/global/5/.pnpm/readable-stream@3.6.2/node_modules/readable-stream/lib/_stream_writable.js:390:139)
[error] 
[error] Error: An unexpected error has occurred.
[debug] [2026-02-22T03:22:36.344Z] Error: write EPIPE
    at afterWriteDispatched (node:internal/stream_base_commons:159:15)
    at writeGeneric (node:internal/stream_base_commons:150:3)
    at Socket._writeGeneric (node:net:966:11)
    at Socket._write (node:net:978:8)
    at writeOrBuffer (node:internal/streams/writable:572:12)
    at _write (node:internal/streams/writable:501:10)
    at Writable.write (node:internal/streams/writable:510:10)
    at Console.log (/Users/tcjr/Library/pnpm/global/5/.pnpm/winston@3.11.0/node_modules/winston/lib/winston/transports/console.js:79:23)
    at Console._write (/Users/tcjr/Library/pnpm/global/5/.pnpm/winston-transport@4.6.0/node_modules/winston-transport/index.js:103:17)
    at doWrite (/Users/tcjr/Library/pnpm/global/5/.pnpm/readable-stream@3.6.2/node_modules/readable-stream/lib/_stream_writable.js:390:139)
[error] 
[error] Error: An unexpected error has occurred.
[debug] [2026-02-22T03:22:36.344Z] Error: write EPIPE
    at afterWriteDispatched (node:internal/stream_base_commons:159:15)
    at writeGeneric (node:internal/stream_base_commons:150:3)
    at Socket._writeGeneric (node:net:966:11)
    at Socket._write (node:net:978:8)
    at writeOrBuffer (node:internal/streams/writable:572:12)
    at _write (node:internal/streams/writable:501:10)
    at Writable.write (node:internal/streams/writable:510:10)
    at Console.log (/Users/tcjr/Library/pnpm/global/5/.pnpm/winston@3.11.0/node_modules/winston/lib/winston/transports/console.js:79:23)
    at Console._write (/Users/tcjr/Library/pnpm/global/5/.pnpm/winston-transport@4.6.0/node_modules/winston-transport/index.js:103:17)
    at doWrite (/Users/tcjr/Library/pnpm/global/5/.pnpm/readable-stream@3.6.2/node_modules/readable-stream/lib/_stream_writable.js:390:139)
[error] 
[error] Error: An unexpected error has occurred.
[debug] [2026-02-22T03:22:36.344Z] Error: write EPIPE
    at afterWriteDispatched (node:internal/stream_base_commons:159:15)
    at writeGeneric (node:internal/stream_base_commons:150:3)
    at Socket._writeGeneric (node:net:966:11)
    at Socket._write (node:net:978:8)
    at writeOrBuffer (node:internal/streams/writable:572:12)
    at _write (node:internal/streams/writable:501:10)
    at Writable.write (node:internal/streams/writable:510:10)
    at Console.log (/Users/tcjr/Library/pnpm/global/5/.pnpm/winston@3.11.0/node_modules/winston/lib/winston/transports/console.js:79:23)
    at Console._write (/Users/tcjr/Library/pnpm/global/5/.pnpm/winston-transport@4.6.0/node_modules/winston-transport/index.js:103:17)
    at doWrite (/Users/tcjr/Library/pnpm/global/5/.pnpm/readable-stream@3.6.2/node_modules/readable-stream/lib/_stream_writable.js:390:139)
[error] 
[error] Error: An unexpected error has occurred.
[debug] [2026-02-22T03:22:36.344Z] Error: write EPIPE
    at afterWriteDispatched (node:internal/stream_base_commons:159:15)
    at writeGeneric (node:internal/stream_base_commons:150:3)
    at Socket._writeGeneric (node:net:966:11)
    at Socket._write (node:net:978:8)
    at writeOrBuffer (node:internal/streams/writable:572:12)
    at _write (node:internal/streams/writable:501:10)
    at Writable.write (node:internal/streams/writable:510:10)
    at Console.log (/Users/tcjr/Library/pnpm/global/5/.pnpm/winston@3.11.0/node_modules/winston/lib/winston/transports/console.js:79:23)
    at Console._write (/Users/tcjr/Library/pnpm/global/5/.pnpm/winston-transport@4.6.0/node_modules/winston-transport/index.js:103:17)
    at doWrite (/Users/tcjr/Library/pnpm/global/5/.pnpm/readable-stream@3.6.2/node_modules/readable-stream/lib/_stream_writable.js:390:139)
[error] 
[error] Error: An unexpected error has occurred.
[debug] [2026-02-22T03:22:36.345Z] Error: write EPIPE
    at afterWriteDispatched (node:internal/stream_base_commons:159:15)
    at writeGeneric (node:internal/stream_base_commons:150:3)
    at Socket._writeGeneric (node:net:966:11)
    at Socket._write (node:net:978:8)
    at writeOrBuffer (node:internal/streams/writable:572:12)
    at _write (node:internal/streams/writable:501:10)
    at Writable.write (node:internal/streams/writable:510:10)
    at Console.log (/Users/tcjr/Library/pnpm/global/5/.pnpm/winston@3.11.0/node_modules/winston/lib/winston/transports/console.js:79:23)
    at Console._write (/Users/tcjr/Library/pnpm/global/5/.pnpm/winston-transport@4.6.0/node_modules/winston-transport/index.js:103:17)
    at doWrite (/Users/tcjr/Library/pnpm/global/5/.pnpm/readable-stream@3.6.2/node_modules/readable-stream/lib/_stream_writable.js:390:139)
[error] 
[error] Error: An unexpected error has occurred.
[debug] [2026-02-22T03:22:36.345Z] Error: write EPIPE
    at afterWriteDispatched (node:internal/stream_base_commons:159:15)
    at writeGeneric (node:internal/stream_base_commons:150:3)
    at Socket._writeGeneric (node:net:966:11)
    at Socket._write (node:net:978:8)
    at writeOrBuffer (node:internal/streams/writable:572:12)
    at _write (node:internal/streams/writable:501:10)
    at Writable.write (node:internal/streams/writable:510:10)
    at Console.log (/Users/tcjr/Library/pnpm/global/5/.pnpm/winston@3.11.0/node_modules/winston/lib/winston/transports/console.js:79:23)
    at Console._write (/Users/tcjr/Library/pnpm/global/5/.pnpm/winston-transport@4.6.0/node_modules/winston-transport/index.js:103:17)
    at doWrite (/Users/tcjr/Library/pnpm/global/5/.pnpm/readable-stream@3.6.2/node_modules/readable-stream/lib/_stream_writable.js:390:139)
[error] 
[error] Error: An unexpected error has occurred.
[debug] [2026-02-22T03:22:36.345Z] Error: write EPIPE
    at afterWriteDispatched (node:internal/stream_base_commons:159:15)
    at writeGeneric (node:internal/stream_base_commons:150:3)
    at Socket._writeGeneric (node:net:966:11)
    at Socket._write (node:net:978:8)
    at writeOrBuffer (node:internal/streams/writable:572:12)
    at _write (node:internal/streams/writable:501:10)
    at Writable.write (node:internal/streams/writable:510:10)
    at Console.log (/Users/tcjr/Library/pnpm/global/5/.pnpm/winston@3.11.0/node_modules/winston/lib/winston/transports/console.js:79:23)
    at Console._write (/Users/tcjr/Library/pnpm/global/5/.pnpm/winston-transport@4.6.0/node_modules/winston-transport/index.js:103:17)
    at doWrite (/Users/tcjr/Library/pnpm/global/5/.pnpm/readable-stream@3.6.2/node_modules/readable-stream/lib/_stream_writable.js:390:139)
[error] 
[error] Error: An unexpected error has occurred.
[debug] [2026-02-22T03:22:36.345Z] Error: write EPIPE
    at afterWriteDispatched (node:internal/stream_base_commons:159:15)
    at writeGeneric (node:internal/stream_base_commons:150:3)
    at Socket._writeGeneric (node:net:966:11)
    at Socket._write (node:net:978:8)
    at writeOrBuffer (node:internal/streams/writable:572:12)
    at _write (node:internal/streams/writable:501:10)
    at Writable.write (node:internal/streams/writable:510:10)
    at Console.log (/Users/tcjr/Library/pnpm/global/5/.pnpm/winston@3.11.0/node_modules/winston/lib/winston/transports/console.js:79:23)
    at Console._write (/Users/tcjr/Library/pnpm/global/5/.pnpm/winston-transport@4.6.0/node_modules/winston-transport/index.js:103:17)
    at doWrite (/Users/tcjr/Library/pnpm/global/5/.pnpm/readable-stream@3.6.2/node_modules/readable-stream/lib/_stream_writable.js:390:139)
[error] 
[error] Error: An unexpected error has occurred.
[debug] [2026-02-22T03:22:36.346Z] Error: write EPIPE
    at afterWriteDispatched (node:internal/stream_base_commons:159:15)
    at writeGeneric (node:internal/stream_base_commons:150:3)
    at Socket._writeGeneric (node:net:966:11)
    at Socket._write (node:net:978:8)
    at writeOrBuffer (node:internal/streams/writable:572:12)
    at _write (node:internal/streams/writable:501:10)
    at Writable.write (node:internal/streams/writable:510:10)
    at Console.log (/Users/tcjr/Library/pnpm/global/5/.pnpm/winston@3.11.0/node_modules/winston/lib/winston/transports/console.js:79:23)
    at Console._write (/Users/tcjr/Library/pnpm/global/5/.pnpm/winston-transport@4.6.0/node_modules/winston-transport/index.js:103:17)
    at doWrite (/Users/tcjr/Library/pnpm/global/5/.pnpm/readable-stream@3.6.2/node_modules/readable-stream/lib/_stream_writable.js:390:139)
[error] 
[error] Error: An unexpected error has occurred.
[debug] [2026-02-22T03:22:36.346Z] Error: write EPIPE
    at afterWriteDispatched (node:internal/stream_base_commons:159:15)
    at writeGeneric (node:internal/stream_base_commons:150:3)
    at Socket._writeGeneric (node:net:966:11)
    at Socket._write (node:net:978:8)
    at writeOrBuffer (node:internal/streams/writable:572:12)
    at _write (node:internal/streams/writable:501:10)
    at Writable.write (node:internal/streams/writable:510:10)
    at Console.log (/Users/tcjr/Library/pnpm/global/5/.pnpm/winston@3.11.0/node_modules/winston/lib/winston/transports/console.js:79:23)
    at Console._write (/Users/tcjr/Library/pnpm/global/5/.pnpm/winston-transport@4.6.0/node_modules/winston-transport/index.js:103:17)
    at doWrite (/Users/tcjr/Library/pnpm/global/5/.pnpm/readable-stream@3.6.2/node_modules/readable-stream/lib/_stream_writable.js:390:139)
[error] 
[error] Error: An unexpected error has occurred.
[debug] [2026-02-22T03:22:36.346Z] Error: write EPIPE
    at afterWriteDispatched (node:internal/stream_base_commons:159:15)
    at writeGeneric (node:internal/stream_base_commons:150:3)
    at Socket._writeGeneric (node:net:966:11)
    at Socket._write (node:net:978:8)
    at writeOrBuffer (node:internal/streams/writable:572:12)
    at _write (node:internal/streams/writable:501:10)
    at Writable.write (node:internal/streams/writable:510:10)
    at Console.log (/Users/tcjr/Library/pnpm/global/5/.pnpm/winston@3.11.0/node_modules/winston/lib/winston/transports/console.js:79:23)
    at Console._write (/Users/tcjr/Library/pnpm/global/5/.pnpm/winston-transport@4.6.0/node_modules/winston-transport/index.js:103:17)
    at doWrite (/Users/tcjr/Library/pnpm/global/5/.pnpm/readable-stream@3.6.2/node_modules/readable-stream/lib/_stream_writable.js:390:139)
[error] 
[error] Error: An unexpected error has occurred.
[debug] [2026-02-22T03:22:36.346Z] Error: write EPIPE
    at afterWriteDispatched (node:internal/stream_base_commons:159:15)
    at writeGeneric (node:internal/stream_base_commons:150:3)
    at Socket._writeGeneric (node:net:966:11)
    at Socket._write (node:net:978:8)
    at writeOrBuffer (node:internal/streams/writable:572:12)
    at _write (node:internal/streams/writable:501:10)
    at Writable.write (node:internal/streams/writable:510:10)
    at Console.log (/Users/tcjr/Library/pnpm/global/5/.pnpm/winston@3.11.0/node_modules/winston/lib/winston/transports/console.js:79:23)
    at Console._write (/Users/tcjr/Library/pnpm/global/5/.pnpm/winston-transport@4.6.0/node_modules/winston-transport/index.js:103:17)
    at doWrite (/Users/tcjr/Library/pnpm/global/5/.pnpm/readable-stream@3.6.2/node_modules/readable-stream/lib/_stream_writable.js:390:139)
[error] 
[error] Error: An unexpected error has occurred.
[debug] [2026-02-22T03:22:36.347Z] Error: write EPIPE
    at afterWriteDispatched (node:internal/stream_base_commons:159:15)
    at writeGeneric (node:internal/stream_base_commons:150:3)
    at Socket._writeGeneric (node:net:966:11)
    at Socket._write (node:net:978:8)
    at writeOrBuffer (node:internal/streams/writable:572:12)
    at _write (node:internal/streams/writable:501:10)
    at Writable.write (node:internal/streams/writable:510:10)
    at Console.log (/Users/tcjr/Library/pnpm/global/5/.pnpm/winston@3.11.0/node_modules/winston/lib/winston/transports/console.js:79:23)
    at Console._write (/Users/tcjr/Library/pnpm/global/5/.pnpm/winston-transport@4.6.0/node_modules/winston-transport/index.js:103:17)
    at doWrite (/Users/tcjr/Library/pnpm/global/5/.pnpm/readable-stream@3.6.2/node_modules/readable-stream/lib/_stream_writable.js:390:139)
[error] 
[error] Error: An unexpected error has occurred.
[debug] [2026-02-22T03:22:36.347Z] Error: write EPIPE
    at afterWriteDispatched (node:internal/stream_base_commons:159:15)
    at writeGeneric (node:internal/stream_base_commons:150:3)
    at Socket._writeGeneric (node:net:966:11)
    at Socket._write (node:net:978:8)
    at writeOrBuffer (node:internal/streams/writable:572:12)
    at _write (node:internal/streams/writable:501:10)
    at Writable.write (node:internal/streams/writable:510:10)
    at Console.log (/Users/tcjr/Library/pnpm/global/5/.pnpm/winston@3.11.0/node_modules/winston/lib/winston/transports/console.js:79:23)
    at Console._write (/Users/tcjr/Library/pnpm/global/5/.pnpm/winston-transport@4.6.0/node_modules/winston-transport/index.js:103:17)
    at doWrite (/Users/tcjr/Library/pnpm/global/5/.pnpm/readable-stream@3.6.2/node_modules/readable-stream/lib/_stream_writable.js:390:139)
[error] 
[error] Error: An unexpected error has occurred.
[debug] [2026-02-22T03:22:36.347Z] Error: write EPIPE
    at afterWriteDispatched (node:internal/stream_base_commons:159:15)
    at writeGeneric (node:internal/stream_base_commons:150:3)
    at Socket._writeGeneric (node:net:966:11)
    at Socket._write (node:net:978:8)
    at writeOrBuffer (node:internal/streams/writable:572:12)
    at _write (node:internal/streams/writable:501:10)
    at Writable.write (node:internal/streams/writable:510:10)
    at Console.log (/Users/tcjr/Library/pnpm/global/5/.pnpm/winston@3.11.0/node_modules/winston/lib/winston/transports/console.js:79:23)
    at Console._write (/Users/tcjr/Library/pnpm/global/5/.pnpm/winston-transport@4.6.0/node_modules/winston-transport/index.js:103:17)
    at doWrite (/Users/tcjr/Library/pnpm/global/5/.pnpm/readable-stream@3.6.2/node_modules/readable-stream/lib/_stream_writable.js:390:139)
[error] 
[error] Error: An unexpected error has occurred.
[info] i  hub: Stopping emulator hub {"metadata":{"emulator":{"name":"hub"},"message":"Stopping emulator hub"}}
[info] i  hub: Stopping emulator hub {"metadata":{"emulator":{"name":"hub"},"message":"Stopping emulator hub"}}
[info] i  logging: Stopping Logging Emulator {"metadata":{"emulator":{"name":"logging"},"message":"Stopping Logging Emulator"}}
[info] i  logging: Stopping Logging Emulator {"metadata":{"emulator":{"name":"logging"},"message":"Stopping Logging Emulator"}}
[debug] [2026-02-22T03:22:36.352Z] Error: write EPIPE
    at afterWriteDispatched (node:internal/stream_base_commons:159:15)
    at writeGeneric (node:internal/stream_base_commons:150:3)
    at Socket._writeGeneric (node:net:966:11)
    at Socket._write (node:net:978:8)
    at writeOrBuffer (node:internal/streams/writable:572:12)
    at _write (node:internal/streams/writable:501:10)
    at Writable.write (node:internal/streams/writable:510:10)
    at Console.log (/Users/tcjr/Library/pnpm/global/5/.pnpm/winston@3.11.0/node_modules/winston/lib/winston/transports/console.js:79:23)
    at Console._write (/Users/tcjr/Library/pnpm/global/5/.pnpm/winston-transport@4.6.0/node_modules/winston-transport/index.js:103:17)
    at doWrite (/Users/tcjr/Library/pnpm/global/5/.pnpm/readable-stream@3.6.2/node_modules/readable-stream/lib/_stream_writable.js:390:139)
[error] 
[error] Error: An unexpected error has occurred.
[debug] [2026-02-22T03:22:36.352Z] Error: write EPIPE
    at afterWriteDispatched (node:internal/stream_base_commons:159:15)
    at writeGeneric (node:internal/stream_base_commons:150:3)
    at Socket._writeGeneric (node:net:966:11)
    at Socket._write (node:net:978:8)
    at writeOrBuffer (node:internal/streams/writable:572:12)
    at _write (node:internal/streams/writable:501:10)
    at Writable.write (node:internal/streams/writable:510:10)
    at Console.log (/Users/tcjr/Library/pnpm/global/5/.pnpm/winston@3.11.0/node_modules/winston/lib/winston/transports/console.js:79:23)
    at Console._write (/Users/tcjr/Library/pnpm/global/5/.pnpm/winston-transport@4.6.0/node_modules/winston-transport/index.js:103:17)
    at doWrite (/Users/tcjr/Library/pnpm/global/5/.pnpm/readable-stream@3.6.2/node_modules/readable-stream/lib/_stream_writable.js:390:139)
[error] 
[error] Error: An unexpected error has occurred.
[debug] [2026-02-22T03:22:36.353Z] Error: write EPIPE
    at afterWriteDispatched (node:internal/stream_base_commons:159:15)
    at writeGeneric (node:internal/stream_base_commons:150:3)
    at Socket._writeGeneric (node:net:966:11)
    at Socket._write (node:net:978:8)
    at writeOrBuffer (node:internal/streams/writable:572:12)
    at _write (node:internal/streams/writable:501:10)
    at Writable.write (node:internal/streams/writable:510:10)
    at Console.log (/Users/tcjr/Library/pnpm/global/5/.pnpm/winston@3.11.0/node_modules/winston/lib/winston/transports/console.js:79:23)
    at Console._write (/Users/tcjr/Library/pnpm/global/5/.pnpm/winston-transport@4.6.0/node_modules/winston-transport/index.js:103:17)
    at doWrite (/Users/tcjr/Library/pnpm/global/5/.pnpm/readable-stream@3.6.2/node_modules/readable-stream/lib/_stream_writable.js:390:139)
[error] 
[error] Error: An unexpected error has occurred.
[debug] [2026-02-22T03:22:36.353Z] Error: write EPIPE
    at afterWriteDispatched (node:internal/stream_base_commons:159:15)
    at writeGeneric (node:internal/stream_base_commons:150:3)
    at Socket._writeGeneric (node:net:966:11)
    at Socket._write (node:net:978:8)
    at writeOrBuffer (node:internal/streams/writable:572:12)
    at _write (node:internal/streams/writable:501:10)
    at Writable.write (node:internal/streams/writable:510:10)
    at Console.log (/Users/tcjr/Library/pnpm/global/5/.pnpm/winston@3.11.0/node_modules/winston/lib/winston/transports/console.js:79:23)
    at Console._write (/Users/tcjr/Library/pnpm/global/5/.pnpm/winston-transport@4.6.0/node_modules/winston-transport/index.js:103:17)
    at doWrite (/Users/tcjr/Library/pnpm/global/5/.pnpm/readable-stream@3.6.2/node_modules/readable-stream/lib/_stream_writable.js:390:139)
[error] 
[error] Error: An unexpected error has occurred.
[debug] [2026-02-22T03:22:36.353Z] Error: write EPIPE
    at afterWriteDispatched (node:internal/stream_base_commons:159:15)
    at writeGeneric (node:internal/stream_base_commons:150:3)
    at Socket._writeGeneric (node:net:966:11)
    at Socket._write (node:net:978:8)
    at writeOrBuffer (node:internal/streams/writable:572:12)
    at _write (node:internal/streams/writable:501:10)
    at Writable.write (node:internal/streams/writable:510:10)
    at Console.log (/Users/tcjr/Library/pnpm/global/5/.pnpm/winston@3.11.0/node_modules/winston/lib/winston/transports/console.js:79:23)
    at Console._write (/Users/tcjr/Library/pnpm/global/5/.pnpm/winston-transport@4.6.0/node_modules/winston-transport/index.js:103:17)
    at doWrite (/Users/tcjr/Library/pnpm/global/5/.pnpm/readable-stream@3.6.2/node_modules/readable-stream/lib/_stream_writable.js:390:139)
[error] 
[error] Error: An unexpected error has occurred.
[debug] [2026-02-22T03:22:36.353Z] Error: write EPIPE
    at afterWriteDispatched (node:internal/stream_base_commons:159:15)
    at writeGeneric (node:internal/stream_base_commons:150:3)
    at Socket._writeGeneric (node:net:966:11)
    at Socket._write (node:net:978:8)
    at writeOrBuffer (node:internal/streams/writable:572:12)
    at _write (node:internal/streams/writable:501:10)
    at Writable.write (node:internal/streams/writable:510:10)
    at Console.log (/Users/tcjr/Library/pnpm/global/5/.pnpm/winston@3.11.0/node_modules/winston/lib/winston/transports/console.js:79:23)
    at Console._write (/Users/tcjr/Library/pnpm/global/5/.pnpm/winston-transport@4.6.0/node_modules/winston-transport/index.js:103:17)
    at doWrite (/Users/tcjr/Library/pnpm/global/5/.pnpm/readable-stream@3.6.2/node_modules/readable-stream/lib/_stream_writable.js:390:139)
[error] 
[error] Error: An unexpected error has occurred.
[debug] [2026-02-22T03:22:36.354Z] Error: write EPIPE
    at afterWriteDispatched (node:internal/stream_base_commons:159:15)
    at writeGeneric (node:internal/stream_base_commons:150:3)
    at Socket._writeGeneric (node:net:966:11)
    at Socket._write (node:net:978:8)
    at writeOrBuffer (node:internal/streams/writable:572:12)
    at _write (node:internal/streams/writable:501:10)
    at Writable.write (node:internal/streams/writable:510:10)
    at Console.log (/Users/tcjr/Library/pnpm/global/5/.pnpm/winston@3.11.0/node_modules/winston/lib/winston/transports/console.js:79:23)
    at Console._write (/Users/tcjr/Library/pnpm/global/5/.pnpm/winston-transport@4.6.0/node_modules/winston-transport/index.js:103:17)
    at doWrite (/Users/tcjr/Library/pnpm/global/5/.pnpm/readable-stream@3.6.2/node_modules/readable-stream/lib/_stream_writable.js:390:139)
[error] 
[error] Error: An unexpected error has occurred.
[debug] [2026-02-22T03:22:36.354Z] Error: write EPIPE
    at afterWriteDispatched (node:internal/stream_base_commons:159:15)
    at writeGeneric (node:internal/stream_base_commons:150:3)
    at Socket._writeGeneric (node:net:966:11)
    at Socket._write (node:net:978:8)
    at writeOrBuffer (node:internal/streams/writable:572:12)
    at _write (node:internal/streams/writable:501:10)
    at Writable.write (node:internal/streams/writable:510:10)
    at Console.log (/Users/tcjr/Library/pnpm/global/5/.pnpm/winston@3.11.0/node_modules/winston/lib/winston/transports/console.js:79:23)
    at Console._write (/Users/tcjr/Library/pnpm/global/5/.pnpm/winston-transport@4.6.0/node_modules/winston-transport/index.js:103:17)
    at doWrite (/Users/tcjr/Library/pnpm/global/5/.pnpm/readable-stream@3.6.2/node_modules/readable-stream/lib/_stream_writable.js:390:139)
[error] 
[error] Error: An unexpected error has occurred.
[debug] [2026-02-22T03:22:36.354Z] Error: write EPIPE
    at afterWriteDispatched (node:internal/stream_base_commons:159:15)
    at writeGeneric (node:internal/stream_base_commons:150:3)
    at Socket._writeGeneric (node:net:966:11)
    at Socket._write (node:net:978:8)
    at writeOrBuffer (node:internal/streams/writable:572:12)
    at _write (node:internal/streams/writable:501:10)
    at Writable.write (node:internal/streams/writable:510:10)
    at Console.log (/Users/tcjr/Library/pnpm/global/5/.pnpm/winston@3.11.0/node_modules/winston/lib/winston/transports/console.js:79:23)
    at Console._write (/Users/tcjr/Library/pnpm/global/5/.pnpm/winston-transport@4.6.0/node_modules/winston-transport/index.js:103:17)
    at doWrite (/Users/tcjr/Library/pnpm/global/5/.pnpm/readable-stream@3.6.2/node_modules/readable-stream/lib/_stream_writable.js:390:139)
[error] 
[error] Error: An unexpected error has occurred.
[debug] [2026-02-22T03:22:36.354Z] Error: write EPIPE
    at afterWriteDispatched (node:internal/stream_base_commons:159:15)
    at writeGeneric (node:internal/stream_base_commons:150:3)
    at Socket._writeGeneric (node:net:966:11)
    at Socket._write (node:net:978:8)
    at writeOrBuffer (node:internal/streams/writable:572:12)
    at _write (node:internal/streams/writable:501:10)
    at Writable.write (node:internal/streams/writable:510:10)
    at Console.log (/Users/tcjr/Library/pnpm/global/5/.pnpm/winston@3.11.0/node_modules/winston/lib/winston/transports/console.js:79:23)
    at Console._write (/Users/tcjr/Library/pnpm/global/5/.pnpm/winston-transport@4.6.0/node_modules/winston-transport/index.js:103:17)
    at doWrite (/Users/tcjr/Library/pnpm/global/5/.pnpm/readable-stream@3.6.2/node_modules/readable-stream/lib/_stream_writable.js:390:139)
[error] 
[error] Error: An unexpected error has occurred.
[debug] [2026-02-22T03:22:36.354Z] Error: write EPIPE
    at afterWriteDispatched (node:internal/stream_base_commons:159:15)
    at writeGeneric (node:internal/stream_base_commons:150:3)
    at Socket._writeGeneric (node:net:966:11)
    at Socket._write (node:net:978:8)
    at writeOrBuffer (node:internal/streams/writable:572:12)
    at _write (node:internal/streams/writable:501:10)
    at Writable.write (node:internal/streams/writable:510:10)
    at Console.log (/Users/tcjr/Library/pnpm/global/5/.pnpm/winston@3.11.0/node_modules/winston/lib/winston/transports/console.js:79:23)
    at Console._write (/Users/tcjr/Library/pnpm/global/5/.pnpm/winston-transport@4.6.0/node_modules/winston-transport/index.js:103:17)
    at doWrite (/Users/tcjr/Library/pnpm/global/5/.pnpm/readable-stream@3.6.2/node_modules/readable-stream/lib/_stream_writable.js:390:139)
[error] 
[error] Error: An unexpected error has occurred.
[debug] [2026-02-22T03:22:36.355Z] Error: write EPIPE
    at afterWriteDispatched (node:internal/stream_base_commons:159:15)
    at writeGeneric (node:internal/stream_base_commons:150:3)
    at Socket._writeGeneric (node:net:966:11)
    at Socket._write (node:net:978:8)
    at writeOrBuffer (node:internal/streams/writable:572:12)
    at _write (node:internal/streams/writable:501:10)
    at Writable.write (node:internal/streams/writable:510:10)
    at Console.log (/Users/tcjr/Library/pnpm/global/5/.pnpm/winston@3.11.0/node_modules/winston/lib/winston/transports/console.js:79:23)
    at Console._write (/Users/tcjr/Library/pnpm/global/5/.pnpm/winston-transport@4.6.0/node_modules/winston-transport/index.js:103:17)
    at doWrite (/Users/tcjr/Library/pnpm/global/5/.pnpm/readable-stream@3.6.2/node_modules/readable-stream/lib/_stream_writable.js:390:139)
[error] 
[error] Error: An unexpected error has occurred.
[debug] [2026-02-22T03:22:36.355Z] Error: write EPIPE
    at afterWriteDispatched (node:internal/stream_base_commons:159:15)
    at writeGeneric (node:internal/stream_base_commons:150:3)
    at Socket._writeGeneric (node:net:966:11)
    at Socket._write (node:net:978:8)
    at writeOrBuffer (node:internal/streams/writable:572:12)
    at _write (node:internal/streams/writable:501:10)
    at Writable.write (node:internal/streams/writable:510:10)
    at Console.log (/Users/tcjr/Library/pnpm/global/5/.pnpm/winston@3.11.0/node_modules/winston/lib/winston/transports/console.js:79:23)
    at Console._write (/Users/tcjr/Library/pnpm/global/5/.pnpm/winston-transport@4.6.0/node_modules/winston-transport/index.js:103:17)
    at doWrite (/Users/tcjr/Library/pnpm/global/5/.pnpm/readable-stream@3.6.2/node_modules/readable-stream/lib/_stream_writable.js:390:139)
[error] 
[error] Error: An unexpected error has occurred.
[debug] [2026-02-22T03:22:36.355Z] Error: write EPIPE
    at afterWriteDispatched (node:internal/stream_base_commons:159:15)
    at writeGeneric (node:internal/stream_base_commons:150:3)
    at Socket._writeGeneric (node:net:966:11)
    at Socket._write (node:net:978:8)
    at writeOrBuffer (node:internal/streams/writable:572:12)
    at _write (node:internal/streams/writable:501:10)
    at Writable.write (node:internal/streams/writable:510:10)
    at Console.log (/Users/tcjr/Library/pnpm/global/5/.pnpm/winston@3.11.0/node_modules/winston/lib/winston/transports/console.js:79:23)
    at Console._write (/Users/tcjr/Library/pnpm/global/5/.pnpm/winston-transport@4.6.0/node_modules/winston-transport/index.js:103:17)
    at doWrite (/Users/tcjr/Library/pnpm/global/5/.pnpm/readable-stream@3.6.2/node_modules/readable-stream/lib/_stream_writable.js:390:139)
[error] 
[error] Error: An unexpected error has occurred.
[debug] [2026-02-22T03:22:36.355Z] Error: write EPIPE
    at afterWriteDispatched (node:internal/stream_base_commons:159:15)
    at writeGeneric (node:internal/stream_base_commons:150:3)
    at Socket._writeGeneric (node:net:966:11)
    at Socket._write (node:net:978:8)
    at writeOrBuffer (node:internal/streams/writable:572:12)
    at _write (node:internal/streams/writable:501:10)
    at Writable.write (node:internal/streams/writable:510:10)
    at Console.log (/Users/tcjr/Library/pnpm/global/5/.pnpm/winston@3.11.0/node_modules/winston/lib/winston/transports/console.js:79:23)
    at Console._write (/Users/tcjr/Library/pnpm/global/5/.pnpm/winston-transport@4.6.0/node_modules/winston-transport/index.js:103:17)
    at doWrite (/Users/tcjr/Library/pnpm/global/5/.pnpm/readable-stream@3.6.2/node_modules/readable-stream/lib/_stream_writable.js:390:139)
[error] 
[error] Error: An unexpected error has occurred.
[debug] [2026-02-22T03:22:36.355Z] Error: write EPIPE
    at afterWriteDispatched (node:internal/stream_base_commons:159:15)
    at writeGeneric (node:internal/stream_base_commons:150:3)
    at Socket._writeGeneric (node:net:966:11)
    at Socket._write (node:net:978:8)
    at writeOrBuffer (node:internal/streams/writable:572:12)
    at _write (node:internal/streams/writable:501:10)
    at Writable.write (node:internal/streams/writable:510:10)
    at Console.log (/Users/tcjr/Library/pnpm/global/5/.pnpm/winston@3.11.0/node_modules/winston/lib/winston/transports/console.js:79:23)
    at Console._write (/Users/tcjr/Library/pnpm/global/5/.pnpm/winston-transport@4.6.0/node_modules/winston-transport/index.js:103:17)
    at doWrite (/Users/tcjr/Library/pnpm/global/5/.pnpm/readable-stream@3.6.2/node_modules/readable-stream/lib/_stream_writable.js:390:139)
[error] 
[error] Error: An unexpected error has occurred.
[debug] [2026-02-22T03:22:36.356Z] Error: write EPIPE
    at afterWriteDispatched (node:internal/stream_base_commons:159:15)
    at writeGeneric (node:internal/stream_base_commons:150:3)
    at Socket._writeGeneric (node:net:966:11)
    at Socket._write (node:net:978:8)
    at writeOrBuffer (node:internal/streams/writable:572:12)
    at _write (node:internal/streams/writable:501:10)
    at Writable.write (node:internal/streams/writable:510:10)
    at Console.log (/Users/tcjr/Library/pnpm/global/5/.pnpm/winston@3.11.0/node_modules/winston/lib/winston/transports/console.js:79:23)
    at Console._write (/Users/tcjr/Library/pnpm/global/5/.pnpm/winston-transport@4.6.0/node_modules/winston-transport/index.js:103:17)
    at doWrite (/Users/tcjr/Library/pnpm/global/5/.pnpm/readable-stream@3.6.2/node_modules/readable-stream/lib/_stream_writable.js:390:139)
[error] 
[error] Error: An unexpected error has occurred.
[debug] [2026-02-22T03:22:36.356Z] Error: write EPIPE
    at afterWriteDispatched (node:internal/stream_base_commons:159:15)
    at writeGeneric (node:internal/stream_base_commons:150:3)
    at Socket._writeGeneric (node:net:966:11)
    at Socket._write (node:net:978:8)
    at writeOrBuffer (node:internal/streams/writable:572:12)
    at _write (node:internal/streams/writable:501:10)
    at Writable.write (node:internal/streams/writable:510:10)
    at Console.log (/Users/tcjr/Library/pnpm/global/5/.pnpm/winston@3.11.0/node_modules/winston/lib/winston/transports/console.js:79:23)
    at Console._write (/Users/tcjr/Library/pnpm/global/5/.pnpm/winston-transport@4.6.0/node_modules/winston-transport/index.js:103:17)
    at doWrite (/Users/tcjr/Library/pnpm/global/5/.pnpm/readable-stream@3.6.2/node_modules/readable-stream/lib/_stream_writable.js:390:139)
[error] 
[error] Error: An unexpected error has occurred.
[debug] [2026-02-22T03:22:36.357Z] Error: write EPIPE
    at afterWriteDispatched (node:internal/stream_base_commons:159:15)
    at writeGeneric (node:internal/stream_base_commons:150:3)
    at Socket._writeGeneric (node:net:966:11)
    at Socket._write (node:net:978:8)
    at writeOrBuffer (node:internal/streams/writable:572:12)
    at _write (node:internal/streams/writable:501:10)
    at Writable.write (node:internal/streams/writable:510:10)
    at Console.log (/Users/tcjr/Library/pnpm/global/5/.pnpm/winston@3.11.0/node_modules/winston/lib/winston/transports/console.js:79:23)
    at Console._write (/Users/tcjr/Library/pnpm/global/5/.pnpm/winston-transport@4.6.0/node_modules/winston-transport/index.js:103:17)
    at doWrite (/Users/tcjr/Library/pnpm/global/5/.pnpm/readable-stream@3.6.2/node_modules/readable-stream/lib/_stream_writable.js:390:139)
[error] 
[error] Error: An unexpected error has occurred.
[debug] [2026-02-22T03:22:36.357Z] Error: write EPIPE
    at afterWriteDispatched (node:internal/stream_base_commons:159:15)
    at writeGeneric (node:internal/stream_base_commons:150:3)
    at Socket._writeGeneric (node:net:966:11)
    at Socket._write (node:net:978:8)
    at writeOrBuffer (node:internal/streams/writable:572:12)
    at _write (node:internal/streams/writable:501:10)
    at Writable.write (node:internal/streams/writable:510:10)
    at Console.log (/Users/tcjr/Library/pnpm/global/5/.pnpm/winston@3.11.0/node_modules/winston/lib/winston/transports/console.js:79:23)
    at Console._write (/Users/tcjr/Library/pnpm/global/5/.pnpm/winston-transport@4.6.0/node_modules/winston-transport/index.js:103:17)
    at doWrite (/Users/tcjr/Library/pnpm/global/5/.pnpm/readable-stream@3.6.2/node_modules/readable-stream/lib/_stream_writable.js:390:139)
[error] 
[error] Error: An unexpected error has occurred.
[debug] [2026-02-22T03:22:36.357Z] Error: write EPIPE
    at afterWriteDispatched (node:internal/stream_base_commons:159:15)
    at writeGeneric (node:internal/stream_base_commons:150:3)
    at Socket._writeGeneric (node:net:966:11)
    at Socket._write (node:net:978:8)
    at writeOrBuffer (node:internal/streams/writable:572:12)
    at _write (node:internal/streams/writable:501:10)
    at Writable.write (node:internal/streams/writable:510:10)
    at Console.log (/Users/tcjr/Library/pnpm/global/5/.pnpm/winston@3.11.0/node_modules/winston/lib/winston/transports/console.js:79:23)
    at Console._write (/Users/tcjr/Library/pnpm/global/5/.pnpm/winston-transport@4.6.0/node_modules/winston-transport/index.js:103:17)
    at doWrite (/Users/tcjr/Library/pnpm/global/5/.pnpm/readable-stream@3.6.2/node_modules/readable-stream/lib/_stream_writable.js:390:139)
[error] 
[error] Error: An unexpected error has occurred.
[debug] [2026-02-22T03:22:36.358Z] Error: write EPIPE
    at afterWriteDispatched (node:internal/stream_base_commons:159:15)
    at writeGeneric (node:internal/stream_base_commons:150:3)
    at Socket._writeGeneric (node:net:966:11)
    at Socket._write (node:net:978:8)
    at writeOrBuffer (node:internal/streams/writable:572:12)
    at _write (node:internal/streams/writable:501:10)
    at Writable.write (node:internal/streams/writable:510:10)
    at Console.log (/Users/tcjr/Library/pnpm/global/5/.pnpm/winston@3.11.0/node_modules/winston/lib/winston/transports/console.js:79:23)
    at Console._write (/Users/tcjr/Library/pnpm/global/5/.pnpm/winston-transport@4.6.0/node_modules/winston-transport/index.js:103:17)
    at doWrite (/Users/tcjr/Library/pnpm/global/5/.pnpm/readable-stream@3.6.2/node_modules/readable-stream/lib/_stream_writable.js:390:139)
[error] 
[error] Error: An unexpected error has occurred.
[debug] [2026-02-22T03:22:36.358Z] Error: write EPIPE
    at afterWriteDispatched (node:internal/stream_base_commons:159:15)
    at writeGeneric (node:internal/stream_base_commons:150:3)
    at Socket._writeGeneric (node:net:966:11)
    at Socket._write (node:net:978:8)
    at writeOrBuffer (node:internal/streams/writable:572:12)
    at _write (node:internal/streams/writable:501:10)
    at Writable.write (node:internal/streams/writable:510:10)
    at Console.log (/Users/tcjr/Library/pnpm/global/5/.pnpm/winston@3.11.0/node_modules/winston/lib/winston/transports/console.js:79:23)
    at Console._write (/Users/tcjr/Library/pnpm/global/5/.pnpm/winston-transport@4.6.0/node_modules/winston-transport/index.js:103:17)
    at doWrite (/Users/tcjr/Library/pnpm/global/5/.pnpm/readable-stream@3.6.2/node_modules/readable-stream/lib/_stream_writable.js:390:139)
[error] 
[error] Error: An unexpected error has occurred.
[debug] [2026-02-22T03:22:36.358Z] Error: write EPIPE
    at afterWriteDispatched (node:internal/stream_base_commons:159:15)
    at writeGeneric (node:internal/stream_base_commons:150:3)
    at Socket._writeGeneric (node:net:966:11)
    at Socket._write (node:net:978:8)
    at writeOrBuffer (node:internal/streams/writable:572:12)
    at _write (node:internal/streams/writable:501:10)
    at Writable.write (node:internal/streams/writable:510:10)
    at Console.log (/Users/tcjr/Library/pnpm/global/5/.pnpm/winston@3.11.0/node_modules/winston/lib/winston/transports/console.js:79:23)
    at Console._write (/Users/tcjr/Library/pnpm/global/5/.pnpm/winston-transport@4.6.0/node_modules/winston-transport/index.js:103:17)
    at doWrite (/Users/tcjr/Library/pnpm/global/5/.pnpm/readable-stream@3.6.2/node_modules/readable-stream/lib/_stream_writable.js:390:139)
[error] 
[error] Error: An unexpected error has occurred.
[debug] [2026-02-22T03:22:36.358Z] Error: write EPIPE
    at afterWriteDispatched (node:internal/stream_base_commons:159:15)
    at writeGeneric (node:internal/stream_base_commons:150:3)
    at Socket._writeGeneric (node:net:966:11)
    at Socket._write (node:net:978:8)
    at writeOrBuffer (node:internal/streams/writable:572:12)
    at _write (node:internal/streams/writable:501:10)
    at Writable.write (node:internal/streams/writable:510:10)
    at Console.log (/Users/tcjr/Library/pnpm/global/5/.pnpm/winston@3.11.0/node_modules/winston/lib/winston/transports/console.js:79:23)
    at Console._write (/Users/tcjr/Library/pnpm/global/5/.pnpm/winston-transport@4.6.0/node_modules/winston-transport/index.js:103:17)
    at doWrite (/Users/tcjr/Library/pnpm/global/5/.pnpm/readable-stream@3.6.2/node_modules/readable-stream/lib/_stream_writable.js:390:139)
[error] 
[error] Error: An unexpected error has occurred.
[debug] [2026-02-22T03:22:36.358Z] Error: write EPIPE
    at afterWriteDispatched (node:internal/stream_base_commons:159:15)
    at writeGeneric (node:internal/stream_base_commons:150:3)
    at Socket._writeGeneric (node:net:966:11)
    at Socket._write (node:net:978:8)
    at writeOrBuffer (node:internal/streams/writable:572:12)
    at _write (node:internal/streams/writable:501:10)
    at Writable.write (node:internal/streams/writable:510:10)
    at Console.log (/Users/tcjr/Library/pnpm/global/5/.pnpm/winston@3.11.0/node_modules/winston/lib/winston/transports/console.js:79:23)
    at Console._write (/Users/tcjr/Library/pnpm/global/5/.pnpm/winston-transport@4.6.0/node_modules/winston-transport/index.js:103:17)
    at doWrite (/Users/tcjr/Library/pnpm/global/5/.pnpm/readable-stream@3.6.2/node_modules/readable-stream/lib/_stream_writable.js:390:139)
[error] 
[error] Error: An unexpected error has occurred.
[debug] [2026-02-22T03:22:36.359Z] Error: write EPIPE
    at afterWriteDispatched (node:internal/stream_base_commons:159:15)
    at writeGeneric (node:internal/stream_base_commons:150:3)
    at Socket._writeGeneric (node:net:966:11)
    at Socket._write (node:net:978:8)
    at writeOrBuffer (node:internal/streams/writable:572:12)
    at _write (node:internal/streams/writable:501:10)
    at Writable.write (node:internal/streams/writable:510:10)
    at Console.log (/Users/tcjr/Library/pnpm/global/5/.pnpm/winston@3.11.0/node_modules/winston/lib/winston/transports/console.js:79:23)
    at Console._write (/Users/tcjr/Library/pnpm/global/5/.pnpm/winston-transport@4.6.0/node_modules/winston-transport/index.js:103:17)
    at doWrite (/Users/tcjr/Library/pnpm/global/5/.pnpm/readable-stream@3.6.2/node_modules/readable-stream/lib/_stream_writable.js:390:139)
[error] 
[error] Error: An unexpected error has occurred.
[debug] [2026-02-22T03:22:36.359Z] Error: write EPIPE
    at afterWriteDispatched (node:internal/stream_base_commons:159:15)
    at writeGeneric (node:internal/stream_base_commons:150:3)
    at Socket._writeGeneric (node:net:966:11)
    at Socket._write (node:net:978:8)
    at writeOrBuffer (node:internal/streams/writable:572:12)
    at _write (node:internal/streams/writable:501:10)
    at Writable.write (node:internal/streams/writable:510:10)
    at Console.log (/Users/tcjr/Library/pnpm/global/5/.pnpm/winston@3.11.0/node_modules/winston/lib/winston/transports/console.js:79:23)
    at Console._write (/Users/tcjr/Library/pnpm/global/5/.pnpm/winston-transport@4.6.0/node_modules/winston-transport/index.js:103:17)
    at doWrite (/Users/tcjr/Library/pnpm/global/5/.pnpm/readable-stream@3.6.2/node_modules/readable-stream/lib/_stream_writable.js:390:139)
[error] 
[error] Error: An unexpected error has occurred.
[debug] [2026-02-22T03:22:36.359Z] Error: write EPIPE
    at afterWriteDispatched (node:internal/stream_base_commons:159:15)
    at writeGeneric (node:internal/stream_base_commons:150:3)
    at Socket._writeGeneric (node:net:966:11)
    at Socket._write (node:net:978:8)
    at writeOrBuffer (node:internal/streams/writable:572:12)
    at _write (node:internal/streams/writable:501:10)
    at Writable.write (node:internal/streams/writable:510:10)
    at Console.log (/Users/tcjr/Library/pnpm/global/5/.pnpm/winston@3.11.0/node_modules/winston/lib/winston/transports/console.js:79:23)
    at Console._write (/Users/tcjr/Library/pnpm/global/5/.pnpm/winston-transport@4.6.0/node_modules/winston-transport/index.js:103:17)
    at doWrite (/Users/tcjr/Library/pnpm/global/5/.pnpm/readable-stream@3.6.2/node_modules/readable-stream/lib/_stream_writable.js:390:139)
[error] 
[error] Error: An unexpected error has occurred.
[debug] [2026-02-22T03:22:36.359Z] Error: write EPIPE
    at afterWriteDispatched (node:internal/stream_base_commons:159:15)
    at writeGeneric (node:internal/stream_base_commons:150:3)
    at Socket._writeGeneric (node:net:966:11)
    at Socket._write (node:net:978:8)
    at writeOrBuffer (node:internal/streams/writable:572:12)
    at _write (node:internal/streams/writable:501:10)
    at Writable.write (node:internal/streams/writable:510:10)
    at Console.log (/Users/tcjr/Library/pnpm/global/5/.pnpm/winston@3.11.0/node_modules/winston/lib/winston/transports/console.js:79:23)
    at Console._write (/Users/tcjr/Library/pnpm/global/5/.pnpm/winston-transport@4.6.0/node_modules/winston-transport/index.js:103:17)
    at doWrite (/Users/tcjr/Library/pnpm/global/5/.pnpm/readable-stream@3.6.2/node_modules/readable-stream/lib/_stream_writable.js:390:139)
[error] 
[error] Error: An unexpected error has occurred.
[debug] [2026-02-22T03:22:36.359Z] Error: write EPIPE
    at afterWriteDispatched (node:internal/stream_base_commons:159:15)
    at writeGeneric (node:internal/stream_base_commons:150:3)
    at Socket._writeGeneric (node:net:966:11)
    at Socket._write (node:net:978:8)
    at writeOrBuffer (node:internal/streams/writable:572:12)
    at _write (node:internal/streams/writable:501:10)
    at Writable.write (node:internal/streams/writable:510:10)
    at Console.log (/Users/tcjr/Library/pnpm/global/5/.pnpm/winston@3.11.0/node_modules/winston/lib/winston/transports/console.js:79:23)
    at Console._write (/Users/tcjr/Library/pnpm/global/5/.pnpm/winston-transport@4.6.0/node_modules/winston-transport/index.js:103:17)
    at doWrite (/Users/tcjr/Library/pnpm/global/5/.pnpm/readable-stream@3.6.2/node_modules/readable-stream/lib/_stream_writable.js:390:139)
[error] 
[error] Error: An unexpected error has occurred.
[debug] [2026-02-22T03:22:36.360Z] Error: write EPIPE
    at afterWriteDispatched (node:internal/stream_base_commons:159:15)
    at writeGeneric (node:internal/stream_base_commons:150:3)
    at Socket._writeGeneric (node:net:966:11)
    at Socket._write (node:net:978:8)
    at writeOrBuffer (node:internal/streams/writable:572:12)
    at _write (node:internal/streams/writable:501:10)
    at Writable.write (node:internal/streams/writable:510:10)
    at Console.log (/Users/tcjr/Library/pnpm/global/5/.pnpm/winston@3.11.0/node_modules/winston/lib/winston/transports/console.js:79:23)
    at Console._write (/Users/tcjr/Library/pnpm/global/5/.pnpm/winston-transport@4.6.0/node_modules/winston-transport/index.js:103:17)
    at doWrite (/Users/tcjr/Library/pnpm/global/5/.pnpm/readable-stream@3.6.2/node_modules/readable-stream/lib/_stream_writable.js:390:139)
[error] 
[error] Error: An unexpected error has occurred.
[debug] [2026-02-22T03:22:36.360Z] Error: write EPIPE
    at afterWriteDispatched (node:internal/stream_base_commons:159:15)
    at writeGeneric (node:internal/stream_base_commons:150:3)
    at Socket._writeGeneric (node:net:966:11)
    at Socket._write (node:net:978:8)
    at writeOrBuffer (node:internal/streams/writable:572:12)
    at _write (node:internal/streams/writable:501:10)
    at Writable.write (node:internal/streams/writable:510:10)
    at Console.log (/Users/tcjr/Library/pnpm/global/5/.pnpm/winston@3.11.0/node_modules/winston/lib/winston/transports/console.js:79:23)
    at Console._write (/Users/tcjr/Library/pnpm/global/5/.pnpm/winston-transport@4.6.0/node_modules/winston-transport/index.js:103:17)
    at doWrite (/Users/tcjr/Library/pnpm/global/5/.pnpm/readable-stream@3.6.2/node_modules/readable-stream/lib/_stream_writable.js:390:139)
[error] 
[error] Error: An unexpected error has occurred.
[debug] [2026-02-22T03:22:36.360Z] Error: write EPIPE
    at afterWriteDispatched (node:internal/stream_base_commons:159:15)
    at writeGeneric (node:internal/stream_base_commons:150:3)
    at Socket._writeGeneric (node:net:966:11)
    at Socket._write (node:net:978:8)
    at writeOrBuffer (node:internal/streams/writable:572:12)
    at _write (node:internal/streams/writable:501:10)
    at Writable.write (node:internal/streams/writable:510:10)
    at Console.log (/Users/tcjr/Library/pnpm/global/5/.pnpm/winston@3.11.0/node_modules/winston/lib/winston/transports/console.js:79:23)
    at Console._write (/Users/tcjr/Library/pnpm/global/5/.pnpm/winston-transport@4.6.0/node_modules/winston-transport/index.js:103:17)
    at doWrite (/Users/tcjr/Library/pnpm/global/5/.pnpm/readable-stream@3.6.2/node_modules/readable-stream/lib/_stream_writable.js:390:139)
[error] 
[error] Error: An unexpected error has occurred.
[debug] [2026-02-22T03:22:36.361Z] Error: write EPIPE
    at afterWriteDispatched (node:internal/stream_base_commons:159:15)
    at writeGeneric (node:internal/stream_base_commons:150:3)
    at Socket._writeGeneric (node:net:966:11)
    at Socket._write (node:net:978:8)
    at writeOrBuffer (node:internal/streams/writable:572:12)
    at _write (node:internal/streams/writable:501:10)
    at Writable.write (node:internal/streams/writable:510:10)
    at Console.log (/Users/tcjr/Library/pnpm/global/5/.pnpm/winston@3.11.0/node_modules/winston/lib/winston/transports/console.js:79:23)
    at Console._write (/Users/tcjr/Library/pnpm/global/5/.pnpm/winston-transport@4.6.0/node_modules/winston-transport/index.js:103:17)
    at doWrite (/Users/tcjr/Library/pnpm/global/5/.pnpm/readable-stream@3.6.2/node_modules/readable-stream/lib/_stream_writable.js:390:139)
[error] 
[error] Error: An unexpected error has occurred.
[debug] [2026-02-22T03:22:36.361Z] Error: write EPIPE
    at afterWriteDispatched (node:internal/stream_base_commons:159:15)
    at writeGeneric (node:internal/stream_base_commons:150:3)
    at Socket._writeGeneric (node:net:966:11)
    at Socket._write (node:net:978:8)
    at writeOrBuffer (node:internal/streams/writable:572:12)
    at _write (node:internal/streams/writable:501:10)
    at Writable.write (node:internal/streams/writable:510:10)
    at Console.log (/Users/tcjr/Library/pnpm/global/5/.pnpm/winston@3.11.0/node_modules/winston/lib/winston/transports/console.js:79:23)
    at Console._write (/Users/tcjr/Library/pnpm/global/5/.pnpm/winston-transport@4.6.0/node_modules/winston-transport/index.js:103:17)
    at doWrite (/Users/tcjr/Library/pnpm/global/5/.pnpm/readable-stream@3.6.2/node_modules/readable-stream/lib/_stream_writable.js:390:139)
[error] 
[error] Error: An unexpected error has occurred.
[debug] [2026-02-22T03:22:36.361Z] Error: write EPIPE
    at afterWriteDispatched (node:internal/stream_base_commons:159:15)
    at writeGeneric (node:internal/stream_base_commons:150:3)
    at Socket._writeGeneric (node:net:966:11)
    at Socket._write (node:net:978:8)
    at writeOrBuffer (node:internal/streams/writable:572:12)
    at _write (node:internal/streams/writable:501:10)
    at Writable.write (node:internal/streams/writable:510:10)
    at Console.log (/Users/tcjr/Library/pnpm/global/5/.pnpm/winston@3.11.0/node_modules/winston/lib/winston/transports/console.js:79:23)
    at Console._write (/Users/tcjr/Library/pnpm/global/5/.pnpm/winston-transport@4.6.0/node_modules/winston-transport/index.js:103:17)
    at doWrite (/Users/tcjr/Library/pnpm/global/5/.pnpm/readable-stream@3.6.2/node_modules/readable-stream/lib/_stream_writable.js:390:139)
[error] 
[error] Error: An unexpected error has occurred.
[debug] [2026-02-22T03:22:36.362Z] Error: write EPIPE
    at afterWriteDispatched (node:internal/stream_base_commons:159:15)
    at writeGeneric (node:internal/stream_base_commons:150:3)
    at Socket._writeGeneric (node:net:966:11)
    at Socket._write (node:net:978:8)
    at writeOrBuffer (node:internal/streams/writable:572:12)
    at _write (node:internal/streams/writable:501:10)
    at Writable.write (node:internal/streams/writable:510:10)
    at Console.log (/Users/tcjr/Library/pnpm/global/5/.pnpm/winston@3.11.0/node_modules/winston/lib/winston/transports/console.js:79:23)
    at Console._write (/Users/tcjr/Library/pnpm/global/5/.pnpm/winston-transport@4.6.0/node_modules/winston-transport/index.js:103:17)
    at doWrite (/Users/tcjr/Library/pnpm/global/5/.pnpm/readable-stream@3.6.2/node_modules/readable-stream/lib/_stream_writable.js:390:139)
[error] 
[error] Error: An unexpected error has occurred.
[debug] [2026-02-22T03:22:36.362Z] Error: write EPIPE
    at afterWriteDispatched (node:internal/stream_base_commons:159:15)
    at writeGeneric (node:internal/stream_base_commons:150:3)
    at Socket._writeGeneric (node:net:966:11)
    at Socket._write (node:net:978:8)
    at writeOrBuffer (node:internal/streams/writable:572:12)
    at _write (node:internal/streams/writable:501:10)
    at Writable.write (node:internal/streams/writable:510:10)
    at Console.log (/Users/tcjr/Library/pnpm/global/5/.pnpm/winston@3.11.0/node_modules/winston/lib/winston/transports/console.js:79:23)
    at Console._write (/Users/tcjr/Library/pnpm/global/5/.pnpm/winston-transport@4.6.0/node_modules/winston-transport/index.js:103:17)
    at doWrite (/Users/tcjr/Library/pnpm/global/5/.pnpm/readable-stream@3.6.2/node_modules/readable-stream/lib/_stream_writable.js:390:139)
[error] 
[error] Error: An unexpected error has occurred.
[debug] [2026-02-22T03:22:36.362Z] Error: write EPIPE
    at afterWriteDispatched (node:internal/stream_base_commons:159:15)
    at writeGeneric (node:internal/stream_base_commons:150:3)
    at Socket._writeGeneric (node:net:966:11)
    at Socket._write (node:net:978:8)
    at writeOrBuffer (node:internal/streams/writable:572:12)
    at _write (node:internal/streams/writable:501:10)
    at Writable.write (node:internal/streams/writable:510:10)
    at Console.log (/Users/tcjr/Library/pnpm/global/5/.pnpm/winston@3.11.0/node_modules/winston/lib/winston/transports/console.js:79:23)
    at Console._write (/Users/tcjr/Library/pnpm/global/5/.pnpm/winston-transport@4.6.0/node_modules/winston-transport/index.js:103:17)
    at doWrite (/Users/tcjr/Library/pnpm/global/5/.pnpm/readable-stream@3.6.2/node_modules/readable-stream/lib/_stream_writable.js:390:139)
[error] 
[error] Error: An unexpected error has occurred.
[debug] [2026-02-22T03:22:36.362Z] Error: write EPIPE
    at afterWriteDispatched (node:internal/stream_base_commons:159:15)
    at writeGeneric (node:internal/stream_base_commons:150:3)
    at Socket._writeGeneric (node:net:966:11)
    at Socket._write (node:net:978:8)
    at writeOrBuffer (node:internal/streams/writable:572:12)
    at _write (node:internal/streams/writable:501:10)
    at Writable.write (node:internal/streams/writable:510:10)
    at Console.log (/Users/tcjr/Library/pnpm/global/5/.pnpm/winston@3.11.0/node_modules/winston/lib/winston/transports/console.js:79:23)
    at Console._write (/Users/tcjr/Library/pnpm/global/5/.pnpm/winston-transport@4.6.0/node_modules/winston-transport/index.js:103:17)
    at doWrite (/Users/tcjr/Library/pnpm/global/5/.pnpm/readable-stream@3.6.2/node_modules/readable-stream/lib/_stream_writable.js:390:139)
[error] 
[error] Error: An unexpected error has occurred.
[debug] [2026-02-22T03:22:36.362Z] Error: write EPIPE
    at afterWriteDispatched (node:internal/stream_base_commons:159:15)
    at writeGeneric (node:internal/stream_base_commons:150:3)
    at Socket._writeGeneric (node:net:966:11)
    at Socket._write (node:net:978:8)
    at writeOrBuffer (node:internal/streams/writable:572:12)
    at _write (node:internal/streams/writable:501:10)
    at Writable.write (node:internal/streams/writable:510:10)
    at Console.log (/Users/tcjr/Library/pnpm/global/5/.pnpm/winston@3.11.0/node_modules/winston/lib/winston/transports/console.js:79:23)
    at Console._write (/Users/tcjr/Library/pnpm/global/5/.pnpm/winston-transport@4.6.0/node_modules/winston-transport/index.js:103:17)
    at doWrite (/Users/tcjr/Library/pnpm/global/5/.pnpm/readable-stream@3.6.2/node_modules/readable-stream/lib/_stream_writable.js:390:139)
[error] 
[error] Error: An unexpected error has occurred.
[debug] [2026-02-22T03:22:36.363Z] Error: write EPIPE
    at afterWriteDispatched (node:internal/stream_base_commons:159:15)
    at writeGeneric (node:internal/stream_base_commons:150:3)
    at Socket._writeGeneric (node:net:966:11)
    at Socket._write (node:net:978:8)
    at writeOrBuffer (node:internal/streams/writable:572:12)
    at _write (node:internal/streams/writable:501:10)
    at Writable.write (node:internal/streams/writable:510:10)
    at Console.log (/Users/tcjr/Library/pnpm/global/5/.pnpm/winston@3.11.0/node_modules/winston/lib/winston/transports/console.js:79:23)
    at Console._write (/Users/tcjr/Library/pnpm/global/5/.pnpm/winston-transport@4.6.0/node_modules/winston-transport/index.js:103:17)
    at doWrite (/Users/tcjr/Library/pnpm/global/5/.pnpm/readable-stream@3.6.2/node_modules/readable-stream/lib/_stream_writable.js:390:139)
[error] 
[error] Error: An unexpected error has occurred.
[debug] [2026-02-22T03:22:36.363Z] Error: write EPIPE
    at afterWriteDispatched (node:internal/stream_base_commons:159:15)
    at writeGeneric (node:internal/stream_base_commons:150:3)
    at Socket._writeGeneric (node:net:966:11)
    at Socket._write (node:net:978:8)
    at writeOrBuffer (node:internal/streams/writable:572:12)
    at _write (node:internal/streams/writable:501:10)
    at Writable.write (node:internal/streams/writable:510:10)
    at Console.log (/Users/tcjr/Library/pnpm/global/5/.pnpm/winston@3.11.0/node_modules/winston/lib/winston/transports/console.js:79:23)
    at Console._write (/Users/tcjr/Library/pnpm/global/5/.pnpm/winston-transport@4.6.0/node_modules/winston-transport/index.js:103:17)
    at doWrite (/Users/tcjr/Library/pnpm/global/5/.pnpm/readable-stream@3.6.2/node_modules/readable-stream/lib/_stream_writable.js:390:139)
[error] 
[error] Error: An unexpected error has occurred.
[debug] [2026-02-22T03:22:36.363Z] Error: write EPIPE
    at afterWriteDispatched (node:internal/stream_base_commons:159:15)
    at writeGeneric (node:internal/stream_base_commons:150:3)
    at Socket._writeGeneric (node:net:966:11)
    at Socket._write (node:net:978:8)
    at writeOrBuffer (node:internal/streams/writable:572:12)
    at _write (node:internal/streams/writable:501:10)
    at Writable.write (node:internal/streams/writable:510:10)
    at Console.log (/Users/tcjr/Library/pnpm/global/5/.pnpm/winston@3.11.0/node_modules/winston/lib/winston/transports/console.js:79:23)
    at Console._write (/Users/tcjr/Library/pnpm/global/5/.pnpm/winston-transport@4.6.0/node_modules/winston-transport/index.js:103:17)
    at doWrite (/Users/tcjr/Library/pnpm/global/5/.pnpm/readable-stream@3.6.2/node_modules/readable-stream/lib/_stream_writable.js:390:139)
[error] 
[error] Error: An unexpected error has occurred.
[debug] [2026-02-22T03:22:36.363Z] Error: write EPIPE
    at afterWriteDispatched (node:internal/stream_base_commons:159:15)
    at writeGeneric (node:internal/stream_base_commons:150:3)
    at Socket._writeGeneric (node:net:966:11)
    at Socket._write (node:net:978:8)
    at writeOrBuffer (node:internal/streams/writable:572:12)
    at _write (node:internal/streams/writable:501:10)
    at Writable.write (node:internal/streams/writable:510:10)
    at Console.log (/Users/tcjr/Library/pnpm/global/5/.pnpm/winston@3.11.0/node_modules/winston/lib/winston/transports/console.js:79:23)
    at Console._write (/Users/tcjr/Library/pnpm/global/5/.pnpm/winston-transport@4.6.0/node_modules/winston-transport/index.js:103:17)
    at doWrite (/Users/tcjr/Library/pnpm/global/5/.pnpm/readable-stream@3.6.2/node_modules/readable-stream/lib/_stream_writable.js:390:139)
[error] 
[error] Error: An unexpected error has occurred.
[debug] [2026-02-22T03:22:36.363Z] Error: write EPIPE
    at afterWriteDispatched (node:internal/stream_base_commons:159:15)
    at writeGeneric (node:internal/stream_base_commons:150:3)
    at Socket._writeGeneric (node:net:966:11)
    at Socket._write (node:net:978:8)
    at writeOrBuffer (node:internal/streams/writable:572:12)
    at _write (node:internal/streams/writable:501:10)
    at Writable.write (node:internal/streams/writable:510:10)
    at Console.log (/Users/tcjr/Library/pnpm/global/5/.pnpm/winston@3.11.0/node_modules/winston/lib/winston/transports/console.js:79:23)
    at Console._write (/Users/tcjr/Library/pnpm/global/5/.pnpm/winston-transport@4.6.0/node_modules/winston-transport/index.js:103:17)
    at doWrite (/Users/tcjr/Library/pnpm/global/5/.pnpm/readable-stream@3.6.2/node_modules/readable-stream/lib/_stream_writable.js:390:139)
[error] 
[error] Error: An unexpected error has occurred.
[debug] [2026-02-22T03:22:36.364Z] Error: write EPIPE
    at afterWriteDispatched (node:internal/stream_base_commons:159:15)
    at writeGeneric (node:internal/stream_base_commons:150:3)
    at Socket._writeGeneric (node:net:966:11)
    at Socket._write (node:net:978:8)
    at writeOrBuffer (node:internal/streams/writable:572:12)
    at _write (node:internal/streams/writable:501:10)
    at Writable.write (node:internal/streams/writable:510:10)
    at Console.log (/Users/tcjr/Library/pnpm/global/5/.pnpm/winston@3.11.0/node_modules/winston/lib/winston/transports/console.js:79:23)
    at Console._write (/Users/tcjr/Library/pnpm/global/5/.pnpm/winston-transport@4.6.0/node_modules/winston-transport/index.js:103:17)
    at doWrite (/Users/tcjr/Library/pnpm/global/5/.pnpm/readable-stream@3.6.2/node_modules/readable-stream/lib/_stream_writable.js:390:139)
[error] 
[error] Error: An unexpected error has occurred.
[debug] [2026-02-22T03:22:36.364Z] Error: write EPIPE
    at afterWriteDispatched (node:internal/stream_base_commons:159:15)
    at writeGeneric (node:internal/stream_base_commons:150:3)
    at Socket._writeGeneric (node:net:966:11)
    at Socket._write (node:net:978:8)
    at writeOrBuffer (node:internal/streams/writable:572:12)
    at _write (node:internal/streams/writable:501:10)
    at Writable.write (node:internal/streams/writable:510:10)
    at Console.log (/Users/tcjr/Library/pnpm/global/5/.pnpm/winston@3.11.0/node_modules/winston/lib/winston/transports/console.js:79:23)
    at Console._write (/Users/tcjr/Library/pnpm/global/5/.pnpm/winston-transport@4.6.0/node_modules/winston-transport/index.js:103:17)
    at doWrite (/Users/tcjr/Library/pnpm/global/5/.pnpm/readable-stream@3.6.2/node_modules/readable-stream/lib/_stream_writable.js:390:139)
[error] 
[error] Error: An unexpected error has occurred.
[debug] [2026-02-22T03:22:36.365Z] Error: write EPIPE
    at afterWriteDispatched (node:internal/stream_base_commons:159:15)
    at writeGeneric (node:internal/stream_base_commons:150:3)
    at Socket._writeGeneric (node:net:966:11)
    at Socket._write (node:net:978:8)
    at writeOrBuffer (node:internal/streams/writable:572:12)
    at _write (node:internal/streams/writable:501:10)
    at Writable.write (node:internal/streams/writable:510:10)
    at Console.log (/Users/tcjr/Library/pnpm/global/5/.pnpm/winston@3.11.0/node_modules/winston/lib/winston/transports/console.js:79:23)
    at Console._write (/Users/tcjr/Library/pnpm/global/5/.pnpm/winston-transport@4.6.0/node_modules/winston-transport/index.js:103:17)
    at doWrite (/Users/tcjr/Library/pnpm/global/5/.pnpm/readable-stream@3.6.2/node_modules/readable-stream/lib/_stream_writable.js:390:139)
[error] 
[error] Error: An unexpected error has occurred.
[debug] [2026-02-22T03:22:36.365Z] Error: write EPIPE
    at afterWriteDispatched (node:internal/stream_base_commons:159:15)
    at writeGeneric (node:internal/stream_base_commons:150:3)
    at Socket._writeGeneric (node:net:966:11)
    at Socket._write (node:net:978:8)
    at writeOrBuffer (node:internal/streams/writable:572:12)
    at _write (node:internal/streams/writable:501:10)
    at Writable.write (node:internal/streams/writable:510:10)
    at Console.log (/Users/tcjr/Library/pnpm/global/5/.pnpm/winston@3.11.0/node_modules/winston/lib/winston/transports/console.js:79:23)
    at Console._write (/Users/tcjr/Library/pnpm/global/5/.pnpm/winston-transport@4.6.0/node_modules/winston-transport/index.js:103:17)
    at doWrite (/Users/tcjr/Library/pnpm/global/5/.pnpm/readable-stream@3.6.2/node_modules/readable-stream/lib/_stream_writable.js:390:139)
[error] 
[error] Error: An unexpected error has occurred.
[debug] [2026-02-22T03:22:36.365Z] Error: write EPIPE
    at afterWriteDispatched (node:internal/stream_base_commons:159:15)
    at writeGeneric (node:internal/stream_base_commons:150:3)
    at Socket._writeGeneric (node:net:966:11)
    at Socket._write (node:net:978:8)
    at writeOrBuffer (node:internal/streams/writable:572:12)
    at _write (node:internal/streams/writable:501:10)
    at Writable.write (node:internal/streams/writable:510:10)
    at Console.log (/Users/tcjr/Library/pnpm/global/5/.pnpm/winston@3.11.0/node_modules/winston/lib/winston/transports/console.js:79:23)
    at Console._write (/Users/tcjr/Library/pnpm/global/5/.pnpm/winston-transport@4.6.0/node_modules/winston-transport/index.js:103:17)
    at doWrite (/Users/tcjr/Library/pnpm/global/5/.pnpm/readable-stream@3.6.2/node_modules/readable-stream/lib/_stream_writable.js:390:139)
[error] 
[error] Error: An unexpected error has occurred.
[debug] [2026-02-22T03:22:36.366Z] Error: write EPIPE
    at afterWriteDispatched (node:internal/stream_base_commons:159:15)
    at writeGeneric (node:internal/stream_base_commons:150:3)
    at Socket._writeGeneric (node:net:966:11)
    at Socket._write (node:net:978:8)
    at writeOrBuffer (node:internal/streams/writable:572:12)
    at _write (node:internal/streams/writable:501:10)
    at Writable.write (node:internal/streams/writable:510:10)
    at Console.log (/Users/tcjr/Library/pnpm/global/5/.pnpm/winston@3.11.0/node_modules/winston/lib/winston/transports/console.js:79:23)
    at Console._write (/Users/tcjr/Library/pnpm/global/5/.pnpm/winston-transport@4.6.0/node_modules/winston-transport/index.js:103:17)
    at doWrite (/Users/tcjr/Library/pnpm/global/5/.pnpm/readable-stream@3.6.2/node_modules/readable-stream/lib/_stream_writable.js:390:139)
[error] 
[error] Error: An unexpected error has occurred.
[debug] [2026-02-22T03:22:36.366Z] Error: write EPIPE
    at afterWriteDispatched (node:internal/stream_base_commons:159:15)
    at writeGeneric (node:internal/stream_base_commons:150:3)
    at Socket._writeGeneric (node:net:966:11)
    at Socket._write (node:net:978:8)
    at writeOrBuffer (node:internal/streams/writable:572:12)
    at _write (node:internal/streams/writable:501:10)
    at Writable.write (node:internal/streams/writable:510:10)
    at Console.log (/Users/tcjr/Library/pnpm/global/5/.pnpm/winston@3.11.0/node_modules/winston/lib/winston/transports/console.js:79:23)
    at Console._write (/Users/tcjr/Library/pnpm/global/5/.pnpm/winston-transport@4.6.0/node_modules/winston-transport/index.js:103:17)
    at doWrite (/Users/tcjr/Library/pnpm/global/5/.pnpm/readable-stream@3.6.2/node_modules/readable-stream/lib/_stream_writable.js:390:139)
[error] 
[error] Error: An unexpected error has occurred.
[debug] [2026-02-22T03:22:36.366Z] Error: write EPIPE
    at afterWriteDispatched (node:internal/stream_base_commons:159:15)
    at writeGeneric (node:internal/stream_base_commons:150:3)
    at Socket._writeGeneric (node:net:966:11)
    at Socket._write (node:net:978:8)
    at writeOrBuffer (node:internal/streams/writable:572:12)
    at _write (node:internal/streams/writable:501:10)
    at Writable.write (node:internal/streams/writable:510:10)
    at Console.log (/Users/tcjr/Library/pnpm/global/5/.pnpm/winston@3.11.0/node_modules/winston/lib/winston/transports/console.js:79:23)
    at Console._write (/Users/tcjr/Library/pnpm/global/5/.pnpm/winston-transport@4.6.0/node_modules/winston-transport/index.js:103:17)
    at doWrite (/Users/tcjr/Library/pnpm/global/5/.pnpm/readable-stream@3.6.2/node_modules/readable-stream/lib/_stream_writable.js:390:139)
[error] 
[error] Error: An unexpected error has occurred.
[debug] [2026-02-22T03:22:36.366Z] Error: write EPIPE
    at afterWriteDispatched (node:internal/stream_base_commons:159:15)
    at writeGeneric (node:internal/stream_base_commons:150:3)
    at Socket._writeGeneric (node:net:966:11)
    at Socket._write (node:net:978:8)
    at writeOrBuffer (node:internal/streams/writable:572:12)
    at _write (node:internal/streams/writable:501:10)
    at Writable.write (node:internal/streams/writable:510:10)
    at Console.log (/Users/tcjr/Library/pnpm/global/5/.pnpm/winston@3.11.0/node_modules/winston/lib/winston/transports/console.js:79:23)
    at Console._write (/Users/tcjr/Library/pnpm/global/5/.pnpm/winston-transport@4.6.0/node_modules/winston-transport/index.js:103:17)
    at doWrite (/Users/tcjr/Library/pnpm/global/5/.pnpm/readable-stream@3.6.2/node_modules/readable-stream/lib/_stream_writable.js:390:139)
[error] 
[error] Error: An unexpected error has occurred.
[debug] [2026-02-22T03:22:36.367Z] Error: write EPIPE
    at afterWriteDispatched (node:internal/stream_base_commons:159:15)
    at writeGeneric (node:internal/stream_base_commons:150:3)
    at Socket._writeGeneric (node:net:966:11)
    at Socket._write (node:net:978:8)
    at writeOrBuffer (node:internal/streams/writable:572:12)
    at _write (node:internal/streams/writable:501:10)
    at Writable.write (node:internal/streams/writable:510:10)
    at Console.log (/Users/tcjr/Library/pnpm/global/5/.pnpm/winston@3.11.0/node_modules/winston/lib/winston/transports/console.js:79:23)
    at Console._write (/Users/tcjr/Library/pnpm/global/5/.pnpm/winston-transport@4.6.0/node_modules/winston-transport/index.js:103:17)
    at doWrite (/Users/tcjr/Library/pnpm/global/5/.pnpm/readable-stream@3.6.2/node_modules/readable-stream/lib/_stream_writable.js:390:139)
[error] 
[error] Error: An unexpected error has occurred.
[debug] [2026-02-22T03:22:36.367Z] Error: write EPIPE
    at afterWriteDispatched (node:internal/stream_base_commons:159:15)
    at writeGeneric (node:internal/stream_base_commons:150:3)
    at Socket._writeGeneric (node:net:966:11)
    at Socket._write (node:net:978:8)
    at writeOrBuffer (node:internal/streams/writable:572:12)
    at _write (node:internal/streams/writable:501:10)
    at Writable.write (node:internal/streams/writable:510:10)
    at Console.log (/Users/tcjr/Library/pnpm/global/5/.pnpm/winston@3.11.0/node_modules/winston/lib/winston/transports/console.js:79:23)
    at Console._write (/Users/tcjr/Library/pnpm/global/5/.pnpm/winston-transport@4.6.0/node_modules/winston-transport/index.js:103:17)
    at doWrite (/Users/tcjr/Library/pnpm/global/5/.pnpm/readable-stream@3.6.2/node_modules/readable-stream/lib/_stream_writable.js:390:139)
[error] 
[error] Error: An unexpected error has occurred.
[debug] [2026-02-22T03:22:36.367Z] Error: write EPIPE
    at afterWriteDispatched (node:internal/stream_base_commons:159:15)
    at writeGeneric (node:internal/stream_base_commons:150:3)
    at Socket._writeGeneric (node:net:966:11)
    at Socket._write (node:net:978:8)
    at writeOrBuffer (node:internal/streams/writable:572:12)
    at _write (node:internal/streams/writable:501:10)
    at Writable.write (node:internal/streams/writable:510:10)
    at Console.log (/Users/tcjr/Library/pnpm/global/5/.pnpm/winston@3.11.0/node_modules/winston/lib/winston/transports/console.js:79:23)
    at Console._write (/Users/tcjr/Library/pnpm/global/5/.pnpm/winston-transport@4.6.0/node_modules/winston-transport/index.js:103:17)
    at doWrite (/Users/tcjr/Library/pnpm/global/5/.pnpm/readable-stream@3.6.2/node_modules/readable-stream/lib/_stream_writable.js:390:139)
[error] 
[error] Error: An unexpected error has occurred.
[debug] [2026-02-22T03:22:36.367Z] Error: write EPIPE
    at afterWriteDispatched (node:internal/stream_base_commons:159:15)
    at writeGeneric (node:internal/stream_base_commons:150:3)
    at Socket._writeGeneric (node:net:966:11)
    at Socket._write (node:net:978:8)
    at writeOrBuffer (node:internal/streams/writable:572:12)
    at _write (node:internal/streams/writable:501:10)
    at Writable.write (node:internal/streams/writable:510:10)
    at Console.log (/Users/tcjr/Library/pnpm/global/5/.pnpm/winston@3.11.0/node_modules/winston/lib/winston/transports/console.js:79:23)
    at Console._write (/Users/tcjr/Library/pnpm/global/5/.pnpm/winston-transport@4.6.0/node_modules/winston-transport/index.js:103:17)
    at doWrite (/Users/tcjr/Library/pnpm/global/5/.pnpm/readable-stream@3.6.2/node_modules/readable-stream/lib/_stream_writable.js:390:139)
[error] 
[error] Error: An unexpected error has occurred.
[debug] [2026-02-22T03:22:36.367Z] Error: write EPIPE
    at afterWriteDispatched (node:internal/stream_base_commons:159:15)
    at writeGeneric (node:internal/stream_base_commons:150:3)
    at Socket._writeGeneric (node:net:966:11)
    at Socket._write (node:net:978:8)
    at writeOrBuffer (node:internal/streams/writable:572:12)
    at _write (node:internal/streams/writable:501:10)
    at Writable.write (node:internal/streams/writable:510:10)
    at Console.log (/Users/tcjr/Library/pnpm/global/5/.pnpm/winston@3.11.0/node_modules/winston/lib/winston/transports/console.js:79:23)
    at Console._write (/Users/tcjr/Library/pnpm/global/5/.pnpm/winston-transport@4.6.0/node_modules/winston-transport/index.js:103:17)
    at doWrite (/Users/tcjr/Library/pnpm/global/5/.pnpm/readable-stream@3.6.2/node_modules/readable-stream/lib/_stream_writable.js:390:139)
[error] 
[error] Error: An unexpected error has occurred.
[debug] [2026-02-22T03:22:36.367Z] Error: write EPIPE
    at afterWriteDispatched (node:internal/stream_base_commons:159:15)
    at writeGeneric (node:internal/stream_base_commons:150:3)
    at Socket._writeGeneric (node:net:966:11)
    at Socket._write (node:net:978:8)
    at writeOrBuffer (node:internal/streams/writable:572:12)
    at _write (node:internal/streams/writable:501:10)
    at Writable.write (node:internal/streams/writable:510:10)
    at Console.log (/Users/tcjr/Library/pnpm/global/5/.pnpm/winston@3.11.0/node_modules/winston/lib/winston/transports/console.js:79:23)
    at Console._write (/Users/tcjr/Library/pnpm/global/5/.pnpm/winston-transport@4.6.0/node_modules/winston-transport/index.js:103:17)
    at doWrite (/Users/tcjr/Library/pnpm/global/5/.pnpm/readable-stream@3.6.2/node_modules/readable-stream/lib/_stream_writable.js:390:139)
[error] 
[error] Error: An unexpected error has occurred.
[debug] [2026-02-22T03:22:36.368Z] Error: write EPIPE
    at afterWriteDispatched (node:internal/stream_base_commons:159:15)
    at writeGeneric (node:internal/stream_base_commons:150:3)
    at Socket._writeGeneric (node:net:966:11)
    at Socket._write (node:net:978:8)
    at writeOrBuffer (node:internal/streams/writable:572:12)
    at _write (node:internal/streams/writable:501:10)
    at Writable.write (node:internal/streams/writable:510:10)
    at Console.log (/Users/tcjr/Library/pnpm/global/5/.pnpm/winston@3.11.0/node_modules/winston/lib/winston/transports/console.js:79:23)
    at Console._write (/Users/tcjr/Library/pnpm/global/5/.pnpm/winston-transport@4.6.0/node_modules/winston-transport/index.js:103:17)
    at doWrite (/Users/tcjr/Library/pnpm/global/5/.pnpm/readable-stream@3.6.2/node_modules/readable-stream/lib/_stream_writable.js:390:139)
[error] 
[error] Error: An unexpected error has occurred.
[debug] [2026-02-22T03:22:36.368Z] Error: write EPIPE
    at afterWriteDispatched (node:internal/stream_base_commons:159:15)
    at writeGeneric (node:internal/stream_base_commons:150:3)
    at Socket._writeGeneric (node:net:966:11)
    at Socket._write (node:net:978:8)
    at writeOrBuffer (node:internal/streams/writable:572:12)
    at _write (node:internal/streams/writable:501:10)
    at Writable.write (node:internal/streams/writable:510:10)
    at Console.log (/Users/tcjr/Library/pnpm/global/5/.pnpm/winston@3.11.0/node_modules/winston/lib/winston/transports/console.js:79:23)
    at Console._write (/Users/tcjr/Library/pnpm/global/5/.pnpm/winston-transport@4.6.0/node_modules/winston-transport/index.js:103:17)
    at doWrite (/Users/tcjr/Library/pnpm/global/5/.pnpm/readable-stream@3.6.2/node_modules/readable-stream/lib/_stream_writable.js:390:139)
[error] 
[error] Error: An unexpected error has occurred.
[debug] [2026-02-22T03:22:36.368Z] Error: write EPIPE
    at afterWriteDispatched (node:internal/stream_base_commons:159:15)
    at writeGeneric (node:internal/stream_base_commons:150:3)
    at Socket._writeGeneric (node:net:966:11)
    at Socket._write (node:net:978:8)
    at writeOrBuffer (node:internal/streams/writable:572:12)
    at _write (node:internal/streams/writable:501:10)
    at Writable.write (node:internal/streams/writable:510:10)
    at Console.log (/Users/tcjr/Library/pnpm/global/5/.pnpm/winston@3.11.0/node_modules/winston/lib/winston/transports/console.js:79:23)
    at Console._write (/Users/tcjr/Library/pnpm/global/5/.pnpm/winston-transport@4.6.0/node_modules/winston-transport/index.js:103:17)
    at doWrite (/Users/tcjr/Library/pnpm/global/5/.pnpm/readable-stream@3.6.2/node_modules/readable-stream/lib/_stream_writable.js:390:139)
[error] 
[error] Error: An unexpected error has occurred.
[debug] [2026-02-22T03:22:36.368Z] Error: write EPIPE
    at afterWriteDispatched (node:internal/stream_base_commons:159:15)
    at writeGeneric (node:internal/stream_base_commons:150:3)
    at Socket._writeGeneric (node:net:966:11)
    at Socket._write (node:net:978:8)
    at writeOrBuffer (node:internal/streams/writable:572:12)
    at _write (node:internal/streams/writable:501:10)
    at Writable.write (node:internal/streams/writable:510:10)
    at Console.log (/Users/tcjr/Library/pnpm/global/5/.pnpm/winston@3.11.0/node_modules/winston/lib/winston/transports/console.js:79:23)
    at Console._write (/Users/tcjr/Library/pnpm/global/5/.pnpm/winston-transport@4.6.0/node_modules/winston-transport/index.js:103:17)
    at doWrite (/Users/tcjr/Library/pnpm/global/5/.pnpm/readable-stream@3.6.2/node_modules/readable-stream/lib/_stream_writable.js:390:139)
[error] 
[error] Error: An unexpected error has occurred.
[debug] [2026-02-22T03:22:36.368Z] Error: write EPIPE
    at afterWriteDispatched (node:internal/stream_base_commons:159:15)
    at writeGeneric (node:internal/stream_base_commons:150:3)
    at Socket._writeGeneric (node:net:966:11)
    at Socket._write (node:net:978:8)
    at writeOrBuffer (node:internal/streams/writable:572:12)
    at _write (node:internal/streams/writable:501:10)
    at Writable.write (node:internal/streams/writable:510:10)
    at Console.log (/Users/tcjr/Library/pnpm/global/5/.pnpm/winston@3.11.0/node_modules/winston/lib/winston/transports/console.js:79:23)
    at Console._write (/Users/tcjr/Library/pnpm/global/5/.pnpm/winston-transport@4.6.0/node_modules/winston-transport/index.js:103:17)
    at doWrite (/Users/tcjr/Library/pnpm/global/5/.pnpm/readable-stream@3.6.2/node_modules/readable-stream/lib/_stream_writable.js:390:139)
[error] 
[error] Error: An unexpected error has occurred.
[debug] [2026-02-22T03:22:36.368Z] Error: write EPIPE
    at afterWriteDispatched (node:internal/stream_base_commons:159:15)
    at writeGeneric (node:internal/stream_base_commons:150:3)
    at Socket._writeGeneric (node:net:966:11)
    at Socket._write (node:net:978:8)
    at writeOrBuffer (node:internal/streams/writable:572:12)
    at _write (node:internal/streams/writable:501:10)
    at Writable.write (node:internal/streams/writable:510:10)
    at Console.log (/Users/tcjr/Library/pnpm/global/5/.pnpm/winston@3.11.0/node_modules/winston/lib/winston/transports/console.js:79:23)
    at Console._write (/Users/tcjr/Library/pnpm/global/5/.pnpm/winston-transport@4.6.0/node_modules/winston-transport/index.js:103:17)
    at doWrite (/Users/tcjr/Library/pnpm/global/5/.pnpm/readable-stream@3.6.2/node_modules/readable-stream/lib/_stream_writable.js:390:139)
[error] 
[error] Error: An unexpected error has occurred.
[debug] [2026-02-22T03:22:36.368Z] Error: write EPIPE
    at afterWriteDispatched (node:internal/stream_base_commons:159:15)
    at writeGeneric (node:internal/stream_base_commons:150:3)
    at Socket._writeGeneric (node:net:966:11)
    at Socket._write (node:net:978:8)
    at writeOrBuffer (node:internal/streams/writable:572:12)
    at _write (node:internal/streams/writable:501:10)
    at Writable.write (node:internal/streams/writable:510:10)
    at Console.log (/Users/tcjr/Library/pnpm/global/5/.pnpm/winston@3.11.0/node_modules/winston/lib/winston/transports/console.js:79:23)
    at Console._write (/Users/tcjr/Library/pnpm/global/5/.pnpm/winston-transport@4.6.0/node_modules/winston-transport/index.js:103:17)
    at doWrite (/Users/tcjr/Library/pnpm/global/5/.pnpm/readable-stream@3.6.2/node_modules/readable-stream/lib/_stream_writable.js:390:139)
[error] 
[error] Error: An unexpected error has occurred.
[debug] [2026-02-22T03:22:36.369Z] Error: write EPIPE
    at afterWriteDispatched (node:internal/stream_base_commons:159:15)
    at writeGeneric (node:internal/stream_base_commons:150:3)
    at Socket._writeGeneric (node:net:966:11)
    at Socket._write (node:net:978:8)
    at writeOrBuffer (node:internal/streams/writable:572:12)
    at _write (node:internal/streams/writable:501:10)
    at Writable.write (node:internal/streams/writable:510:10)
    at Console.log (/Users/tcjr/Library/pnpm/global/5/.pnpm/winston@3.11.0/node_modules/winston/lib/winston/transports/console.js:79:23)
    at Console._write (/Users/tcjr/Library/pnpm/global/5/.pnpm/winston-transport@4.6.0/node_modules/winston-transport/index.js:103:17)
    at doWrite (/Users/tcjr/Library/pnpm/global/5/.pnpm/readable-stream@3.6.2/node_modules/readable-stream/lib/_stream_writable.js:390:139)
[error] 
[error] Error: An unexpected error has occurred.
[debug] [2026-02-22T03:22:36.369Z] Error: write EPIPE
    at afterWriteDispatched (node:internal/stream_base_commons:159:15)
    at writeGeneric (node:internal/stream_base_commons:150:3)
    at Socket._writeGeneric (node:net:966:11)
    at Socket._write (node:net:978:8)
    at writeOrBuffer (node:internal/streams/writable:572:12)
    at _write (node:internal/streams/writable:501:10)
    at Writable.write (node:internal/streams/writable:510:10)
    at Console.log (/Users/tcjr/Library/pnpm/global/5/.pnpm/winston@3.11.0/node_modules/winston/lib/winston/transports/console.js:79:23)
    at Console._write (/Users/tcjr/Library/pnpm/global/5/.pnpm/winston-transport@4.6.0/node_modules/winston-transport/index.js:103:17)
    at doWrite (/Users/tcjr/Library/pnpm/global/5/.pnpm/readable-stream@3.6.2/node_modules/readable-stream/lib/_stream_writable.js:390:139)
[error] 
[error] Error: An unexpected error has occurred.
[debug] [2026-02-22T03:22:36.370Z] Error: write EPIPE
    at afterWriteDispatched (node:internal/stream_base_commons:159:15)
    at writeGeneric (node:internal/stream_base_commons:150:3)
    at Socket._writeGeneric (node:net:966:11)
    at Socket._write (node:net:978:8)
    at writeOrBuffer (node:internal/streams/writable:572:12)
    at _write (node:internal/streams/writable:501:10)
    at Writable.write (node:internal/streams/writable:510:10)
    at Console.log (/Users/tcjr/Library/pnpm/global/5/.pnpm/winston@3.11.0/node_modules/winston/lib/winston/transports/console.js:79:23)
    at Console._write (/Users/tcjr/Library/pnpm/global/5/.pnpm/winston-transport@4.6.0/node_modules/winston-transport/index.js:103:17)
    at doWrite (/Users/tcjr/Library/pnpm/global/5/.pnpm/readable-stream@3.6.2/node_modules/readable-stream/lib/_stream_writable.js:390:139)
[error] 
[error] Error: An unexpected error has occurred.
[debug] [2026-02-22T03:22:36.370Z] Error: write EPIPE
    at afterWriteDispatched (node:internal/stream_base_commons:159:15)
    at writeGeneric (node:internal/stream_base_commons:150:3)
    at Socket._writeGeneric (node:net:966:11)
    at Socket._write (node:net:978:8)
    at writeOrBuffer (node:internal/streams/writable:572:12)
    at _write (node:internal/streams/writable:501:10)
    at Writable.write (node:internal/streams/writable:510:10)
    at Console.log (/Users/tcjr/Library/pnpm/global/5/.pnpm/winston@3.11.0/node_modules/winston/lib/winston/transports/console.js:79:23)
    at Console._write (/Users/tcjr/Library/pnpm/global/5/.pnpm/winston-transport@4.6.0/node_modules/winston-transport/index.js:103:17)
    at doWrite (/Users/tcjr/Library/pnpm/global/5/.pnpm/readable-stream@3.6.2/node_modules/readable-stream/lib/_stream_writable.js:390:139)
[error] 
[error] Error: An unexpected error has occurred.
[debug] [2026-02-22T03:22:36.370Z] Error: write EPIPE
    at afterWriteDispatched (node:internal/stream_base_commons:159:15)
    at writeGeneric (node:internal/stream_base_commons:150:3)
    at Socket._writeGeneric (node:net:966:11)
    at Socket._write (node:net:978:8)
    at writeOrBuffer (node:internal/streams/writable:572:12)
    at _write (node:internal/streams/writable:501:10)
    at Writable.write (node:internal/streams/writable:510:10)
    at Console.log (/Users/tcjr/Library/pnpm/global/5/.pnpm/winston@3.11.0/node_modules/winston/lib/winston/transports/console.js:79:23)
    at Console._write (/Users/tcjr/Library/pnpm/global/5/.pnpm/winston-transport@4.6.0/node_modules/winston-transport/index.js:103:17)
    at doWrite (/Users/tcjr/Library/pnpm/global/5/.pnpm/readable-stream@3.6.2/node_modules/readable-stream/lib/_stream_writable.js:390:139)
[error] 
[error] Error: An unexpected error has occurred.
[debug] [2026-02-22T03:22:36.371Z] Error: write EPIPE
    at afterWriteDispatched (node:internal/stream_base_commons:159:15)
    at writeGeneric (node:internal/stream_base_commons:150:3)
    at Socket._writeGeneric (node:net:966:11)
    at Socket._write (node:net:978:8)
    at writeOrBuffer (node:internal/streams/writable:572:12)
    at _write (node:internal/streams/writable:501:10)
    at Writable.write (node:internal/streams/writable:510:10)
    at Console.log (/Users/tcjr/Library/pnpm/global/5/.pnpm/winston@3.11.0/node_modules/winston/lib/winston/transports/console.js:79:23)
    at Console._write (/Users/tcjr/Library/pnpm/global/5/.pnpm/winston-transport@4.6.0/node_modules/winston-transport/index.js:103:17)
    at doWrite (/Users/tcjr/Library/pnpm/global/5/.pnpm/readable-stream@3.6.2/node_modules/readable-stream/lib/_stream_writable.js:390:139)
[error] 
[error] Error: An unexpected error has occurred.
[debug] [2026-02-22T03:22:36.371Z] Error: write EPIPE
    at afterWriteDispatched (node:internal/stream_base_commons:159:15)
    at writeGeneric (node:internal/stream_base_commons:150:3)
    at Socket._writeGeneric (node:net:966:11)
    at Socket._write (node:net:978:8)
    at writeOrBuffer (node:internal/streams/writable:572:12)
    at _write (node:internal/streams/writable:501:10)
    at Writable.write (node:internal/streams/writable:510:10)
    at Console.log (/Users/tcjr/Library/pnpm/global/5/.pnpm/winston@3.11.0/node_modules/winston/lib/winston/transports/console.js:79:23)
    at Console._write (/Users/tcjr/Library/pnpm/global/5/.pnpm/winston-transport@4.6.0/node_modules/winston-transport/index.js:103:17)
    at doWrite (/Users/tcjr/Library/pnpm/global/5/.pnpm/readable-stream@3.6.2/node_modules/readable-stream/lib/_stream_writable.js:390:139)
[error] 
[error] Error: An unexpected error has occurred.
[debug] [2026-02-22T03:22:36.371Z] Error: write EPIPE
    at afterWriteDispatched (node:internal/stream_base_commons:159:15)
    at writeGeneric (node:internal/stream_base_commons:150:3)
    at Socket._writeGeneric (node:net:966:11)
    at Socket._write (node:net:978:8)
    at writeOrBuffer (node:internal/streams/writable:572:12)
    at _write (node:internal/streams/writable:501:10)
    at Writable.write (node:internal/streams/writable:510:10)
    at Console.log (/Users/tcjr/Library/pnpm/global/5/.pnpm/winston@3.11.0/node_modules/winston/lib/winston/transports/console.js:79:23)
    at Console._write (/Users/tcjr/Library/pnpm/global/5/.pnpm/winston-transport@4.6.0/node_modules/winston-transport/index.js:103:17)
    at doWrite (/Users/tcjr/Library/pnpm/global/5/.pnpm/readable-stream@3.6.2/node_modules/readable-stream/lib/_stream_writable.js:390:139)
[error] 
[error] Error: An unexpected error has occurred.
[debug] [2026-02-22T03:22:36.371Z] Error: write EPIPE
    at afterWriteDispatched (node:internal/stream_base_commons:159:15)
    at writeGeneric (node:internal/stream_base_commons:150:3)
    at Socket._writeGeneric (node:net:966:11)
    at Socket._write (node:net:978:8)
    at writeOrBuffer (node:internal/streams/writable:572:12)
    at _write (node:internal/streams/writable:501:10)
    at Writable.write (node:internal/streams/writable:510:10)
    at Console.log (/Users/tcjr/Library/pnpm/global/5/.pnpm/winston@3.11.0/node_modules/winston/lib/winston/transports/console.js:79:23)
    at Console._write (/Users/tcjr/Library/pnpm/global/5/.pnpm/winston-transport@4.6.0/node_modules/winston-transport/index.js:103:17)
    at doWrite (/Users/tcjr/Library/pnpm/global/5/.pnpm/readable-stream@3.6.2/node_modules/readable-stream/lib/_stream_writable.js:390:139)
[error] 
[error] Error: An unexpected error has occurred.
[debug] [2026-02-22T03:22:36.371Z] Error: write EPIPE
    at afterWriteDispatched (node:internal/stream_base_commons:159:15)
    at writeGeneric (node:internal/stream_base_commons:150:3)
    at Socket._writeGeneric (node:net:966:11)
    at Socket._write (node:net:978:8)
    at writeOrBuffer (node:internal/streams/writable:572:12)
    at _write (node:internal/streams/writable:501:10)
    at Writable.write (node:internal/streams/writable:510:10)
    at Console.log (/Users/tcjr/Library/pnpm/global/5/.pnpm/winston@3.11.0/node_modules/winston/lib/winston/transports/console.js:79:23)
    at Console._write (/Users/tcjr/Library/pnpm/global/5/.pnpm/winston-transport@4.6.0/node_modules/winston-transport/index.js:103:17)
    at doWrite (/Users/tcjr/Library/pnpm/global/5/.pnpm/readable-stream@3.6.2/node_modules/readable-stream/lib/_stream_writable.js:390:139)
[error] 
[error] Error: An unexpected error has occurred.
[debug] [2026-02-22T03:22:36.372Z] Error: write EPIPE
    at afterWriteDispatched (node:internal/stream_base_commons:159:15)
    at writeGeneric (node:internal/stream_base_commons:150:3)
    at Socket._writeGeneric (node:net:966:11)
    at Socket._write (node:net:978:8)
    at writeOrBuffer (node:internal/streams/writable:572:12)
    at _write (node:internal/streams/writable:501:10)
    at Writable.write (node:internal/streams/writable:510:10)
    at Console.log (/Users/tcjr/Library/pnpm/global/5/.pnpm/winston@3.11.0/node_modules/winston/lib/winston/transports/console.js:79:23)
    at Console._write (/Users/tcjr/Library/pnpm/global/5/.pnpm/winston-transport@4.6.0/node_modules/winston-transport/index.js:103:17)
    at doWrite (/Users/tcjr/Library/pnpm/global/5/.pnpm/readable-stream@3.6.2/node_modules/readable-stream/lib/_stream_writable.js:390:139)
[error] 
[error] Error: An unexpected error has occurred.
[debug] [2026-02-22T03:22:36.372Z] Error: write EPIPE
    at afterWriteDispatched (node:internal/stream_base_commons:159:15)
    at writeGeneric (node:internal/stream_base_commons:150:3)
    at Socket._writeGeneric (node:net:966:11)
    at Socket._write (node:net:978:8)
    at writeOrBuffer (node:internal/streams/writable:572:12)
    at _write (node:internal/streams/writable:501:10)
    at Writable.write (node:internal/streams/writable:510:10)
    at Console.log (/Users/tcjr/Library/pnpm/global/5/.pnpm/winston@3.11.0/node_modules/winston/lib/winston/transports/console.js:79:23)
    at Console._write (/Users/tcjr/Library/pnpm/global/5/.pnpm/winston-transport@4.6.0/node_modules/winston-transport/index.js:103:17)
    at doWrite (/Users/tcjr/Library/pnpm/global/5/.pnpm/readable-stream@3.6.2/node_modules/readable-stream/lib/_stream_writable.js:390:139)
[error] 
[error] Error: An unexpected error has occurred.
[debug] [2026-02-22T03:22:36.372Z] Error: write EPIPE
    at afterWriteDispatched (node:internal/stream_base_commons:159:15)
    at writeGeneric (node:internal/stream_base_commons:150:3)
    at Socket._writeGeneric (node:net:966:11)
    at Socket._write (node:net:978:8)
    at writeOrBuffer (node:internal/streams/writable:572:12)
    at _write (node:internal/streams/writable:501:10)
    at Writable.write (node:internal/streams/writable:510:10)
    at Console.log (/Users/tcjr/Library/pnpm/global/5/.pnpm/winston@3.11.0/node_modules/winston/lib/winston/transports/console.js:79:23)
    at Console._write (/Users/tcjr/Library/pnpm/global/5/.pnpm/winston-transport@4.6.0/node_modules/winston-transport/index.js:103:17)
    at doWrite (/Users/tcjr/Library/pnpm/global/5/.pnpm/readable-stream@3.6.2/node_modules/readable-stream/lib/_stream_writable.js:390:139)
[error] 
[error] Error: An unexpected error has occurred.
[debug] [2026-02-22T03:22:36.372Z] Error: write EPIPE
    at afterWriteDispatched (node:internal/stream_base_commons:159:15)
    at writeGeneric (node:internal/stream_base_commons:150:3)
    at Socket._writeGeneric (node:net:966:11)
    at Socket._write (node:net:978:8)
    at writeOrBuffer (node:internal/streams/writable:572:12)
    at _write (node:internal/streams/writable:501:10)
    at Writable.write (node:internal/streams/writable:510:10)
    at Console.log (/Users/tcjr/Library/pnpm/global/5/.pnpm/winston@3.11.0/node_modules/winston/lib/winston/transports/console.js:79:23)
    at Console._write (/Users/tcjr/Library/pnpm/global/5/.pnpm/winston-transport@4.6.0/node_modules/winston-transport/index.js:103:17)
    at doWrite (/Users/tcjr/Library/pnpm/global/5/.pnpm/readable-stream@3.6.2/node_modules/readable-stream/lib/_stream_writable.js:390:139)
[error] 
[error] Error: An unexpected error has occurred.
[debug] [2026-02-22T03:22:36.373Z] Error: write EPIPE
    at afterWriteDispatched (node:internal/stream_base_commons:159:15)
    at writeGeneric (node:internal/stream_base_commons:150:3)
    at Socket._writeGeneric (node:net:966:11)
    at Socket._write (node:net:978:8)
    at writeOrBuffer (node:internal/streams/writable:572:12)
    at _write (node:internal/streams/writable:501:10)
    at Writable.write (node:internal/streams/writable:510:10)
    at Console.log (/Users/tcjr/Library/pnpm/global/5/.pnpm/winston@3.11.0/node_modules/winston/lib/winston/transports/console.js:79:23)
    at Console._write (/Users/tcjr/Library/pnpm/global/5/.pnpm/winston-transport@4.6.0/node_modules/winston-transport/index.js:103:17)
    at doWrite (/Users/tcjr/Library/pnpm/global/5/.pnpm/readable-stream@3.6.2/node_modules/readable-stream/lib/_stream_writable.js:390:139)
[error] 
[error] Error: An unexpected error has occurred.
[debug] [2026-02-22T03:22:36.373Z] Error: write EPIPE
    at afterWriteDispatched (node:internal/stream_base_commons:159:15)
    at writeGeneric (node:internal/stream_base_commons:150:3)
    at Socket._writeGeneric (node:net:966:11)
    at Socket._write (node:net:978:8)
    at writeOrBuffer (node:internal/streams/writable:572:12)
    at _write (node:internal/streams/writable:501:10)
    at Writable.write (node:internal/streams/writable:510:10)
    at Console.log (/Users/tcjr/Library/pnpm/global/5/.pnpm/winston@3.11.0/node_modules/winston/lib/winston/transports/console.js:79:23)
    at Console._write (/Users/tcjr/Library/pnpm/global/5/.pnpm/winston-transport@4.6.0/node_modules/winston-transport/index.js:103:17)
    at doWrite (/Users/tcjr/Library/pnpm/global/5/.pnpm/readable-stream@3.6.2/node_modules/readable-stream/lib/_stream_writable.js:390:139)
[error] 
[error] Error: An unexpected error has occurred.
[debug] [2026-02-22T03:22:36.373Z] Error: write EPIPE
    at afterWriteDispatched (node:internal/stream_base_commons:159:15)
    at writeGeneric (node:internal/stream_base_commons:150:3)
    at Socket._writeGeneric (node:net:966:11)
    at Socket._write (node:net:978:8)
    at writeOrBuffer (node:internal/streams/writable:572:12)
    at _write (node:internal/streams/writable:501:10)
    at Writable.write (node:internal/streams/writable:510:10)
    at Console.log (/Users/tcjr/Library/pnpm/global/5/.pnpm/winston@3.11.0/node_modules/winston/lib/winston/transports/console.js:79:23)
    at Console._write (/Users/tcjr/Library/pnpm/global/5/.pnpm/winston-transport@4.6.0/node_modules/winston-transport/index.js:103:17)
    at doWrite (/Users/tcjr/Library/pnpm/global/5/.pnpm/readable-stream@3.6.2/node_modules/readable-stream/lib/_stream_writable.js:390:139)
[error] 
[error] Error: An unexpected error has occurred.
[debug] [2026-02-22T03:22:36.373Z] Error: write EPIPE
    at afterWriteDispatched (node:internal/stream_base_commons:159:15)
    at writeGeneric (node:internal/stream_base_commons:150:3)
    at Socket._writeGeneric (node:net:966:11)
    at Socket._write (node:net:978:8)
    at writeOrBuffer (node:internal/streams/writable:572:12)
    at _write (node:internal/streams/writable:501:10)
    at Writable.write (node:internal/streams/writable:510:10)
    at Console.log (/Users/tcjr/Library/pnpm/global/5/.pnpm/winston@3.11.0/node_modules/winston/lib/winston/transports/console.js:79:23)
    at Console._write (/Users/tcjr/Library/pnpm/global/5/.pnpm/winston-transport@4.6.0/node_modules/winston-transport/index.js:103:17)
    at doWrite (/Users/tcjr/Library/pnpm/global/5/.pnpm/readable-stream@3.6.2/node_modules/readable-stream/lib/_stream_writable.js:390:139)
[error] 
[error] Error: An unexpected error has occurred.
[debug] [2026-02-22T03:22:36.373Z] Error: write EPIPE
    at afterWriteDispatched (node:internal/stream_base_commons:159:15)
    at writeGeneric (node:internal/stream_base_commons:150:3)
    at Socket._writeGeneric (node:net:966:11)
    at Socket._write (node:net:978:8)
    at writeOrBuffer (node:internal/streams/writable:572:12)
    at _write (node:internal/streams/writable:501:10)
    at Writable.write (node:internal/streams/writable:510:10)
    at Console.log (/Users/tcjr/Library/pnpm/global/5/.pnpm/winston@3.11.0/node_modules/winston/lib/winston/transports/console.js:79:23)
    at Console._write (/Users/tcjr/Library/pnpm/global/5/.pnpm/winston-transport@4.6.0/node_modules/winston-transport/index.js:103:17)
    at doWrite (/Users/tcjr/Library/pnpm/global/5/.pnpm/readable-stream@3.6.2/node_modules/readable-stream/lib/_stream_writable.js:390:139)
[error] 
[error] Error: An unexpected error has occurred.
[debug] [2026-02-22T03:22:36.374Z] Error: write EPIPE
    at afterWriteDispatched (node:internal/stream_base_commons:159:15)
    at writeGeneric (node:internal/stream_base_commons:150:3)
    at Socket._writeGeneric (node:net:966:11)
    at Socket._write (node:net:978:8)
    at writeOrBuffer (node:internal/streams/writable:572:12)
    at _write (node:internal/streams/writable:501:10)
    at Writable.write (node:internal/streams/writable:510:10)
    at Console.log (/Users/tcjr/Library/pnpm/global/5/.pnpm/winston@3.11.0/node_modules/winston/lib/winston/transports/console.js:79:23)
    at Console._write (/Users/tcjr/Library/pnpm/global/5/.pnpm/winston-transport@4.6.0/node_modules/winston-transport/index.js:103:17)
    at doWrite (/Users/tcjr/Library/pnpm/global/5/.pnpm/readable-stream@3.6.2/node_modules/readable-stream/lib/_stream_writable.js:390:139)
[error] 
[error] Error: An unexpected error has occurred.
[debug] [2026-02-22T03:22:36.374Z] Error: write EPIPE
    at afterWriteDispatched (node:internal/stream_base_commons:159:15)
    at writeGeneric (node:internal/stream_base_commons:150:3)
    at Socket._writeGeneric (node:net:966:11)
    at Socket._write (node:net:978:8)
    at writeOrBuffer (node:internal/streams/writable:572:12)
    at _write (node:internal/streams/writable:501:10)
    at Writable.write (node:internal/streams/writable:510:10)
    at Console.log (/Users/tcjr/Library/pnpm/global/5/.pnpm/winston@3.11.0/node_modules/winston/lib/winston/transports/console.js:79:23)
    at Console._write (/Users/tcjr/Library/pnpm/global/5/.pnpm/winston-transport@4.6.0/node_modules/winston-transport/index.js:103:17)
    at doWrite (/Users/tcjr/Library/pnpm/global/5/.pnpm/readable-stream@3.6.2/node_modules/readable-stream/lib/_stream_writable.js:390:139)
[error] 
[error] Error: An unexpected error has occurred.
[debug] [2026-02-22T03:22:36.374Z] Error: write EPIPE
    at afterWriteDispatched (node:internal/stream_base_commons:159:15)
    at writeGeneric (node:internal/stream_base_commons:150:3)
    at Socket._writeGeneric (node:net:966:11)
    at Socket._write (node:net:978:8)
    at writeOrBuffer (node:internal/streams/writable:572:12)
    at _write (node:internal/streams/writable:501:10)
    at Writable.write (node:internal/streams/writable:510:10)
    at Console.log (/Users/tcjr/Library/pnpm/global/5/.pnpm/winston@3.11.0/node_modules/winston/lib/winston/transports/console.js:79:23)
    at Console._write (/Users/tcjr/Library/pnpm/global/5/.pnpm/winston-transport@4.6.0/node_modules/winston-transport/index.js:103:17)
    at doWrite (/Users/tcjr/Library/pnpm/global/5/.pnpm/readable-stream@3.6.2/node_modules/readable-stream/lib/_stream_writable.js:390:139)
[error] 
[error] Error: An unexpected error has occurred.
[debug] [2026-02-22T03:22:36.374Z] Error: write EPIPE
    at afterWriteDispatched (node:internal/stream_base_commons:159:15)
    at writeGeneric (node:internal/stream_base_commons:150:3)
    at Socket._writeGeneric (node:net:966:11)
    at Socket._write (node:net:978:8)
    at writeOrBuffer (node:internal/streams/writable:572:12)
    at _write (node:internal/streams/writable:501:10)
    at Writable.write (node:internal/streams/writable:510:10)
    at Console.log (/Users/tcjr/Library/pnpm/global/5/.pnpm/winston@3.11.0/node_modules/winston/lib/winston/transports/console.js:79:23)
    at Console._write (/Users/tcjr/Library/pnpm/global/5/.pnpm/winston-transport@4.6.0/node_modules/winston-transport/index.js:103:17)
    at doWrite (/Users/tcjr/Library/pnpm/global/5/.pnpm/readable-stream@3.6.2/node_modules/readable-stream/lib/_stream_writable.js:390:139)
[error] 
[error] Error: An unexpected error has occurred.
[debug] [2026-02-22T03:22:36.374Z] Error: write EPIPE
    at afterWriteDispatched (node:internal/stream_base_commons:159:15)
    at writeGeneric (node:internal/stream_base_commons:150:3)
    at Socket._writeGeneric (node:net:966:11)
    at Socket._write (node:net:978:8)
    at writeOrBuffer (node:internal/streams/writable:572:12)
    at _write (node:internal/streams/writable:501:10)
    at Writable.write (node:internal/streams/writable:510:10)
    at Console.log (/Users/tcjr/Library/pnpm/global/5/.pnpm/winston@3.11.0/node_modules/winston/lib/winston/transports/console.js:79:23)
    at Console._write (/Users/tcjr/Library/pnpm/global/5/.pnpm/winston-transport@4.6.0/node_modules/winston-transport/index.js:103:17)
    at doWrite (/Users/tcjr/Library/pnpm/global/5/.pnpm/readable-stream@3.6.2/node_modules/readable-stream/lib/_stream_writable.js:390:139)
[error] 
[error] Error: An unexpected error has occurred.
[debug] [2026-02-22T03:22:36.374Z] Error: write EPIPE
    at afterWriteDispatched (node:internal/stream_base_commons:159:15)
    at writeGeneric (node:internal/stream_base_commons:150:3)
    at Socket._writeGeneric (node:net:966:11)
    at Socket._write (node:net:978:8)
    at writeOrBuffer (node:internal/streams/writable:572:12)
    at _write (node:internal/streams/writable:501:10)
    at Writable.write (node:internal/streams/writable:510:10)
    at Console.log (/Users/tcjr/Library/pnpm/global/5/.pnpm/winston@3.11.0/node_modules/winston/lib/winston/transports/console.js:79:23)
    at Console._write (/Users/tcjr/Library/pnpm/global/5/.pnpm/winston-transport@4.6.0/node_modules/winston-transport/index.js:103:17)
    at doWrite (/Users/tcjr/Library/pnpm/global/5/.pnpm/readable-stream@3.6.2/node_modules/readable-stream/lib/_stream_writable.js:390:139)
[error] 
[error] Error: An unexpected error has occurred.
[debug] [2026-02-22T03:22:36.375Z] Error: write EPIPE
    at afterWriteDispatched (node:internal/stream_base_commons:159:15)
    at writeGeneric (node:internal/stream_base_commons:150:3)
    at Socket._writeGeneric (node:net:966:11)
    at Socket._write (node:net:978:8)
    at writeOrBuffer (node:internal/streams/writable:572:12)
    at _write (node:internal/streams/writable:501:10)
    at Writable.write (node:internal/streams/writable:510:10)
    at Console.log (/Users/tcjr/Library/pnpm/global/5/.pnpm/winston@3.11.0/node_modules/winston/lib/winston/transports/console.js:79:23)
    at Console._write (/Users/tcjr/Library/pnpm/global/5/.pnpm/winston-transport@4.6.0/node_modules/winston-transport/index.js:103:17)
    at doWrite (/Users/tcjr/Library/pnpm/global/5/.pnpm/readable-stream@3.6.2/node_modules/readable-stream/lib/_stream_writable.js:390:139)
[error] 
[error] Error: An unexpected error has occurred.
[debug] [2026-02-22T03:22:36.375Z] Error: write EPIPE
    at afterWriteDispatched (node:internal/stream_base_commons:159:15)
    at writeGeneric (node:internal/stream_base_commons:150:3)
    at Socket._writeGeneric (node:net:966:11)
    at Socket._write (node:net:978:8)
    at writeOrBuffer (node:internal/streams/writable:572:12)
    at _write (node:internal/streams/writable:501:10)
    at Writable.write (node:internal/streams/writable:510:10)
    at Console.log (/Users/tcjr/Library/pnpm/global/5/.pnpm/winston@3.11.0/node_modules/winston/lib/winston/transports/console.js:79:23)
    at Console._write (/Users/tcjr/Library/pnpm/global/5/.pnpm/winston-transport@4.6.0/node_modules/winston-transport/index.js:103:17)
    at doWrite (/Users/tcjr/Library/pnpm/global/5/.pnpm/readable-stream@3.6.2/node_modules/readable-stream/lib/_stream_writable.js:390:139)
[error] 
[error] Error: An unexpected error has occurred.
[debug] [2026-02-22T03:22:36.375Z] Error: write EPIPE
    at afterWriteDispatched (node:internal/stream_base_commons:159:15)
    at writeGeneric (node:internal/stream_base_commons:150:3)
    at Socket._writeGeneric (node:net:966:11)
    at Socket._write (node:net:978:8)
    at writeOrBuffer (node:internal/streams/writable:572:12)
    at _write (node:internal/streams/writable:501:10)
    at Writable.write (node:internal/streams/writable:510:10)
    at Console.log (/Users/tcjr/Library/pnpm/global/5/.pnpm/winston@3.11.0/node_modules/winston/lib/winston/transports/console.js:79:23)
    at Console._write (/Users/tcjr/Library/pnpm/global/5/.pnpm/winston-transport@4.6.0/node_modules/winston-transport/index.js:103:17)
    at doWrite (/Users/tcjr/Library/pnpm/global/5/.pnpm/readable-stream@3.6.2/node_modules/readable-stream/lib/_stream_writable.js:390:139)
[error] 
[error] Error: An unexpected error has occurred.
[debug] [2026-02-22T03:22:36.375Z] Error: write EPIPE
    at afterWriteDispatched (node:internal/stream_base_commons:159:15)
    at writeGeneric (node:internal/stream_base_commons:150:3)
    at Socket._writeGeneric (node:net:966:11)
    at Socket._write (node:net:978:8)
    at writeOrBuffer (node:internal/streams/writable:572:12)
    at _write (node:internal/streams/writable:501:10)
    at Writable.write (node:internal/streams/writable:510:10)
    at Console.log (/Users/tcjr/Library/pnpm/global/5/.pnpm/winston@3.11.0/node_modules/winston/lib/winston/transports/console.js:79:23)
    at Console._write (/Users/tcjr/Library/pnpm/global/5/.pnpm/winston-transport@4.6.0/node_modules/winston-transport/index.js:103:17)
    at doWrite (/Users/tcjr/Library/pnpm/global/5/.pnpm/readable-stream@3.6.2/node_modules/readable-stream/lib/_stream_writable.js:390:139)
[error] 
[error] Error: An unexpected error has occurred.
[debug] [2026-02-22T03:22:36.375Z] Error: write EPIPE
    at afterWriteDispatched (node:internal/stream_base_commons:159:15)
    at writeGeneric (node:internal/stream_base_commons:150:3)
    at Socket._writeGeneric (node:net:966:11)
    at Socket._write (node:net:978:8)
    at writeOrBuffer (node:internal/streams/writable:572:12)
    at _write (node:internal/streams/writable:501:10)
    at Writable.write (node:internal/streams/writable:510:10)
    at Console.log (/Users/tcjr/Library/pnpm/global/5/.pnpm/winston@3.11.0/node_modules/winston/lib/winston/transports/console.js:79:23)
    at Console._write (/Users/tcjr/Library/pnpm/global/5/.pnpm/winston-transport@4.6.0/node_modules/winston-transport/index.js:103:17)
    at doWrite (/Users/tcjr/Library/pnpm/global/5/.pnpm/readable-stream@3.6.2/node_modules/readable-stream/lib/_stream_writable.js:390:139)
[error] 
[error] Error: An unexpected error has occurred.
[debug] [2026-02-22T03:22:36.375Z] Error: write EPIPE
    at afterWriteDispatched (node:internal/stream_base_commons:159:15)
    at writeGeneric (node:internal/stream_base_commons:150:3)
    at Socket._writeGeneric (node:net:966:11)
    at Socket._write (node:net:978:8)
    at writeOrBuffer (node:internal/streams/writable:572:12)
    at _write (node:internal/streams/writable:501:10)
    at Writable.write (node:internal/streams/writable:510:10)
    at Console.log (/Users/tcjr/Library/pnpm/global/5/.pnpm/winston@3.11.0/node_modules/winston/lib/winston/transports/console.js:79:23)
    at Console._write (/Users/tcjr/Library/pnpm/global/5/.pnpm/winston-transport@4.6.0/node_modules/winston-transport/index.js:103:17)
    at doWrite (/Users/tcjr/Library/pnpm/global/5/.pnpm/readable-stream@3.6.2/node_modules/readable-stream/lib/_stream_writable.js:390:139)
[error] 
[error] Error: An unexpected error has occurred.
[debug] [2026-02-22T03:22:36.376Z] Error: write EPIPE
    at afterWriteDispatched (node:internal/stream_base_commons:159:15)
    at writeGeneric (node:internal/stream_base_commons:150:3)
    at Socket._writeGeneric (node:net:966:11)
    at Socket._write (node:net:978:8)
    at writeOrBuffer (node:internal/streams/writable:572:12)
    at _write (node:internal/streams/writable:501:10)
    at Writable.write (node:internal/streams/writable:510:10)
    at Console.log (/Users/tcjr/Library/pnpm/global/5/.pnpm/winston@3.11.0/node_modules/winston/lib/winston/transports/console.js:79:23)
    at Console._write (/Users/tcjr/Library/pnpm/global/5/.pnpm/winston-transport@4.6.0/node_modules/winston-transport/index.js:103:17)
    at doWrite (/Users/tcjr/Library/pnpm/global/5/.pnpm/readable-stream@3.6.2/node_modules/readable-stream/lib/_stream_writable.js:390:139)
[error] 
[error] Error: An unexpected error has occurred.
[debug] [2026-02-22T03:22:36.376Z] Error: write EPIPE
    at afterWriteDispatched (node:internal/stream_base_commons:159:15)
    at writeGeneric (node:internal/stream_base_commons:150:3)
    at Socket._writeGeneric (node:net:966:11)
    at Socket._write (node:net:978:8)
    at writeOrBuffer (node:internal/streams/writable:572:12)
    at _write (node:internal/streams/writable:501:10)
    at Writable.write (node:internal/streams/writable:510:10)
    at Console.log (/Users/tcjr/Library/pnpm/global/5/.pnpm/winston@3.11.0/node_modules/winston/lib/winston/transports/console.js:79:23)
    at Console._write (/Users/tcjr/Library/pnpm/global/5/.pnpm/winston-transport@4.6.0/node_modules/winston-transport/index.js:103:17)
    at doWrite (/Users/tcjr/Library/pnpm/global/5/.pnpm/readable-stream@3.6.2/node_modules/readable-stream/lib/_stream_writable.js:390:139)
[error] 
[error] Error: An unexpected error has occurred.
[debug] [2026-02-22T03:22:36.376Z] Error: write EPIPE
    at afterWriteDispatched (node:internal/stream_base_commons:159:15)
    at writeGeneric (node:internal/stream_base_commons:150:3)
    at Socket._writeGeneric (node:net:966:11)
    at Socket._write (node:net:978:8)
    at writeOrBuffer (node:internal/streams/writable:572:12)
    at _write (node:internal/streams/writable:501:10)
    at Writable.write (node:internal/streams/writable:510:10)
    at Console.log (/Users/tcjr/Library/pnpm/global/5/.pnpm/winston@3.11.0/node_modules/winston/lib/winston/transports/console.js:79:23)
    at Console._write (/Users/tcjr/Library/pnpm/global/5/.pnpm/winston-transport@4.6.0/node_modules/winston-transport/index.js:103:17)
    at doWrite (/Users/tcjr/Library/pnpm/global/5/.pnpm/readable-stream@3.6.2/node_modules/readable-stream/lib/_stream_writable.js:390:139)
[error] 
[error] Error: An unexpected error has occurred.
[debug] [2026-02-22T03:22:36.376Z] Error: write EPIPE
    at afterWriteDispatched (node:internal/stream_base_commons:159:15)
    at writeGeneric (node:internal/stream_base_commons:150:3)
    at Socket._writeGeneric (node:net:966:11)
    at Socket._write (node:net:978:8)
    at writeOrBuffer (node:internal/streams/writable:572:12)
    at _write (node:internal/streams/writable:501:10)
    at Writable.write (node:internal/streams/writable:510:10)
    at Console.log (/Users/tcjr/Library/pnpm/global/5/.pnpm/winston@3.11.0/node_modules/winston/lib/winston/transports/console.js:79:23)
    at Console._write (/Users/tcjr/Library/pnpm/global/5/.pnpm/winston-transport@4.6.0/node_modules/winston-transport/index.js:103:17)
    at doWrite (/Users/tcjr/Library/pnpm/global/5/.pnpm/readable-stream@3.6.2/node_modules/readable-stream/lib/_stream_writable.js:390:139)
[error] 
[error] Error: An unexpected error has occurred.
[debug] [2026-02-22T03:22:36.376Z] Error: write EPIPE
    at afterWriteDispatched (node:internal/stream_base_commons:159:15)
    at writeGeneric (node:internal/stream_base_commons:150:3)
    at Socket._writeGeneric (node:net:966:11)
    at Socket._write (node:net:978:8)
    at writeOrBuffer (node:internal/streams/writable:572:12)
    at _write (node:internal/streams/writable:501:10)
    at Writable.write (node:internal/streams/writable:510:10)
    at Console.log (/Users/tcjr/Library/pnpm/global/5/.pnpm/winston@3.11.0/node_modules/winston/lib/winston/transports/console.js:79:23)
    at Console._write (/Users/tcjr/Library/pnpm/global/5/.pnpm/winston-transport@4.6.0/node_modules/winston-transport/index.js:103:17)
    at doWrite (/Users/tcjr/Library/pnpm/global/5/.pnpm/readable-stream@3.6.2/node_modules/readable-stream/lib/_stream_writable.js:390:139)
[error] 
[error] Error: An unexpected error has occurred.
[debug] [2026-02-22T03:22:36.376Z] Error: write EPIPE
    at afterWriteDispatched (node:internal/stream_base_commons:159:15)
    at writeGeneric (node:internal/stream_base_commons:150:3)
    at Socket._writeGeneric (node:net:966:11)
    at Socket._write (node:net:978:8)
    at writeOrBuffer (node:internal/streams/writable:572:12)
    at _write (node:internal/streams/writable:501:10)
    at Writable.write (node:internal/streams/writable:510:10)
    at Console.log (/Users/tcjr/Library/pnpm/global/5/.pnpm/winston@3.11.0/node_modules/winston/lib/winston/transports/console.js:79:23)
    at Console._write (/Users/tcjr/Library/pnpm/global/5/.pnpm/winston-transport@4.6.0/node_modules/winston-transport/index.js:103:17)
    at doWrite (/Users/tcjr/Library/pnpm/global/5/.pnpm/readable-stream@3.6.2/node_modules/readable-stream/lib/_stream_writable.js:390:139)
[error] 
[error] Error: An unexpected error has occurred.
[debug] [2026-02-22T03:22:36.376Z] Error: write EPIPE
    at afterWriteDispatched (node:internal/stream_base_commons:159:15)
    at writeGeneric (node:internal/stream_base_commons:150:3)
    at Socket._writeGeneric (node:net:966:11)
    at Socket._write (node:net:978:8)
    at writeOrBuffer (node:internal/streams/writable:572:12)
    at _write (node:internal/streams/writable:501:10)
    at Writable.write (node:internal/streams/writable:510:10)
    at Console.log (/Users/tcjr/Library/pnpm/global/5/.pnpm/winston@3.11.0/node_modules/winston/lib/winston/transports/console.js:79:23)
    at Console._write (/Users/tcjr/Library/pnpm/global/5/.pnpm/winston-transport@4.6.0/node_modules/winston-transport/index.js:103:17)
    at doWrite (/Users/tcjr/Library/pnpm/global/5/.pnpm/readable-stream@3.6.2/node_modules/readable-stream/lib/_stream_writable.js:390:139)
[error] 
[error] Error: An unexpected error has occurred.
[debug] [2026-02-22T03:22:36.377Z] Error: write EPIPE
    at afterWriteDispatched (node:internal/stream_base_commons:159:15)
    at writeGeneric (node:internal/stream_base_commons:150:3)
    at Socket._writeGeneric (node:net:966:11)
    at Socket._write (node:net:978:8)
    at writeOrBuffer (node:internal/streams/writable:572:12)
    at _write (node:internal/streams/writable:501:10)
    at Writable.write (node:internal/streams/writable:510:10)
    at Console.log (/Users/tcjr/Library/pnpm/global/5/.pnpm/winston@3.11.0/node_modules/winston/lib/winston/transports/console.js:79:23)
    at Console._write (/Users/tcjr/Library/pnpm/global/5/.pnpm/winston-transport@4.6.0/node_modules/winston-transport/index.js:103:17)
    at doWrite (/Users/tcjr/Library/pnpm/global/5/.pnpm/readable-stream@3.6.2/node_modules/readable-stream/lib/_stream_writable.js:390:139)
[error] 
[error] Error: An unexpected error has occurred.
[debug] [2026-02-22T03:22:36.377Z] Error: write EPIPE
    at afterWriteDispatched (node:internal/stream_base_commons:159:15)
    at writeGeneric (node:internal/stream_base_commons:150:3)
    at Socket._writeGeneric (node:net:966:11)
    at Socket._write (node:net:978:8)
    at writeOrBuffer (node:internal/streams/writable:572:12)
    at _write (node:internal/streams/writable:501:10)
    at Writable.write (node:internal/streams/writable:510:10)
    at Console.log (/Users/tcjr/Library/pnpm/global/5/.pnpm/winston@3.11.0/node_modules/winston/lib/winston/transports/console.js:79:23)
    at Console._write (/Users/tcjr/Library/pnpm/global/5/.pnpm/winston-transport@4.6.0/node_modules/winston-transport/index.js:103:17)
    at doWrite (/Users/tcjr/Library/pnpm/global/5/.pnpm/readable-stream@3.6.2/node_modules/readable-stream/lib/_stream_writable.js:390:139)
[error] 
[error] Error: An unexpected error has occurred.
[debug] [2026-02-22T03:22:36.377Z] Error: write EPIPE
    at afterWriteDispatched (node:internal/stream_base_commons:159:15)
    at writeGeneric (node:internal/stream_base_commons:150:3)
    at Socket._writeGeneric (node:net:966:11)
    at Socket._write (node:net:978:8)
    at writeOrBuffer (node:internal/streams/writable:572:12)
    at _write (node:internal/streams/writable:501:10)
    at Writable.write (node:internal/streams/writable:510:10)
    at Console.log (/Users/tcjr/Library/pnpm/global/5/.pnpm/winston@3.11.0/node_modules/winston/lib/winston/transports/console.js:79:23)
    at Console._write (/Users/tcjr/Library/pnpm/global/5/.pnpm/winston-transport@4.6.0/node_modules/winston-transport/index.js:103:17)
    at doWrite (/Users/tcjr/Library/pnpm/global/5/.pnpm/readable-stream@3.6.2/node_modules/readable-stream/lib/_stream_writable.js:390:139)
[error] 
[error] Error: An unexpected error has occurred.
[debug] [2026-02-22T03:22:36.377Z] Error: write EPIPE
    at afterWriteDispatched (node:internal/stream_base_commons:159:15)
    at writeGeneric (node:internal/stream_base_commons:150:3)
    at Socket._writeGeneric (node:net:966:11)
    at Socket._write (node:net:978:8)
    at writeOrBuffer (node:internal/streams/writable:572:12)
    at _write (node:internal/streams/writable:501:10)
    at Writable.write (node:internal/streams/writable:510:10)
    at Console.log (/Users/tcjr/Library/pnpm/global/5/.pnpm/winston@3.11.0/node_modules/winston/lib/winston/transports/console.js:79:23)
    at Console._write (/Users/tcjr/Library/pnpm/global/5/.pnpm/winston-transport@4.6.0/node_modules/winston-transport/index.js:103:17)
    at doWrite (/Users/tcjr/Library/pnpm/global/5/.pnpm/readable-stream@3.6.2/node_modules/readable-stream/lib/_stream_writable.js:390:139)
[error] 
[error] Error: An unexpected error has occurred.
[debug] [2026-02-22T03:22:36.377Z] Error: write EPIPE
    at afterWriteDispatched (node:internal/stream_base_commons:159:15)
    at writeGeneric (node:internal/stream_base_commons:150:3)
    at Socket._writeGeneric (node:net:966:11)
    at Socket._write (node:net:978:8)
    at writeOrBuffer (node:internal/streams/writable:572:12)
    at _write (node:internal/streams/writable:501:10)
    at Writable.write (node:internal/streams/writable:510:10)
    at Console.log (/Users/tcjr/Library/pnpm/global/5/.pnpm/winston@3.11.0/node_modules/winston/lib/winston/transports/console.js:79:23)
    at Console._write (/Users/tcjr/Library/pnpm/global/5/.pnpm/winston-transport@4.6.0/node_modules/winston-transport/index.js:103:17)
    at doWrite (/Users/tcjr/Library/pnpm/global/5/.pnpm/readable-stream@3.6.2/node_modules/readable-stream/lib/_stream_writable.js:390:139)
[error] 
[error] Error: An unexpected error has occurred.
[debug] [2026-02-22T03:22:36.377Z] Error: write EPIPE
    at afterWriteDispatched (node:internal/stream_base_commons:159:15)
    at writeGeneric (node:internal/stream_base_commons:150:3)
    at Socket._writeGeneric (node:net:966:11)
    at Socket._write (node:net:978:8)
    at writeOrBuffer (node:internal/streams/writable:572:12)
    at _write (node:internal/streams/writable:501:10)
    at Writable.write (node:internal/streams/writable:510:10)
    at Console.log (/Users/tcjr/Library/pnpm/global/5/.pnpm/winston@3.11.0/node_modules/winston/lib/winston/transports/console.js:79:23)
    at Console._write (/Users/tcjr/Library/pnpm/global/5/.pnpm/winston-transport@4.6.0/node_modules/winston-transport/index.js:103:17)
    at doWrite (/Users/tcjr/Library/pnpm/global/5/.pnpm/readable-stream@3.6.2/node_modules/readable-stream/lib/_stream_writable.js:390:139)
[error] 
[error] Error: An unexpected error has occurred.
[debug] [2026-02-22T03:22:36.378Z] Error: write EPIPE
    at afterWriteDispatched (node:internal/stream_base_commons:159:15)
    at writeGeneric (node:internal/stream_base_commons:150:3)
    at Socket._writeGeneric (node:net:966:11)
    at Socket._write (node:net:978:8)
    at writeOrBuffer (node:internal/streams/writable:572:12)
    at _write (node:internal/streams/writable:501:10)
    at Writable.write (node:internal/streams/writable:510:10)
    at Console.log (/Users/tcjr/Library/pnpm/global/5/.pnpm/winston@3.11.0/node_modules/winston/lib/winston/transports/console.js:79:23)
    at Console._write (/Users/tcjr/Library/pnpm/global/5/.pnpm/winston-transport@4.6.0/node_modules/winston-transport/index.js:103:17)
    at doWrite (/Users/tcjr/Library/pnpm/global/5/.pnpm/readable-stream@3.6.2/node_modules/readable-stream/lib/_stream_writable.js:390:139)
[error] 
[error] Error: An unexpected error has occurred.
[debug] [2026-02-22T03:22:36.378Z] Error: write EPIPE
    at afterWriteDispatched (node:internal/stream_base_commons:159:15)
    at writeGeneric (node:internal/stream_base_commons:150:3)
    at Socket._writeGeneric (node:net:966:11)
    at Socket._write (node:net:978:8)
    at writeOrBuffer (node:internal/streams/writable:572:12)
    at _write (node:internal/streams/writable:501:10)
    at Writable.write (node:internal/streams/writable:510:10)
    at Console.log (/Users/tcjr/Library/pnpm/global/5/.pnpm/winston@3.11.0/node_modules/winston/lib/winston/transports/console.js:79:23)
    at Console._write (/Users/tcjr/Library/pnpm/global/5/.pnpm/winston-transport@4.6.0/node_modules/winston-transport/index.js:103:17)
    at doWrite (/Users/tcjr/Library/pnpm/global/5/.pnpm/readable-stream@3.6.2/node_modules/readable-stream/lib/_stream_writable.js:390:139)
[error] 
[error] Error: An unexpected error has occurred.
[debug] [2026-02-22T03:22:36.378Z] Error: write EPIPE
    at afterWriteDispatched (node:internal/stream_base_commons:159:15)
    at writeGeneric (node:internal/stream_base_commons:150:3)
    at Socket._writeGeneric (node:net:966:11)
    at Socket._write (node:net:978:8)
    at writeOrBuffer (node:internal/streams/writable:572:12)
    at _write (node:internal/streams/writable:501:10)
    at Writable.write (node:internal/streams/writable:510:10)
    at Console.log (/Users/tcjr/Library/pnpm/global/5/.pnpm/winston@3.11.0/node_modules/winston/lib/winston/transports/console.js:79:23)
    at Console._write (/Users/tcjr/Library/pnpm/global/5/.pnpm/winston-transport@4.6.0/node_modules/winston-transport/index.js:103:17)
    at doWrite (/Users/tcjr/Library/pnpm/global/5/.pnpm/readable-stream@3.6.2/node_modules/readable-stream/lib/_stream_writable.js:390:139)
[error] 
[error] Error: An unexpected error has occurred.
[debug] [2026-02-22T03:22:36.378Z] Error: write EPIPE
    at afterWriteDispatched (node:internal/stream_base_commons:159:15)
    at writeGeneric (node:internal/stream_base_commons:150:3)
    at Socket._writeGeneric (node:net:966:11)
    at Socket._write (node:net:978:8)
    at writeOrBuffer (node:internal/streams/writable:572:12)
    at _write (node:internal/streams/writable:501:10)
    at Writable.write (node:internal/streams/writable:510:10)
    at Console.log (/Users/tcjr/Library/pnpm/global/5/.pnpm/winston@3.11.0/node_modules/winston/lib/winston/transports/console.js:79:23)
    at Console._write (/Users/tcjr/Library/pnpm/global/5/.pnpm/winston-transport@4.6.0/node_modules/winston-transport/index.js:103:17)
    at doWrite (/Users/tcjr/Library/pnpm/global/5/.pnpm/readable-stream@3.6.2/node_modules/readable-stream/lib/_stream_writable.js:390:139)
[error] 
[error] Error: An unexpected error has occurred.
[debug] [2026-02-22T03:22:36.378Z] Error: write EPIPE
    at afterWriteDispatched (node:internal/stream_base_commons:159:15)
    at writeGeneric (node:internal/stream_base_commons:150:3)
    at Socket._writeGeneric (node:net:966:11)
    at Socket._write (node:net:978:8)
    at writeOrBuffer (node:internal/streams/writable:572:12)
    at _write (node:internal/streams/writable:501:10)
    at Writable.write (node:internal/streams/writable:510:10)
    at Console.log (/Users/tcjr/Library/pnpm/global/5/.pnpm/winston@3.11.0/node_modules/winston/lib/winston/transports/console.js:79:23)
    at Console._write (/Users/tcjr/Library/pnpm/global/5/.pnpm/winston-transport@4.6.0/node_modules/winston-transport/index.js:103:17)
    at doWrite (/Users/tcjr/Library/pnpm/global/5/.pnpm/readable-stream@3.6.2/node_modules/readable-stream/lib/_stream_writable.js:390:139)
[error] 
[error] Error: An unexpected error has occurred.
[debug] [2026-02-22T03:22:36.378Z] Error: write EPIPE
    at afterWriteDispatched (node:internal/stream_base_commons:159:15)
    at writeGeneric (node:internal/stream_base_commons:150:3)
    at Socket._writeGeneric (node:net:966:11)
    at Socket._write (node:net:978:8)
    at writeOrBuffer (node:internal/streams/writable:572:12)
    at _write (node:internal/streams/writable:501:10)
    at Writable.write (node:internal/streams/writable:510:10)
    at Console.log (/Users/tcjr/Library/pnpm/global/5/.pnpm/winston@3.11.0/node_modules/winston/lib/winston/transports/console.js:79:23)
    at Console._write (/Users/tcjr/Library/pnpm/global/5/.pnpm/winston-transport@4.6.0/node_modules/winston-transport/index.js:103:17)
    at doWrite (/Users/tcjr/Library/pnpm/global/5/.pnpm/readable-stream@3.6.2/node_modules/readable-stream/lib/_stream_writable.js:390:139)
[error] 
[error] Error: An unexpected error has occurred.
[debug] [2026-02-22T03:22:36.379Z] Error: write EPIPE
    at afterWriteDispatched (node:internal/stream_base_commons:159:15)
    at writeGeneric (node:internal/stream_base_commons:150:3)
    at Socket._writeGeneric (node:net:966:11)
    at Socket._write (node:net:978:8)
    at writeOrBuffer (node:internal/streams/writable:572:12)
    at _write (node:internal/streams/writable:501:10)
    at Writable.write (node:internal/streams/writable:510:10)
    at Console.log (/Users/tcjr/Library/pnpm/global/5/.pnpm/winston@3.11.0/node_modules/winston/lib/winston/transports/console.js:79:23)
    at Console._write (/Users/tcjr/Library/pnpm/global/5/.pnpm/winston-transport@4.6.0/node_modules/winston-transport/index.js:103:17)
    at doWrite (/Users/tcjr/Library/pnpm/global/5/.pnpm/readable-stream@3.6.2/node_modules/readable-stream/lib/_stream_writable.js:390:139)
[error] 
[error] Error: An unexpected error has occurred.
[debug] [2026-02-22T03:22:36.379Z] Error: write EPIPE
    at afterWriteDispatched (node:internal/stream_base_commons:159:15)
    at writeGeneric (node:internal/stream_base_commons:150:3)
    at Socket._writeGeneric (node:net:966:11)
    at Socket._write (node:net:978:8)
    at writeOrBuffer (node:internal/streams/writable:572:12)
    at _write (node:internal/streams/writable:501:10)
    at Writable.write (node:internal/streams/writable:510:10)
    at Console.log (/Users/tcjr/Library/pnpm/global/5/.pnpm/winston@3.11.0/node_modules/winston/lib/winston/transports/console.js:79:23)
    at Console._write (/Users/tcjr/Library/pnpm/global/5/.pnpm/winston-transport@4.6.0/node_modules/winston-transport/index.js:103:17)
    at doWrite (/Users/tcjr/Library/pnpm/global/5/.pnpm/readable-stream@3.6.2/node_modules/readable-stream/lib/_stream_writable.js:390:139)
[error] 
[error] Error: An unexpected error has occurred.
[debug] [2026-02-22T03:22:36.380Z] Error: write EPIPE
    at afterWriteDispatched (node:internal/stream_base_commons:159:15)
    at writeGeneric (node:internal/stream_base_commons:150:3)
    at Socket._writeGeneric (node:net:966:11)
    at Socket._write (node:net:978:8)
    at writeOrBuffer (node:internal/streams/writable:572:12)
    at _write (node:internal/streams/writable:501:10)
    at Writable.write (node:internal/streams/writable:510:10)
    at Console.log (/Users/tcjr/Library/pnpm/global/5/.pnpm/winston@3.11.0/node_modules/winston/lib/winston/transports/console.js:79:23)
    at Console._write (/Users/tcjr/Library/pnpm/global/5/.pnpm/winston-transport@4.6.0/node_modules/winston-transport/index.js:103:17)
    at doWrite (/Users/tcjr/Library/pnpm/global/5/.pnpm/readable-stream@3.6.2/node_modules/readable-stream/lib/_stream_writable.js:390:139)
[error] 
[error] Error: An unexpected error has occurred.
[debug] [2026-02-22T03:22:36.380Z] Error: write EPIPE
    at afterWriteDispatched (node:internal/stream_base_commons:159:15)
    at writeGeneric (node:internal/stream_base_commons:150:3)
    at Socket._writeGeneric (node:net:966:11)
    at Socket._write (node:net:978:8)
    at writeOrBuffer (node:internal/streams/writable:572:12)
    at _write (node:internal/streams/writable:501:10)
    at Writable.write (node:internal/streams/writable:510:10)
    at Console.log (/Users/tcjr/Library/pnpm/global/5/.pnpm/winston@3.11.0/node_modules/winston/lib/winston/transports/console.js:79:23)
    at Console._write (/Users/tcjr/Library/pnpm/global/5/.pnpm/winston-transport@4.6.0/node_modules/winston-transport/index.js:103:17)
    at doWrite (/Users/tcjr/Library/pnpm/global/5/.pnpm/readable-stream@3.6.2/node_modules/readable-stream/lib/_stream_writable.js:390:139)
[error] 
[error] Error: An unexpected error has occurred.
[debug] [2026-02-22T03:22:36.380Z] Error: write EPIPE
    at afterWriteDispatched (node:internal/stream_base_commons:159:15)
    at writeGeneric (node:internal/stream_base_commons:150:3)
    at Socket._writeGeneric (node:net:966:11)
    at Socket._write (node:net:978:8)
    at writeOrBuffer (node:internal/streams/writable:572:12)
    at _write (node:internal/streams/writable:501:10)
    at Writable.write (node:internal/streams/writable:510:10)
    at Console.log (/Users/tcjr/Library/pnpm/global/5/.pnpm/winston@3.11.0/node_modules/winston/lib/winston/transports/console.js:79:23)
    at Console._write (/Users/tcjr/Library/pnpm/global/5/.pnpm/winston-transport@4.6.0/node_modules/winston-transport/index.js:103:17)
    at doWrite (/Users/tcjr/Library/pnpm/global/5/.pnpm/readable-stream@3.6.2/node_modules/readable-stream/lib/_stream_writable.js:390:139)
[error] 
[error] Error: An unexpected error has occurred.
[debug] [2026-02-22T03:22:36.380Z] Error: write EPIPE
    at afterWriteDispatched (node:internal/stream_base_commons:159:15)
    at writeGeneric (node:internal/stream_base_commons:150:3)
    at Socket._writeGeneric (node:net:966:11)
    at Socket._write (node:net:978:8)
    at writeOrBuffer (node:internal/streams/writable:572:12)
    at _write (node:internal/streams/writable:501:10)
    at Writable.write (node:internal/streams/writable:510:10)
    at Console.log (/Users/tcjr/Library/pnpm/global/5/.pnpm/winston@3.11.0/node_modules/winston/lib/winston/transports/console.js:79:23)
    at Console._write (/Users/tcjr/Library/pnpm/global/5/.pnpm/winston-transport@4.6.0/node_modules/winston-transport/index.js:103:17)
    at doWrite (/Users/tcjr/Library/pnpm/global/5/.pnpm/readable-stream@3.6.2/node_modules/readable-stream/lib/_stream_writable.js:390:139)
[error] 
[error] Error: An unexpected error has occurred.
[debug] [2026-02-22T03:22:36.380Z] Error: write EPIPE
    at afterWriteDispatched (node:internal/stream_base_commons:159:15)
    at writeGeneric (node:internal/stream_base_commons:150:3)
    at Socket._writeGeneric (node:net:966:11)
    at Socket._write (node:net:978:8)
    at writeOrBuffer (node:internal/streams/writable:572:12)
    at _write (node:internal/streams/writable:501:10)
    at Writable.write (node:internal/streams/writable:510:10)
    at Console.log (/Users/tcjr/Library/pnpm/global/5/.pnpm/winston@3.11.0/node_modules/winston/lib/winston/transports/console.js:79:23)
    at Console._write (/Users/tcjr/Library/pnpm/global/5/.pnpm/winston-transport@4.6.0/node_modules/winston-transport/index.js:103:17)
    at doWrite (/Users/tcjr/Library/pnpm/global/5/.pnpm/readable-stream@3.6.2/node_modules/readable-stream/lib/_stream_writable.js:390:139)
[error] 
[error] Error: An unexpected error has occurred.
[debug] [2026-02-22T03:22:36.380Z] Error: write EPIPE
    at afterWriteDispatched (node:internal/stream_base_commons:159:15)
    at writeGeneric (node:internal/stream_base_commons:150:3)
    at Socket._writeGeneric (node:net:966:11)
    at Socket._write (node:net:978:8)
    at writeOrBuffer (node:internal/streams/writable:572:12)
    at _write (node:internal/streams/writable:501:10)
    at Writable.write (node:internal/streams/writable:510:10)
    at Console.log (/Users/tcjr/Library/pnpm/global/5/.pnpm/winston@3.11.0/node_modules/winston/lib/winston/transports/console.js:79:23)
    at Console._write (/Users/tcjr/Library/pnpm/global/5/.pnpm/winston-transport@4.6.0/node_modules/winston-transport/index.js:103:17)
    at doWrite (/Users/tcjr/Library/pnpm/global/5/.pnpm/readable-stream@3.6.2/node_modules/readable-stream/lib/_stream_writable.js:390:139)
[error] 
[error] Error: An unexpected error has occurred.
[debug] [2026-02-22T03:22:36.381Z] Error: write EPIPE
    at afterWriteDispatched (node:internal/stream_base_commons:159:15)
    at writeGeneric (node:internal/stream_base_commons:150:3)
    at Socket._writeGeneric (node:net:966:11)
    at Socket._write (node:net:978:8)
    at writeOrBuffer (node:internal/streams/writable:572:12)
    at _write (node:internal/streams/writable:501:10)
    at Writable.write (node:internal/streams/writable:510:10)
    at Console.log (/Users/tcjr/Library/pnpm/global/5/.pnpm/winston@3.11.0/node_modules/winston/lib/winston/transports/console.js:79:23)
    at Console._write (/Users/tcjr/Library/pnpm/global/5/.pnpm/winston-transport@4.6.0/node_modules/winston-transport/index.js:103:17)
    at doWrite (/Users/tcjr/Library/pnpm/global/5/.pnpm/readable-stream@3.6.2/node_modules/readable-stream/lib/_stream_writable.js:390:139)
[error] 
[error] Error: An unexpected error has occurred.
[debug] [2026-02-22T03:22:36.381Z] Error: write EPIPE
    at afterWriteDispatched (node:internal/stream_base_commons:159:15)
    at writeGeneric (node:internal/stream_base_commons:150:3)
    at Socket._writeGeneric (node:net:966:11)
    at Socket._write (node:net:978:8)
    at writeOrBuffer (node:internal/streams/writable:572:12)
    at _write (node:internal/streams/writable:501:10)
    at Writable.write (node:internal/streams/writable:510:10)
    at Console.log (/Users/tcjr/Library/pnpm/global/5/.pnpm/winston@3.11.0/node_modules/winston/lib/winston/transports/console.js:79:23)
    at Console._write (/Users/tcjr/Library/pnpm/global/5/.pnpm/winston-transport@4.6.0/node_modules/winston-transport/index.js:103:17)
    at doWrite (/Users/tcjr/Library/pnpm/global/5/.pnpm/readable-stream@3.6.2/node_modules/readable-stream/lib/_stream_writable.js:390:139)
[error] 
[error] Error: An unexpected error has occurred.
[debug] [2026-02-22T03:22:36.381Z] Error: write EPIPE
    at afterWriteDispatched (node:internal/stream_base_commons:159:15)
    at writeGeneric (node:internal/stream_base_commons:150:3)
    at Socket._writeGeneric (node:net:966:11)
    at Socket._write (node:net:978:8)
    at writeOrBuffer (node:internal/streams/writable:572:12)
    at _write (node:internal/streams/writable:501:10)
    at Writable.write (node:internal/streams/writable:510:10)
    at Console.log (/Users/tcjr/Library/pnpm/global/5/.pnpm/winston@3.11.0/node_modules/winston/lib/winston/transports/console.js:79:23)
    at Console._write (/Users/tcjr/Library/pnpm/global/5/.pnpm/winston-transport@4.6.0/node_modules/winston-transport/index.js:103:17)
    at doWrite (/Users/tcjr/Library/pnpm/global/5/.pnpm/readable-stream@3.6.2/node_modules/readable-stream/lib/_stream_writable.js:390:139)
[error] 
[error] Error: An unexpected error has occurred.
[debug] [2026-02-22T03:22:36.381Z] Error: write EPIPE
    at afterWriteDispatched (node:internal/stream_base_commons:159:15)
    at writeGeneric (node:internal/stream_base_commons:150:3)
    at Socket._writeGeneric (node:net:966:11)
    at Socket._write (node:net:978:8)
    at writeOrBuffer (node:internal/streams/writable:572:12)
    at _write (node:internal/streams/writable:501:10)
    at Writable.write (node:internal/streams/writable:510:10)
    at Console.log (/Users/tcjr/Library/pnpm/global/5/.pnpm/winston@3.11.0/node_modules/winston/lib/winston/transports/console.js:79:23)
    at Console._write (/Users/tcjr/Library/pnpm/global/5/.pnpm/winston-transport@4.6.0/node_modules/winston-transport/index.js:103:17)
    at doWrite (/Users/tcjr/Library/pnpm/global/5/.pnpm/readable-stream@3.6.2/node_modules/readable-stream/lib/_stream_writable.js:390:139)
[error] 
[error] Error: An unexpected error has occurred.
[debug] [2026-02-22T03:22:36.381Z] Error: write EPIPE
    at afterWriteDispatched (node:internal/stream_base_commons:159:15)
    at writeGeneric (node:internal/stream_base_commons:150:3)
    at Socket._writeGeneric (node:net:966:11)
    at Socket._write (node:net:978:8)
    at writeOrBuffer (node:internal/streams/writable:572:12)
    at _write (node:internal/streams/writable:501:10)
    at Writable.write (node:internal/streams/writable:510:10)
    at Console.log (/Users/tcjr/Library/pnpm/global/5/.pnpm/winston@3.11.0/node_modules/winston/lib/winston/transports/console.js:79:23)
    at Console._write (/Users/tcjr/Library/pnpm/global/5/.pnpm/winston-transport@4.6.0/node_modules/winston-transport/index.js:103:17)
    at doWrite (/Users/tcjr/Library/pnpm/global/5/.pnpm/readable-stream@3.6.2/node_modules/readable-stream/lib/_stream_writable.js:390:139)
[error] 
[error] Error: An unexpected error has occurred.
[debug] [2026-02-22T03:22:36.381Z] Error: write EPIPE
    at afterWriteDispatched (node:internal/stream_base_commons:159:15)
    at writeGeneric (node:internal/stream_base_commons:150:3)
    at Socket._writeGeneric (node:net:966:11)
    at Socket._write (node:net:978:8)
    at writeOrBuffer (node:internal/streams/writable:572:12)
    at _write (node:internal/streams/writable:501:10)
    at Writable.write (node:internal/streams/writable:510:10)
    at Console.log (/Users/tcjr/Library/pnpm/global/5/.pnpm/winston@3.11.0/node_modules/winston/lib/winston/transports/console.js:79:23)
    at Console._write (/Users/tcjr/Library/pnpm/global/5/.pnpm/winston-transport@4.6.0/node_modules/winston-transport/index.js:103:17)
    at doWrite (/Users/tcjr/Library/pnpm/global/5/.pnpm/readable-stream@3.6.2/node_modules/readable-stream/lib/_stream_writable.js:390:139)
[error] 
[error] Error: An unexpected error has occurred.
[debug] [2026-02-22T03:22:36.381Z] Error: write EPIPE
    at afterWriteDispatched (node:internal/stream_base_commons:159:15)
    at writeGeneric (node:internal/stream_base_commons:150:3)
    at Socket._writeGeneric (node:net:966:11)
    at Socket._write (node:net:978:8)
    at writeOrBuffer (node:internal/streams/writable:572:12)
    at _write (node:internal/streams/writable:501:10)
    at Writable.write (node:internal/streams/writable:510:10)
    at Console.log (/Users/tcjr/Library/pnpm/global/5/.pnpm/winston@3.11.0/node_modules/winston/lib/winston/transports/console.js:79:23)
    at Console._write (/Users/tcjr/Library/pnpm/global/5/.pnpm/winston-transport@4.6.0/node_modules/winston-transport/index.js:103:17)
    at doWrite (/Users/tcjr/Library/pnpm/global/5/.pnpm/readable-stream@3.6.2/node_modules/readable-stream/lib/_stream_writable.js:390:139)
[error] 
[error] Error: An unexpected error has occurred.
[debug] [2026-02-22T03:22:36.381Z] Error: write EPIPE
    at afterWriteDispatched (node:internal/stream_base_commons:159:15)
    at writeGeneric (node:internal/stream_base_commons:150:3)
    at Socket._writeGeneric (node:net:966:11)
    at Socket._write (node:net:978:8)
    at writeOrBuffer (node:internal/streams/writable:572:12)
    at _write (node:internal/streams/writable:501:10)
    at Writable.write (node:internal/streams/writable:510:10)
    at Console.log (/Users/tcjr/Library/pnpm/global/5/.pnpm/winston@3.11.0/node_modules/winston/lib/winston/transports/console.js:79:23)
    at Console._write (/Users/tcjr/Library/pnpm/global/5/.pnpm/winston-transport@4.6.0/node_modules/winston-transport/index.js:103:17)
    at doWrite (/Users/tcjr/Library/pnpm/global/5/.pnpm/readable-stream@3.6.2/node_modules/readable-stream/lib/_stream_writable.js:390:139)
[error] 
[error] Error: An unexpected error has occurred.
[debug] [2026-02-22T03:22:36.382Z] Error: write EPIPE
    at afterWriteDispatched (node:internal/stream_base_commons:159:15)
    at writeGeneric (node:internal/stream_base_commons:150:3)
    at Socket._writeGeneric (node:net:966:11)
    at Socket._write (node:net:978:8)
    at writeOrBuffer (node:internal/streams/writable:572:12)
    at _write (node:internal/streams/writable:501:10)
    at Writable.write (node:internal/streams/writable:510:10)
    at Console.log (/Users/tcjr/Library/pnpm/global/5/.pnpm/winston@3.11.0/node_modules/winston/lib/winston/transports/console.js:79:23)
    at Console._write (/Users/tcjr/Library/pnpm/global/5/.pnpm/winston-transport@4.6.0/node_modules/winston-transport/index.js:103:17)
    at doWrite (/Users/tcjr/Library/pnpm/global/5/.pnpm/readable-stream@3.6.2/node_modules/readable-stream/lib/_stream_writable.js:390:139)
[error] 
[error] Error: An unexpected error has occurred.
[debug] [2026-02-22T03:22:36.382Z] Error: write EPIPE
    at afterWriteDispatched (node:internal/stream_base_commons:159:15)
    at writeGeneric (node:internal/stream_base_commons:150:3)
    at Socket._writeGeneric (node:net:966:11)
    at Socket._write (node:net:978:8)
    at writeOrBuffer (node:internal/streams/writable:572:12)
    at _write (node:internal/streams/writable:501:10)
    at Writable.write (node:internal/streams/writable:510:10)
    at Console.log (/Users/tcjr/Library/pnpm/global/5/.pnpm/winston@3.11.0/node_modules/winston/lib/winston/transports/console.js:79:23)
    at Console._write (/Users/tcjr/Library/pnpm/global/5/.pnpm/winston-transport@4.6.0/node_modules/winston-transport/index.js:103:17)
    at doWrite (/Users/tcjr/Library/pnpm/global/5/.pnpm/readable-stream@3.6.2/node_modules/readable-stream/lib/_stream_writable.js:390:139)
[error] 
[error] Error: An unexpected error has occurred.
[debug] [2026-02-22T03:22:36.382Z] Error: write EPIPE
    at afterWriteDispatched (node:internal/stream_base_commons:159:15)
    at writeGeneric (node:internal/stream_base_commons:150:3)
    at Socket._writeGeneric (node:net:966:11)
    at Socket._write (node:net:978:8)
    at writeOrBuffer (node:internal/streams/writable:572:12)
    at _write (node:internal/streams/writable:501:10)
    at Writable.write (node:internal/streams/writable:510:10)
    at Console.log (/Users/tcjr/Library/pnpm/global/5/.pnpm/winston@3.11.0/node_modules/winston/lib/winston/transports/console.js:79:23)
    at Console._write (/Users/tcjr/Library/pnpm/global/5/.pnpm/winston-transport@4.6.0/node_modules/winston-transport/index.js:103:17)
    at doWrite (/Users/tcjr/Library/pnpm/global/5/.pnpm/readable-stream@3.6.2/node_modules/readable-stream/lib/_stream_writable.js:390:139)
[error] 
[error] Error: An unexpected error has occurred.
[debug] [2026-02-22T03:22:36.382Z] Error: write EPIPE
    at afterWriteDispatched (node:internal/stream_base_commons:159:15)
    at writeGeneric (node:internal/stream_base_commons:150:3)
    at Socket._writeGeneric (node:net:966:11)
    at Socket._write (node:net:978:8)
    at writeOrBuffer (node:internal/streams/writable:572:12)
    at _write (node:internal/streams/writable:501:10)
    at Writable.write (node:internal/streams/writable:510:10)
    at Console.log (/Users/tcjr/Library/pnpm/global/5/.pnpm/winston@3.11.0/node_modules/winston/lib/winston/transports/console.js:79:23)
    at Console._write (/Users/tcjr/Library/pnpm/global/5/.pnpm/winston-transport@4.6.0/node_modules/winston-transport/index.js:103:17)
    at doWrite (/Users/tcjr/Library/pnpm/global/5/.pnpm/readable-stream@3.6.2/node_modules/readable-stream/lib/_stream_writable.js:390:139)
[error] 
[error] Error: An unexpected error has occurred.
[debug] [2026-02-22T03:22:36.382Z] Error: write EPIPE
    at afterWriteDispatched (node:internal/stream_base_commons:159:15)
    at writeGeneric (node:internal/stream_base_commons:150:3)
    at Socket._writeGeneric (node:net:966:11)
    at Socket._write (node:net:978:8)
    at writeOrBuffer (node:internal/streams/writable:572:12)
    at _write (node:internal/streams/writable:501:10)
    at Writable.write (node:internal/streams/writable:510:10)
    at Console.log (/Users/tcjr/Library/pnpm/global/5/.pnpm/winston@3.11.0/node_modules/winston/lib/winston/transports/console.js:79:23)
    at Console._write (/Users/tcjr/Library/pnpm/global/5/.pnpm/winston-transport@4.6.0/node_modules/winston-transport/index.js:103:17)
    at doWrite (/Users/tcjr/Library/pnpm/global/5/.pnpm/readable-stream@3.6.2/node_modules/readable-stream/lib/_stream_writable.js:390:139)
[error] 
[error] Error: An unexpected error has occurred.
[debug] [2026-02-22T03:22:36.382Z] Error: write EPIPE
    at afterWriteDispatched (node:internal/stream_base_commons:159:15)
    at writeGeneric (node:internal/stream_base_commons:150:3)
    at Socket._writeGeneric (node:net:966:11)
    at Socket._write (node:net:978:8)
    at writeOrBuffer (node:internal/streams/writable:572:12)
    at _write (node:internal/streams/writable:501:10)
    at Writable.write (node:internal/streams/writable:510:10)
    at Console.log (/Users/tcjr/Library/pnpm/global/5/.pnpm/winston@3.11.0/node_modules/winston/lib/winston/transports/console.js:79:23)
    at Console._write (/Users/tcjr/Library/pnpm/global/5/.pnpm/winston-transport@4.6.0/node_modules/winston-transport/index.js:103:17)
    at doWrite (/Users/tcjr/Library/pnpm/global/5/.pnpm/readable-stream@3.6.2/node_modules/readable-stream/lib/_stream_writable.js:390:139)
[error] 
[error] Error: An unexpected error has occurred.
[debug] [2026-02-22T03:22:36.382Z] Error: write EPIPE
    at afterWriteDispatched (node:internal/stream_base_commons:159:15)
    at writeGeneric (node:internal/stream_base_commons:150:3)
    at Socket._writeGeneric (node:net:966:11)
    at Socket._write (node:net:978:8)
    at writeOrBuffer (node:internal/streams/writable:572:12)
    at _write (node:internal/streams/writable:501:10)
    at Writable.write (node:internal/streams/writable:510:10)
    at Console.log (/Users/tcjr/Library/pnpm/global/5/.pnpm/winston@3.11.0/node_modules/winston/lib/winston/transports/console.js:79:23)
    at Console._write (/Users/tcjr/Library/pnpm/global/5/.pnpm/winston-transport@4.6.0/node_modules/winston-transport/index.js:103:17)
    at doWrite (/Users/tcjr/Library/pnpm/global/5/.pnpm/readable-stream@3.6.2/node_modules/readable-stream/lib/_stream_writable.js:390:139)
[error] 
[error] Error: An unexpected error has occurred.
[debug] [2026-02-22T03:22:36.383Z] Error: write EPIPE
    at afterWriteDispatched (node:internal/stream_base_commons:159:15)
    at writeGeneric (node:internal/stream_base_commons:150:3)
    at Socket._writeGeneric (node:net:966:11)
    at Socket._write (node:net:978:8)
    at writeOrBuffer (node:internal/streams/writable:572:12)
    at _write (node:internal/streams/writable:501:10)
    at Writable.write (node:internal/streams/writable:510:10)
    at Console.log (/Users/tcjr/Library/pnpm/global/5/.pnpm/winston@3.11.0/node_modules/winston/lib/winston/transports/console.js:79:23)
    at Console._write (/Users/tcjr/Library/pnpm/global/5/.pnpm/winston-transport@4.6.0/node_modules/winston-transport/index.js:103:17)
    at doWrite (/Users/tcjr/Library/pnpm/global/5/.pnpm/readable-stream@3.6.2/node_modules/readable-stream/lib/_stream_writable.js:390:139)
[error] 
[error] Error: An unexpected error has occurred.
[debug] [2026-02-22T03:22:36.383Z] Could not find VSCode notification endpoint: FetchError: request to http://localhost:40001/vscode/notify failed, reason: . If you are not running the Firebase Data Connect VSCode extension, this is expected and not an issue.
[debug] [2026-02-22T03:22:36.383Z] Could not find VSCode notification endpoint: FetchError: request to http://localhost:40001/vscode/notify failed, reason: . If you are not running the Firebase Data Connect VSCode extension, this is expected and not an issue.
[debug] [2026-02-22T03:22:36.387Z] Error: write EPIPE
    at afterWriteDispatched (node:internal/stream_base_commons:159:15)
    at writeGeneric (node:internal/stream_base_commons:150:3)
    at Socket._writeGeneric (node:net:966:11)
    at Socket._write (node:net:978:8)
    at writeOrBuffer (node:internal/streams/writable:572:12)
    at _write (node:internal/streams/writable:501:10)
    at Writable.write (node:internal/streams/writable:510:10)
    at Console.log (/Users/tcjr/Library/pnpm/global/5/.pnpm/winston@3.11.0/node_modules/winston/lib/winston/transports/console.js:79:23)
    at Console._write (/Users/tcjr/Library/pnpm/global/5/.pnpm/winston-transport@4.6.0/node_modules/winston-transport/index.js:103:17)
    at doWrite (/Users/tcjr/Library/pnpm/global/5/.pnpm/readable-stream@3.6.2/node_modules/readable-stream/lib/_stream_writable.js:390:139)
[error] 
[error] Error: An unexpected error has occurred.
[debug] [2026-02-22T03:22:36.387Z] Error: write EPIPE
    at afterWriteDispatched (node:internal/stream_base_commons:159:15)
    at writeGeneric (node:internal/stream_base_commons:150:3)
    at Socket._writeGeneric (node:net:966:11)
    at Socket._write (node:net:978:8)
    at writeOrBuffer (node:internal/streams/writable:572:12)
    at _write (node:internal/streams/writable:501:10)
    at Writable.write (node:internal/streams/writable:510:10)
    at Console.log (/Users/tcjr/Library/pnpm/global/5/.pnpm/winston@3.11.0/node_modules/winston/lib/winston/transports/console.js:79:23)
    at Console._write (/Users/tcjr/Library/pnpm/global/5/.pnpm/winston-transport@4.6.0/node_modules/winston-transport/index.js:103:17)
    at doWrite (/Users/tcjr/Library/pnpm/global/5/.pnpm/readable-stream@3.6.2/node_modules/readable-stream/lib/_stream_writable.js:390:139)
[error] 
[error] Error: An unexpected error has occurred.
[debug] [2026-02-22T03:22:36.388Z] Error: write EPIPE
    at afterWriteDispatched (node:internal/stream_base_commons:159:15)
    at writeGeneric (node:internal/stream_base_commons:150:3)
    at Socket._writeGeneric (node:net:966:11)
    at Socket._write (node:net:978:8)
    at writeOrBuffer (node:internal/streams/writable:572:12)
    at _write (node:internal/streams/writable:501:10)
    at Writable.write (node:internal/streams/writable:510:10)
    at Console.log (/Users/tcjr/Library/pnpm/global/5/.pnpm/winston@3.11.0/node_modules/winston/lib/winston/transports/console.js:79:23)
    at Console._write (/Users/tcjr/Library/pnpm/global/5/.pnpm/winston-transport@4.6.0/node_modules/winston-transport/index.js:103:17)
    at doWrite (/Users/tcjr/Library/pnpm/global/5/.pnpm/readable-stream@3.6.2/node_modules/readable-stream/lib/_stream_writable.js:390:139)
[error] 
[error] Error: An unexpected error has occurred.
[debug] [2026-02-22T03:22:36.388Z] Error: write EPIPE
    at afterWriteDispatched (node:internal/stream_base_commons:159:15)
    at writeGeneric (node:internal/stream_base_commons:150:3)
    at Socket._writeGeneric (node:net:966:11)
    at Socket._write (node:net:978:8)
    at writeOrBuffer (node:internal/streams/writable:572:12)
    at _write (node:internal/streams/writable:501:10)
    at Writable.write (node:internal/streams/writable:510:10)
    at Console.log (/Users/tcjr/Library/pnpm/global/5/.pnpm/winston@3.11.0/node_modules/winston/lib/winston/transports/console.js:79:23)
    at Console._write (/Users/tcjr/Library/pnpm/global/5/.pnpm/winston-transport@4.6.0/node_modules/winston-transport/index.js:103:17)
    at doWrite (/Users/tcjr/Library/pnpm/global/5/.pnpm/readable-stream@3.6.2/node_modules/readable-stream/lib/_stream_writable.js:390:139)
[error] 
[error] Error: An unexpected error has occurred.
[debug] [2026-02-22T03:22:36.388Z] Error: write EPIPE
    at afterWriteDispatched (node:internal/stream_base_commons:159:15)
    at writeGeneric (node:internal/stream_base_commons:150:3)
    at Socket._writeGeneric (node:net:966:11)
    at Socket._write (node:net:978:8)
    at writeOrBuffer (node:internal/streams/writable:572:12)
    at _write (node:internal/streams/writable:501:10)
    at Writable.write (node:internal/streams/writable:510:10)
    at Console.log (/Users/tcjr/Library/pnpm/global/5/.pnpm/winston@3.11.0/node_modules/winston/lib/winston/transports/console.js:79:23)
    at Console._write (/Users/tcjr/Library/pnpm/global/5/.pnpm/winston-transport@4.6.0/node_modules/winston-transport/index.js:103:17)
    at doWrite (/Users/tcjr/Library/pnpm/global/5/.pnpm/readable-stream@3.6.2/node_modules/readable-stream/lib/_stream_writable.js:390:139)
[error] 
[error] Error: An unexpected error has occurred.
[debug] [2026-02-22T03:22:36.388Z] Error: write EPIPE
    at afterWriteDispatched (node:internal/stream_base_commons:159:15)
    at writeGeneric (node:internal/stream_base_commons:150:3)
    at Socket._writeGeneric (node:net:966:11)
    at Socket._write (node:net:978:8)
    at writeOrBuffer (node:internal/streams/writable:572:12)
    at _write (node:internal/streams/writable:501:10)
    at Writable.write (node:internal/streams/writable:510:10)
    at Console.log (/Users/tcjr/Library/pnpm/global/5/.pnpm/winston@3.11.0/node_modules/winston/lib/winston/transports/console.js:79:23)
    at Console._write (/Users/tcjr/Library/pnpm/global/5/.pnpm/winston-transport@4.6.0/node_modules/winston-transport/index.js:103:17)
    at doWrite (/Users/tcjr/Library/pnpm/global/5/.pnpm/readable-stream@3.6.2/node_modules/readable-stream/lib/_stream_writable.js:390:139)
[error] 
[error] Error: An unexpected error has occurred.
[debug] [2026-02-22T03:22:36.388Z] Error: write EPIPE
    at afterWriteDispatched (node:internal/stream_base_commons:159:15)
    at writeGeneric (node:internal/stream_base_commons:150:3)
    at Socket._writeGeneric (node:net:966:11)
    at Socket._write (node:net:978:8)
    at writeOrBuffer (node:internal/streams/writable:572:12)
    at _write (node:internal/streams/writable:501:10)
    at Writable.write (node:internal/streams/writable:510:10)
    at Console.log (/Users/tcjr/Library/pnpm/global/5/.pnpm/winston@3.11.0/node_modules/winston/lib/winston/transports/console.js:79:23)
    at Console._write (/Users/tcjr/Library/pnpm/global/5/.pnpm/winston-transport@4.6.0/node_modules/winston-transport/index.js:103:17)
    at doWrite (/Users/tcjr/Library/pnpm/global/5/.pnpm/readable-stream@3.6.2/node_modules/readable-stream/lib/_stream_writable.js:390:139)
[error] 
[error] Error: An unexpected error has occurred.
[debug] [2026-02-22T03:22:36.388Z] Error: write EPIPE
    at afterWriteDispatched (node:internal/stream_base_commons:159:15)
    at writeGeneric (node:internal/stream_base_commons:150:3)
    at Socket._writeGeneric (node:net:966:11)
    at Socket._write (node:net:978:8)
    at writeOrBuffer (node:internal/streams/writable:572:12)
    at _write (node:internal/streams/writable:501:10)
    at Writable.write (node:internal/streams/writable:510:10)
    at Console.log (/Users/tcjr/Library/pnpm/global/5/.pnpm/winston@3.11.0/node_modules/winston/lib/winston/transports/console.js:79:23)
    at Console._write (/Users/tcjr/Library/pnpm/global/5/.pnpm/winston-transport@4.6.0/node_modules/winston-transport/index.js:103:17)
    at doWrite (/Users/tcjr/Library/pnpm/global/5/.pnpm/readable-stream@3.6.2/node_modules/readable-stream/lib/_stream_writable.js:390:139)
[error] 
[error] Error: An unexpected error has occurred.
[debug] [2026-02-22T03:22:36.389Z] Error: write EPIPE
    at afterWriteDispatched (node:internal/stream_base_commons:159:15)
    at writeGeneric (node:internal/stream_base_commons:150:3)
    at Socket._writeGeneric (node:net:966:11)
    at Socket._write (node:net:978:8)
    at writeOrBuffer (node:internal/streams/writable:572:12)
    at _write (node:internal/streams/writable:501:10)
    at Writable.write (node:internal/streams/writable:510:10)
    at Console.log (/Users/tcjr/Library/pnpm/global/5/.pnpm/winston@3.11.0/node_modules/winston/lib/winston/transports/console.js:79:23)
    at Console._write (/Users/tcjr/Library/pnpm/global/5/.pnpm/winston-transport@4.6.0/node_modules/winston-transport/index.js:103:17)
    at doWrite (/Users/tcjr/Library/pnpm/global/5/.pnpm/readable-stream@3.6.2/node_modules/readable-stream/lib/_stream_writable.js:390:139)
[error] 
[error] Error: An unexpected error has occurred.
[debug] [2026-02-22T03:22:36.389Z] Error: write EPIPE
    at afterWriteDispatched (node:internal/stream_base_commons:159:15)
    at writeGeneric (node:internal/stream_base_commons:150:3)
    at Socket._writeGeneric (node:net:966:11)
    at Socket._write (node:net:978:8)
    at writeOrBuffer (node:internal/streams/writable:572:12)
    at _write (node:internal/streams/writable:501:10)
    at Writable.write (node:internal/streams/writable:510:10)
    at Console.log (/Users/tcjr/Library/pnpm/global/5/.pnpm/winston@3.11.0/node_modules/winston/lib/winston/transports/console.js:79:23)
    at Console._write (/Users/tcjr/Library/pnpm/global/5/.pnpm/winston-transport@4.6.0/node_modules/winston-transport/index.js:103:17)
    at doWrite (/Users/tcjr/Library/pnpm/global/5/.pnpm/readable-stream@3.6.2/node_modules/readable-stream/lib/_stream_writable.js:390:139)
[error] 
[error] Error: An unexpected error has occurred.
[debug] [2026-02-22T03:22:36.389Z] Error: write EPIPE
    at afterWriteDispatched (node:internal/stream_base_commons:159:15)
    at writeGeneric (node:internal/stream_base_commons:150:3)
    at Socket._writeGeneric (node:net:966:11)
    at Socket._write (node:net:978:8)
    at writeOrBuffer (node:internal/streams/writable:572:12)
    at _write (node:internal/streams/writable:501:10)
    at Writable.write (node:internal/streams/writable:510:10)
    at Console.log (/Users/tcjr/Library/pnpm/global/5/.pnpm/winston@3.11.0/node_modules/winston/lib/winston/transports/console.js:79:23)
    at Console._write (/Users/tcjr/Library/pnpm/global/5/.pnpm/winston-transport@4.6.0/node_modules/winston-transport/index.js:103:17)
    at doWrite (/Users/tcjr/Library/pnpm/global/5/.pnpm/readable-stream@3.6.2/node_modules/readable-stream/lib/_stream_writable.js:390:139)
[error] 
[error] Error: An unexpected error has occurred.
[debug] [2026-02-22T03:22:36.389Z] Error: write EPIPE
    at afterWriteDispatched (node:internal/stream_base_commons:159:15)
    at writeGeneric (node:internal/stream_base_commons:150:3)
    at Socket._writeGeneric (node:net:966:11)
    at Socket._write (node:net:978:8)
    at writeOrBuffer (node:internal/streams/writable:572:12)
    at _write (node:internal/streams/writable:501:10)
    at Writable.write (node:internal/streams/writable:510:10)
    at Console.log (/Users/tcjr/Library/pnpm/global/5/.pnpm/winston@3.11.0/node_modules/winston/lib/winston/transports/console.js:79:23)
    at Console._write (/Users/tcjr/Library/pnpm/global/5/.pnpm/winston-transport@4.6.0/node_modules/winston-transport/index.js:103:17)
    at doWrite (/Users/tcjr/Library/pnpm/global/5/.pnpm/readable-stream@3.6.2/node_modules/readable-stream/lib/_stream_writable.js:390:139)
[error] 
[error] Error: An unexpected error has occurred.
[debug] [2026-02-22T03:22:36.389Z] Error: write EPIPE
    at afterWriteDispatched (node:internal/stream_base_commons:159:15)
    at writeGeneric (node:internal/stream_base_commons:150:3)
    at Socket._writeGeneric (node:net:966:11)
    at Socket._write (node:net:978:8)
    at writeOrBuffer (node:internal/streams/writable:572:12)
    at _write (node:internal/streams/writable:501:10)
    at Writable.write (node:internal/streams/writable:510:10)
    at Console.log (/Users/tcjr/Library/pnpm/global/5/.pnpm/winston@3.11.0/node_modules/winston/lib/winston/transports/console.js:79:23)
    at Console._write (/Users/tcjr/Library/pnpm/global/5/.pnpm/winston-transport@4.6.0/node_modules/winston-transport/index.js:103:17)
    at doWrite (/Users/tcjr/Library/pnpm/global/5/.pnpm/readable-stream@3.6.2/node_modules/readable-stream/lib/_stream_writable.js:390:139)
[error] 
[error] Error: An unexpected error has occurred.
[debug] [2026-02-22T03:22:36.389Z] Error: write EPIPE
    at afterWriteDispatched (node:internal/stream_base_commons:159:15)
    at writeGeneric (node:internal/stream_base_commons:150:3)
    at Socket._writeGeneric (node:net:966:11)
    at Socket._write (node:net:978:8)
    at writeOrBuffer (node:internal/streams/writable:572:12)
    at _write (node:internal/streams/writable:501:10)
    at Writable.write (node:internal/streams/writable:510:10)
    at Console.log (/Users/tcjr/Library/pnpm/global/5/.pnpm/winston@3.11.0/node_modules/winston/lib/winston/transports/console.js:79:23)
    at Console._write (/Users/tcjr/Library/pnpm/global/5/.pnpm/winston-transport@4.6.0/node_modules/winston-transport/index.js:103:17)
    at doWrite (/Users/tcjr/Library/pnpm/global/5/.pnpm/readable-stream@3.6.2/node_modules/readable-stream/lib/_stream_writable.js:390:139)
[error] 
[error] Error: An unexpected error has occurred.
[debug] [2026-02-22T03:22:36.390Z] Error: write EPIPE
    at afterWriteDispatched (node:internal/stream_base_commons:159:15)
    at writeGeneric (node:internal/stream_base_commons:150:3)
    at Socket._writeGeneric (node:net:966:11)
    at Socket._write (node:net:978:8)
    at writeOrBuffer (node:internal/streams/writable:572:12)
    at _write (node:internal/streams/writable:501:10)
    at Writable.write (node:internal/streams/writable:510:10)
    at Console.log (/Users/tcjr/Library/pnpm/global/5/.pnpm/winston@3.11.0/node_modules/winston/lib/winston/transports/console.js:79:23)
    at Console._write (/Users/tcjr/Library/pnpm/global/5/.pnpm/winston-transport@4.6.0/node_modules/winston-transport/index.js:103:17)
    at doWrite (/Users/tcjr/Library/pnpm/global/5/.pnpm/readable-stream@3.6.2/node_modules/readable-stream/lib/_stream_writable.js:390:139)
[error] 
[error] Error: An unexpected error has occurred.
[debug] [2026-02-22T03:22:36.390Z] Error: write EPIPE
    at afterWriteDispatched (node:internal/stream_base_commons:159:15)
    at writeGeneric (node:internal/stream_base_commons:150:3)
    at Socket._writeGeneric (node:net:966:11)
    at Socket._write (node:net:978:8)
    at writeOrBuffer (node:internal/streams/writable:572:12)
    at _write (node:internal/streams/writable:501:10)
    at Writable.write (node:internal/streams/writable:510:10)
    at Console.log (/Users/tcjr/Library/pnpm/global/5/.pnpm/winston@3.11.0/node_modules/winston/lib/winston/transports/console.js:79:23)
    at Console._write (/Users/tcjr/Library/pnpm/global/5/.pnpm/winston-transport@4.6.0/node_modules/winston-transport/index.js:103:17)
    at doWrite (/Users/tcjr/Library/pnpm/global/5/.pnpm/readable-stream@3.6.2/node_modules/readable-stream/lib/_stream_writable.js:390:139)
[error] 
[error] Error: An unexpected error has occurred.
[debug] [2026-02-22T03:22:36.390Z] Error: write EPIPE
    at afterWriteDispatched (node:internal/stream_base_commons:159:15)
    at writeGeneric (node:internal/stream_base_commons:150:3)
    at Socket._writeGeneric (node:net:966:11)
    at Socket._write (node:net:978:8)
    at writeOrBuffer (node:internal/streams/writable:572:12)
    at _write (node:internal/streams/writable:501:10)
    at Writable.write (node:internal/streams/writable:510:10)
    at Console.log (/Users/tcjr/Library/pnpm/global/5/.pnpm/winston@3.11.0/node_modules/winston/lib/winston/transports/console.js:79:23)
    at Console._write (/Users/tcjr/Library/pnpm/global/5/.pnpm/winston-transport@4.6.0/node_modules/winston-transport/index.js:103:17)
    at doWrite (/Users/tcjr/Library/pnpm/global/5/.pnpm/readable-stream@3.6.2/node_modules/readable-stream/lib/_stream_writable.js:390:139)
[error] 
[error] Error: An unexpected error has occurred.
[debug] [2026-02-22T03:22:36.391Z] Error: write EPIPE
    at afterWriteDispatched (node:internal/stream_base_commons:159:15)
    at writeGeneric (node:internal/stream_base_commons:150:3)
    at Socket._writeGeneric (node:net:966:11)
    at Socket._write (node:net:978:8)
    at writeOrBuffer (node:internal/streams/writable:572:12)
    at _write (node:internal/streams/writable:501:10)
    at Writable.write (node:internal/streams/writable:510:10)
    at Console.log (/Users/tcjr/Library/pnpm/global/5/.pnpm/winston@3.11.0/node_modules/winston/lib/winston/transports/console.js:79:23)
    at Console._write (/Users/tcjr/Library/pnpm/global/5/.pnpm/winston-transport@4.6.0/node_modules/winston-transport/index.js:103:17)
    at doWrite (/Users/tcjr/Library/pnpm/global/5/.pnpm/readable-stream@3.6.2/node_modules/readable-stream/lib/_stream_writable.js:390:139)
[error] 
[error] Error: An unexpected error has occurred.
[debug] [2026-02-22T03:22:36.391Z] Error: write EPIPE
    at afterWriteDispatched (node:internal/stream_base_commons:159:15)
    at writeGeneric (node:internal/stream_base_commons:150:3)
    at Socket._writeGeneric (node:net:966:11)
    at Socket._write (node:net:978:8)
    at writeOrBuffer (node:internal/streams/writable:572:12)
    at _write (node:internal/streams/writable:501:10)
    at Writable.write (node:internal/streams/writable:510:10)
    at Console.log (/Users/tcjr/Library/pnpm/global/5/.pnpm/winston@3.11.0/node_modules/winston/lib/winston/transports/console.js:79:23)
    at Console._write (/Users/tcjr/Library/pnpm/global/5/.pnpm/winston-transport@4.6.0/node_modules/winston-transport/index.js:103:17)
    at doWrite (/Users/tcjr/Library/pnpm/global/5/.pnpm/readable-stream@3.6.2/node_modules/readable-stream/lib/_stream_writable.js:390:139)
[error] 
[error] Error: An unexpected error has occurred.
[debug] [2026-02-22T03:22:36.391Z] Error: write EPIPE
    at afterWriteDispatched (node:internal/stream_base_commons:159:15)
    at writeGeneric (node:internal/stream_base_commons:150:3)
    at Socket._writeGeneric (node:net:966:11)
    at Socket._write (node:net:978:8)
    at writeOrBuffer (node:internal/streams/writable:572:12)
    at _write (node:internal/streams/writable:501:10)
    at Writable.write (node:internal/streams/writable:510:10)
    at Console.log (/Users/tcjr/Library/pnpm/global/5/.pnpm/winston@3.11.0/node_modules/winston/lib/winston/transports/console.js:79:23)
    at Console._write (/Users/tcjr/Library/pnpm/global/5/.pnpm/winston-transport@4.6.0/node_modules/winston-transport/index.js:103:17)
    at doWrite (/Users/tcjr/Library/pnpm/global/5/.pnpm/readable-stream@3.6.2/node_modules/readable-stream/lib/_stream_writable.js:390:139)
[error] 
[error] Error: An unexpected error has occurred.
[debug] [2026-02-22T03:22:36.391Z] Error: write EPIPE
    at afterWriteDispatched (node:internal/stream_base_commons:159:15)
    at writeGeneric (node:internal/stream_base_commons:150:3)
    at Socket._writeGeneric (node:net:966:11)
    at Socket._write (node:net:978:8)
    at writeOrBuffer (node:internal/streams/writable:572:12)
    at _write (node:internal/streams/writable:501:10)
    at Writable.write (node:internal/streams/writable:510:10)
    at Console.log (/Users/tcjr/Library/pnpm/global/5/.pnpm/winston@3.11.0/node_modules/winston/lib/winston/transports/console.js:79:23)
    at Console._write (/Users/tcjr/Library/pnpm/global/5/.pnpm/winston-transport@4.6.0/node_modules/winston-transport/index.js:103:17)
    at doWrite (/Users/tcjr/Library/pnpm/global/5/.pnpm/readable-stream@3.6.2/node_modules/readable-stream/lib/_stream_writable.js:390:139)
[error] 
[error] Error: An unexpected error has occurred.
[debug] [2026-02-22T03:22:36.391Z] Error: write EPIPE
    at afterWriteDispatched (node:internal/stream_base_commons:159:15)
    at writeGeneric (node:internal/stream_base_commons:150:3)
    at Socket._writeGeneric (node:net:966:11)
    at Socket._write (node:net:978:8)
    at writeOrBuffer (node:internal/streams/writable:572:12)
    at _write (node:internal/streams/writable:501:10)
    at Writable.write (node:internal/streams/writable:510:10)
    at Console.log (/Users/tcjr/Library/pnpm/global/5/.pnpm/winston@3.11.0/node_modules/winston/lib/winston/transports/console.js:79:23)
    at Console._write (/Users/tcjr/Library/pnpm/global/5/.pnpm/winston-transport@4.6.0/node_modules/winston-transport/index.js:103:17)
    at doWrite (/Users/tcjr/Library/pnpm/global/5/.pnpm/readable-stream@3.6.2/node_modules/readable-stream/lib/_stream_writable.js:390:139)
[error] 
[error] Error: An unexpected error has occurred.
[debug] [2026-02-22T03:22:36.391Z] Error: write EPIPE
    at afterWriteDispatched (node:internal/stream_base_commons:159:15)
    at writeGeneric (node:internal/stream_base_commons:150:3)
    at Socket._writeGeneric (node:net:966:11)
    at Socket._write (node:net:978:8)
    at writeOrBuffer (node:internal/streams/writable:572:12)
    at _write (node:internal/streams/writable:501:10)
    at Writable.write (node:internal/streams/writable:510:10)
    at Console.log (/Users/tcjr/Library/pnpm/global/5/.pnpm/winston@3.11.0/node_modules/winston/lib/winston/transports/console.js:79:23)
    at Console._write (/Users/tcjr/Library/pnpm/global/5/.pnpm/winston-transport@4.6.0/node_modules/winston-transport/index.js:103:17)
    at doWrite (/Users/tcjr/Library/pnpm/global/5/.pnpm/readable-stream@3.6.2/node_modules/readable-stream/lib/_stream_writable.js:390:139)
[error] 
[error] Error: An unexpected error has occurred.
[debug] [2026-02-22T03:22:36.392Z] Error: write EPIPE
    at afterWriteDispatched (node:internal/stream_base_commons:159:15)
    at writeGeneric (node:internal/stream_base_commons:150:3)
    at Socket._writeGeneric (node:net:966:11)
    at Socket._write (node:net:978:8)
    at writeOrBuffer (node:internal/streams/writable:572:12)
    at _write (node:internal/streams/writable:501:10)
    at Writable.write (node:internal/streams/writable:510:10)
    at Console.log (/Users/tcjr/Library/pnpm/global/5/.pnpm/winston@3.11.0/node_modules/winston/lib/winston/transports/console.js:79:23)
    at Console._write (/Users/tcjr/Library/pnpm/global/5/.pnpm/winston-transport@4.6.0/node_modules/winston-transport/index.js:103:17)
    at doWrite (/Users/tcjr/Library/pnpm/global/5/.pnpm/readable-stream@3.6.2/node_modules/readable-stream/lib/_stream_writable.js:390:139)
[error] 
[error] Error: An unexpected error has occurred.
[debug] [2026-02-22T03:22:36.392Z] Error: write EPIPE
    at afterWriteDispatched (node:internal/stream_base_commons:159:15)
    at writeGeneric (node:internal/stream_base_commons:150:3)
    at Socket._writeGeneric (node:net:966:11)
    at Socket._write (node:net:978:8)
    at writeOrBuffer (node:internal/streams/writable:572:12)
    at _write (node:internal/streams/writable:501:10)
    at Writable.write (node:internal/streams/writable:510:10)
    at Console.log (/Users/tcjr/Library/pnpm/global/5/.pnpm/winston@3.11.0/node_modules/winston/lib/winston/transports/console.js:79:23)
    at Console._write (/Users/tcjr/Library/pnpm/global/5/.pnpm/winston-transport@4.6.0/node_modules/winston-transport/index.js:103:17)
    at doWrite (/Users/tcjr/Library/pnpm/global/5/.pnpm/readable-stream@3.6.2/node_modules/readable-stream/lib/_stream_writable.js:390:139)
[error] 
[error] Error: An unexpected error has occurred.
[debug] [2026-02-22T03:22:36.392Z] Error: write EPIPE
    at afterWriteDispatched (node:internal/stream_base_commons:159:15)
    at writeGeneric (node:internal/stream_base_commons:150:3)
    at Socket._writeGeneric (node:net:966:11)
    at Socket._write (node:net:978:8)
    at writeOrBuffer (node:internal/streams/writable:572:12)
    at _write (node:internal/streams/writable:501:10)
    at Writable.write (node:internal/streams/writable:510:10)
    at Console.log (/Users/tcjr/Library/pnpm/global/5/.pnpm/winston@3.11.0/node_modules/winston/lib/winston/transports/console.js:79:23)
    at Console._write (/Users/tcjr/Library/pnpm/global/5/.pnpm/winston-transport@4.6.0/node_modules/winston-transport/index.js:103:17)
    at doWrite (/Users/tcjr/Library/pnpm/global/5/.pnpm/readable-stream@3.6.2/node_modules/readable-stream/lib/_stream_writable.js:390:139)
[error] 
[error] Error: An unexpected error has occurred.
[debug] [2026-02-22T03:22:36.392Z] Error: write EPIPE
    at afterWriteDispatched (node:internal/stream_base_commons:159:15)
    at writeGeneric (node:internal/stream_base_commons:150:3)
    at Socket._writeGeneric (node:net:966:11)
    at Socket._write (node:net:978:8)
    at writeOrBuffer (node:internal/streams/writable:572:12)
    at _write (node:internal/streams/writable:501:10)
    at Writable.write (node:internal/streams/writable:510:10)
    at Console.log (/Users/tcjr/Library/pnpm/global/5/.pnpm/winston@3.11.0/node_modules/winston/lib/winston/transports/console.js:79:23)
    at Console._write (/Users/tcjr/Library/pnpm/global/5/.pnpm/winston-transport@4.6.0/node_modules/winston-transport/index.js:103:17)
    at doWrite (/Users/tcjr/Library/pnpm/global/5/.pnpm/readable-stream@3.6.2/node_modules/readable-stream/lib/_stream_writable.js:390:139)
[error] 
[error] Error: An unexpected error has occurred.
[debug] [2026-02-22T03:22:36.392Z] Error: write EPIPE
    at afterWriteDispatched (node:internal/stream_base_commons:159:15)
    at writeGeneric (node:internal/stream_base_commons:150:3)
    at Socket._writeGeneric (node:net:966:11)
    at Socket._write (node:net:978:8)
    at writeOrBuffer (node:internal/streams/writable:572:12)
    at _write (node:internal/streams/writable:501:10)
    at Writable.write (node:internal/streams/writable:510:10)
    at Console.log (/Users/tcjr/Library/pnpm/global/5/.pnpm/winston@3.11.0/node_modules/winston/lib/winston/transports/console.js:79:23)
    at Console._write (/Users/tcjr/Library/pnpm/global/5/.pnpm/winston-transport@4.6.0/node_modules/winston-transport/index.js:103:17)
    at doWrite (/Users/tcjr/Library/pnpm/global/5/.pnpm/readable-stream@3.6.2/node_modules/readable-stream/lib/_stream_writable.js:390:139)
[error] 
[error] Error: An unexpected error has occurred.
[debug] [2026-02-22T03:22:36.392Z] Error: write EPIPE
    at afterWriteDispatched (node:internal/stream_base_commons:159:15)
    at writeGeneric (node:internal/stream_base_commons:150:3)
    at Socket._writeGeneric (node:net:966:11)
    at Socket._write (node:net:978:8)
    at writeOrBuffer (node:internal/streams/writable:572:12)
    at _write (node:internal/streams/writable:501:10)
    at Writable.write (node:internal/streams/writable:510:10)
    at Console.log (/Users/tcjr/Library/pnpm/global/5/.pnpm/winston@3.11.0/node_modules/winston/lib/winston/transports/console.js:79:23)
    at Console._write (/Users/tcjr/Library/pnpm/global/5/.pnpm/winston-transport@4.6.0/node_modules/winston-transport/index.js:103:17)
    at doWrite (/Users/tcjr/Library/pnpm/global/5/.pnpm/readable-stream@3.6.2/node_modules/readable-stream/lib/_stream_writable.js:390:139)
[error] 
[error] Error: An unexpected error has occurred.
[debug] [2026-02-22T03:22:36.393Z] Error: write EPIPE
    at afterWriteDispatched (node:internal/stream_base_commons:159:15)
    at writeGeneric (node:internal/stream_base_commons:150:3)
    at Socket._writeGeneric (node:net:966:11)
    at Socket._write (node:net:978:8)
    at writeOrBuffer (node:internal/streams/writable:572:12)
    at _write (node:internal/streams/writable:501:10)
    at Writable.write (node:internal/streams/writable:510:10)
    at Console.log (/Users/tcjr/Library/pnpm/global/5/.pnpm/winston@3.11.0/node_modules/winston/lib/winston/transports/console.js:79:23)
    at Console._write (/Users/tcjr/Library/pnpm/global/5/.pnpm/winston-transport@4.6.0/node_modules/winston-transport/index.js:103:17)
    at doWrite (/Users/tcjr/Library/pnpm/global/5/.pnpm/readable-stream@3.6.2/node_modules/readable-stream/lib/_stream_writable.js:390:139)
[error] 
[error] Error: An unexpected error has occurred.
[debug] [2026-02-22T03:22:36.393Z] Error: write EPIPE
    at afterWriteDispatched (node:internal/stream_base_commons:159:15)
    at writeGeneric (node:internal/stream_base_commons:150:3)
    at Socket._writeGeneric (node:net:966:11)
    at Socket._write (node:net:978:8)
    at writeOrBuffer (node:internal/streams/writable:572:12)
    at _write (node:internal/streams/writable:501:10)
    at Writable.write (node:internal/streams/writable:510:10)
    at Console.log (/Users/tcjr/Library/pnpm/global/5/.pnpm/winston@3.11.0/node_modules/winston/lib/winston/transports/console.js:79:23)
    at Console._write (/Users/tcjr/Library/pnpm/global/5/.pnpm/winston-transport@4.6.0/node_modules/winston-transport/index.js:103:17)
    at doWrite (/Users/tcjr/Library/pnpm/global/5/.pnpm/readable-stream@3.6.2/node_modules/readable-stream/lib/_stream_writable.js:390:139)
[error] 
[error] Error: An unexpected error has occurred.
[debug] [2026-02-22T03:22:36.393Z] Error: write EPIPE
    at afterWriteDispatched (node:internal/stream_base_commons:159:15)
    at writeGeneric (node:internal/stream_base_commons:150:3)
    at Socket._writeGeneric (node:net:966:11)
    at Socket._write (node:net:978:8)
    at writeOrBuffer (node:internal/streams/writable:572:12)
    at _write (node:internal/streams/writable:501:10)
    at Writable.write (node:internal/streams/writable:510:10)
    at Console.log (/Users/tcjr/Library/pnpm/global/5/.pnpm/winston@3.11.0/node_modules/winston/lib/winston/transports/console.js:79:23)
    at Console._write (/Users/tcjr/Library/pnpm/global/5/.pnpm/winston-transport@4.6.0/node_modules/winston-transport/index.js:103:17)
    at doWrite (/Users/tcjr/Library/pnpm/global/5/.pnpm/readable-stream@3.6.2/node_modules/readable-stream/lib/_stream_writable.js:390:139)
[error] 
[error] Error: An unexpected error has occurred.
[debug] [2026-02-22T03:22:36.393Z] Error: write EPIPE
    at afterWriteDispatched (node:internal/stream_base_commons:159:15)
    at writeGeneric (node:internal/stream_base_commons:150:3)
    at Socket._writeGeneric (node:net:966:11)
    at Socket._write (node:net:978:8)
    at writeOrBuffer (node:internal/streams/writable:572:12)
    at _write (node:internal/streams/writable:501:10)
    at Writable.write (node:internal/streams/writable:510:10)
    at Console.log (/Users/tcjr/Library/pnpm/global/5/.pnpm/winston@3.11.0/node_modules/winston/lib/winston/transports/console.js:79:23)
    at Console._write (/Users/tcjr/Library/pnpm/global/5/.pnpm/winston-transport@4.6.0/node_modules/winston-transport/index.js:103:17)
    at doWrite (/Users/tcjr/Library/pnpm/global/5/.pnpm/readable-stream@3.6.2/node_modules/readable-stream/lib/_stream_writable.js:390:139)
[error] 
[error] Error: An unexpected error has occurred.
[debug] [2026-02-22T03:22:36.393Z] Error: write EPIPE
    at afterWriteDispatched (node:internal/stream_base_commons:159:15)
    at writeGeneric (node:internal/stream_base_commons:150:3)
    at Socket._writeGeneric (node:net:966:11)
    at Socket._write (node:net:978:8)
    at writeOrBuffer (node:internal/streams/writable:572:12)
    at _write (node:internal/streams/writable:501:10)
    at Writable.write (node:internal/streams/writable:510:10)
    at Console.log (/Users/tcjr/Library/pnpm/global/5/.pnpm/winston@3.11.0/node_modules/winston/lib/winston/transports/console.js:79:23)
    at Console._write (/Users/tcjr/Library/pnpm/global/5/.pnpm/winston-transport@4.6.0/node_modules/winston-transport/index.js:103:17)
    at doWrite (/Users/tcjr/Library/pnpm/global/5/.pnpm/readable-stream@3.6.2/node_modules/readable-stream/lib/_stream_writable.js:390:139)
[error] 
[error] Error: An unexpected error has occurred.
[debug] [2026-02-22T03:22:36.393Z] Error: write EPIPE
    at afterWriteDispatched (node:internal/stream_base_commons:159:15)
    at writeGeneric (node:internal/stream_base_commons:150:3)
    at Socket._writeGeneric (node:net:966:11)
    at Socket._write (node:net:978:8)
    at writeOrBuffer (node:internal/streams/writable:572:12)
    at _write (node:internal/streams/writable:501:10)
    at Writable.write (node:internal/streams/writable:510:10)
    at Console.log (/Users/tcjr/Library/pnpm/global/5/.pnpm/winston@3.11.0/node_modules/winston/lib/winston/transports/console.js:79:23)
    at Console._write (/Users/tcjr/Library/pnpm/global/5/.pnpm/winston-transport@4.6.0/node_modules/winston-transport/index.js:103:17)
    at doWrite (/Users/tcjr/Library/pnpm/global/5/.pnpm/readable-stream@3.6.2/node_modules/readable-stream/lib/_stream_writable.js:390:139)
[error] 
[error] Error: An unexpected error has occurred.
[debug] [2026-02-22T03:22:36.394Z] Error: write EPIPE
    at afterWriteDispatched (node:internal/stream_base_commons:159:15)
    at writeGeneric (node:internal/stream_base_commons:150:3)
    at Socket._writeGeneric (node:net:966:11)
    at Socket._write (node:net:978:8)
    at writeOrBuffer (node:internal/streams/writable:572:12)
    at _write (node:internal/streams/writable:501:10)
    at Writable.write (node:internal/streams/writable:510:10)
    at Console.log (/Users/tcjr/Library/pnpm/global/5/.pnpm/winston@3.11.0/node_modules/winston/lib/winston/transports/console.js:79:23)
    at Console._write (/Users/tcjr/Library/pnpm/global/5/.pnpm/winston-transport@4.6.0/node_modules/winston-transport/index.js:103:17)
    at doWrite (/Users/tcjr/Library/pnpm/global/5/.pnpm/readable-stream@3.6.2/node_modules/readable-stream/lib/_stream_writable.js:390:139)
[error] 
[error] Error: An unexpected error has occurred.
[debug] [2026-02-22T03:22:36.394Z] Error: write EPIPE
    at afterWriteDispatched (node:internal/stream_base_commons:159:15)
    at writeGeneric (node:internal/stream_base_commons:150:3)
    at Socket._writeGeneric (node:net:966:11)
    at Socket._write (node:net:978:8)
    at writeOrBuffer (node:internal/streams/writable:572:12)
    at _write (node:internal/streams/writable:501:10)
    at Writable.write (node:internal/streams/writable:510:10)
    at Console.log (/Users/tcjr/Library/pnpm/global/5/.pnpm/winston@3.11.0/node_modules/winston/lib/winston/transports/console.js:79:23)
    at Console._write (/Users/tcjr/Library/pnpm/global/5/.pnpm/winston-transport@4.6.0/node_modules/winston-transport/index.js:103:17)
    at doWrite (/Users/tcjr/Library/pnpm/global/5/.pnpm/readable-stream@3.6.2/node_modules/readable-stream/lib/_stream_writable.js:390:139)
[error] 
[error] Error: An unexpected error has occurred.
[debug] [2026-02-22T03:22:36.394Z] Error: write EPIPE
    at afterWriteDispatched (node:internal/stream_base_commons:159:15)
    at writeGeneric (node:internal/stream_base_commons:150:3)
    at Socket._writeGeneric (node:net:966:11)
    at Socket._write (node:net:978:8)
    at writeOrBuffer (node:internal/streams/writable:572:12)
    at _write (node:internal/streams/writable:501:10)
    at Writable.write (node:internal/streams/writable:510:10)
    at Console.log (/Users/tcjr/Library/pnpm/global/5/.pnpm/winston@3.11.0/node_modules/winston/lib/winston/transports/console.js:79:23)
    at Console._write (/Users/tcjr/Library/pnpm/global/5/.pnpm/winston-transport@4.6.0/node_modules/winston-transport/index.js:103:17)
    at doWrite (/Users/tcjr/Library/pnpm/global/5/.pnpm/readable-stream@3.6.2/node_modules/readable-stream/lib/_stream_writable.js:390:139)
[error] 
[error] Error: An unexpected error has occurred.
[debug] [2026-02-22T03:22:36.395Z] Error: write EPIPE
    at afterWriteDispatched (node:internal/stream_base_commons:159:15)
    at writeGeneric (node:internal/stream_base_commons:150:3)
    at Socket._writeGeneric (node:net:966:11)
    at Socket._write (node:net:978:8)
    at writeOrBuffer (node:internal/streams/writable:572:12)
    at _write (node:internal/streams/writable:501:10)
    at Writable.write (node:internal/streams/writable:510:10)
    at Console.log (/Users/tcjr/Library/pnpm/global/5/.pnpm/winston@3.11.0/node_modules/winston/lib/winston/transports/console.js:79:23)
    at Console._write (/Users/tcjr/Library/pnpm/global/5/.pnpm/winston-transport@4.6.0/node_modules/winston-transport/index.js:103:17)
    at doWrite (/Users/tcjr/Library/pnpm/global/5/.pnpm/readable-stream@3.6.2/node_modules/readable-stream/lib/_stream_writable.js:390:139)
[error] 
[error] Error: An unexpected error has occurred.
[debug] [2026-02-22T03:22:36.395Z] Error: write EPIPE
    at afterWriteDispatched (node:internal/stream_base_commons:159:15)
    at writeGeneric (node:internal/stream_base_commons:150:3)
    at Socket._writeGeneric (node:net:966:11)
    at Socket._write (node:net:978:8)
    at writeOrBuffer (node:internal/streams/writable:572:12)
    at _write (node:internal/streams/writable:501:10)
    at Writable.write (node:internal/streams/writable:510:10)
    at Console.log (/Users/tcjr/Library/pnpm/global/5/.pnpm/winston@3.11.0/node_modules/winston/lib/winston/transports/console.js:79:23)
    at Console._write (/Users/tcjr/Library/pnpm/global/5/.pnpm/winston-transport@4.6.0/node_modules/winston-transport/index.js:103:17)
    at doWrite (/Users/tcjr/Library/pnpm/global/5/.pnpm/readable-stream@3.6.2/node_modules/readable-stream/lib/_stream_writable.js:390:139)
[error] 
[error] Error: An unexpected error has occurred.
[debug] [2026-02-22T03:22:36.395Z] Error: write EPIPE
    at afterWriteDispatched (node:internal/stream_base_commons:159:15)
    at writeGeneric (node:internal/stream_base_commons:150:3)
    at Socket._writeGeneric (node:net:966:11)
    at Socket._write (node:net:978:8)
    at writeOrBuffer (node:internal/streams/writable:572:12)
    at _write (node:internal/streams/writable:501:10)
    at Writable.write (node:internal/streams/writable:510:10)
    at Console.log (/Users/tcjr/Library/pnpm/global/5/.pnpm/winston@3.11.0/node_modules/winston/lib/winston/transports/console.js:79:23)
    at Console._write (/Users/tcjr/Library/pnpm/global/5/.pnpm/winston-transport@4.6.0/node_modules/winston-transport/index.js:103:17)
    at doWrite (/Users/tcjr/Library/pnpm/global/5/.pnpm/readable-stream@3.6.2/node_modules/readable-stream/lib/_stream_writable.js:390:139)
[error] 
[error] Error: An unexpected error has occurred.
[debug] [2026-02-22T03:22:36.395Z] Error: write EPIPE
    at afterWriteDispatched (node:internal/stream_base_commons:159:15)
    at writeGeneric (node:internal/stream_base_commons:150:3)
    at Socket._writeGeneric (node:net:966:11)
    at Socket._write (node:net:978:8)
    at writeOrBuffer (node:internal/streams/writable:572:12)
    at _write (node:internal/streams/writable:501:10)
    at Writable.write (node:internal/streams/writable:510:10)
    at Console.log (/Users/tcjr/Library/pnpm/global/5/.pnpm/winston@3.11.0/node_modules/winston/lib/winston/transports/console.js:79:23)
    at Console._write (/Users/tcjr/Library/pnpm/global/5/.pnpm/winston-transport@4.6.0/node_modules/winston-transport/index.js:103:17)
    at doWrite (/Users/tcjr/Library/pnpm/global/5/.pnpm/readable-stream@3.6.2/node_modules/readable-stream/lib/_stream_writable.js:390:139)
[error] 
[error] Error: An unexpected error has occurred.
[debug] [2026-02-22T03:22:36.395Z] Error: write EPIPE
    at afterWriteDispatched (node:internal/stream_base_commons:159:15)
    at writeGeneric (node:internal/stream_base_commons:150:3)
    at Socket._writeGeneric (node:net:966:11)
    at Socket._write (node:net:978:8)
    at writeOrBuffer (node:internal/streams/writable:572:12)
    at _write (node:internal/streams/writable:501:10)
    at Writable.write (node:internal/streams/writable:510:10)
    at Console.log (/Users/tcjr/Library/pnpm/global/5/.pnpm/winston@3.11.0/node_modules/winston/lib/winston/transports/console.js:79:23)
    at Console._write (/Users/tcjr/Library/pnpm/global/5/.pnpm/winston-transport@4.6.0/node_modules/winston-transport/index.js:103:17)
    at doWrite (/Users/tcjr/Library/pnpm/global/5/.pnpm/readable-stream@3.6.2/node_modules/readable-stream/lib/_stream_writable.js:390:139)
[error] 
[error] Error: An unexpected error has occurred.
[debug] [2026-02-22T03:22:36.395Z] Error: write EPIPE
    at afterWriteDispatched (node:internal/stream_base_commons:159:15)
    at writeGeneric (node:internal/stream_base_commons:150:3)
    at Socket._writeGeneric (node:net:966:11)
    at Socket._write (node:net:978:8)
    at writeOrBuffer (node:internal/streams/writable:572:12)
    at _write (node:internal/streams/writable:501:10)
    at Writable.write (node:internal/streams/writable:510:10)
    at Console.log (/Users/tcjr/Library/pnpm/global/5/.pnpm/winston@3.11.0/node_modules/winston/lib/winston/transports/console.js:79:23)
    at Console._write (/Users/tcjr/Library/pnpm/global/5/.pnpm/winston-transport@4.6.0/node_modules/winston-transport/index.js:103:17)
    at doWrite (/Users/tcjr/Library/pnpm/global/5/.pnpm/readable-stream@3.6.2/node_modules/readable-stream/lib/_stream_writable.js:390:139)
[error] 
[error] Error: An unexpected error has occurred.
[debug] [2026-02-22T03:22:36.396Z] Error: write EPIPE
    at afterWriteDispatched (node:internal/stream_base_commons:159:15)
    at writeGeneric (node:internal/stream_base_commons:150:3)
    at Socket._writeGeneric (node:net:966:11)
    at Socket._write (node:net:978:8)
    at writeOrBuffer (node:internal/streams/writable:572:12)
    at _write (node:internal/streams/writable:501:10)
    at Writable.write (node:internal/streams/writable:510:10)
    at Console.log (/Users/tcjr/Library/pnpm/global/5/.pnpm/winston@3.11.0/node_modules/winston/lib/winston/transports/console.js:79:23)
    at Console._write (/Users/tcjr/Library/pnpm/global/5/.pnpm/winston-transport@4.6.0/node_modules/winston-transport/index.js:103:17)
    at doWrite (/Users/tcjr/Library/pnpm/global/5/.pnpm/readable-stream@3.6.2/node_modules/readable-stream/lib/_stream_writable.js:390:139)
[error] 
[error] Error: An unexpected error has occurred.
[debug] [2026-02-22T03:22:36.396Z] Error: write EPIPE
    at afterWriteDispatched (node:internal/stream_base_commons:159:15)
    at writeGeneric (node:internal/stream_base_commons:150:3)
    at Socket._writeGeneric (node:net:966:11)
    at Socket._write (node:net:978:8)
    at writeOrBuffer (node:internal/streams/writable:572:12)
    at _write (node:internal/streams/writable:501:10)
    at Writable.write (node:internal/streams/writable:510:10)
    at Console.log (/Users/tcjr/Library/pnpm/global/5/.pnpm/winston@3.11.0/node_modules/winston/lib/winston/transports/console.js:79:23)
    at Console._write (/Users/tcjr/Library/pnpm/global/5/.pnpm/winston-transport@4.6.0/node_modules/winston-transport/index.js:103:17)
    at doWrite (/Users/tcjr/Library/pnpm/global/5/.pnpm/readable-stream@3.6.2/node_modules/readable-stream/lib/_stream_writable.js:390:139)
[error] 
[error] Error: An unexpected error has occurred.
[debug] [2026-02-22T03:22:36.396Z] Error: write EPIPE
    at afterWriteDispatched (node:internal/stream_base_commons:159:15)
    at writeGeneric (node:internal/stream_base_commons:150:3)
    at Socket._writeGeneric (node:net:966:11)
    at Socket._write (node:net:978:8)
    at writeOrBuffer (node:internal/streams/writable:572:12)
    at _write (node:internal/streams/writable:501:10)
    at Writable.write (node:internal/streams/writable:510:10)
    at Console.log (/Users/tcjr/Library/pnpm/global/5/.pnpm/winston@3.11.0/node_modules/winston/lib/winston/transports/console.js:79:23)
    at Console._write (/Users/tcjr/Library/pnpm/global/5/.pnpm/winston-transport@4.6.0/node_modules/winston-transport/index.js:103:17)
    at doWrite (/Users/tcjr/Library/pnpm/global/5/.pnpm/readable-stream@3.6.2/node_modules/readable-stream/lib/_stream_writable.js:390:139)
[error] 
[error] Error: An unexpected error has occurred.
[debug] [2026-02-22T03:22:36.396Z] Error: write EPIPE
    at afterWriteDispatched (node:internal/stream_base_commons:159:15)
    at writeGeneric (node:internal/stream_base_commons:150:3)
    at Socket._writeGeneric (node:net:966:11)
    at Socket._write (node:net:978:8)
    at writeOrBuffer (node:internal/streams/writable:572:12)
    at _write (node:internal/streams/writable:501:10)
    at Writable.write (node:internal/streams/writable:510:10)
    at Console.log (/Users/tcjr/Library/pnpm/global/5/.pnpm/winston@3.11.0/node_modules/winston/lib/winston/transports/console.js:79:23)
    at Console._write (/Users/tcjr/Library/pnpm/global/5/.pnpm/winston-transport@4.6.0/node_modules/winston-transport/index.js:103:17)
    at doWrite (/Users/tcjr/Library/pnpm/global/5/.pnpm/readable-stream@3.6.2/node_modules/readable-stream/lib/_stream_writable.js:390:139)
[error] 
[error] Error: An unexpected error has occurred.
[debug] [2026-02-22T03:22:36.396Z] Error: write EPIPE
    at afterWriteDispatched (node:internal/stream_base_commons:159:15)
    at writeGeneric (node:internal/stream_base_commons:150:3)
    at Socket._writeGeneric (node:net:966:11)
    at Socket._write (node:net:978:8)
    at writeOrBuffer (node:internal/streams/writable:572:12)
    at _write (node:internal/streams/writable:501:10)
    at Writable.write (node:internal/streams/writable:510:10)
    at Console.log (/Users/tcjr/Library/pnpm/global/5/.pnpm/winston@3.11.0/node_modules/winston/lib/winston/transports/console.js:79:23)
    at Console._write (/Users/tcjr/Library/pnpm/global/5/.pnpm/winston-transport@4.6.0/node_modules/winston-transport/index.js:103:17)
    at doWrite (/Users/tcjr/Library/pnpm/global/5/.pnpm/readable-stream@3.6.2/node_modules/readable-stream/lib/_stream_writable.js:390:139)
[error] 
[error] Error: An unexpected error has occurred.
[debug] [2026-02-22T03:22:36.396Z] Error: write EPIPE
    at afterWriteDispatched (node:internal/stream_base_commons:159:15)
    at writeGeneric (node:internal/stream_base_commons:150:3)
    at Socket._writeGeneric (node:net:966:11)
    at Socket._write (node:net:978:8)
    at writeOrBuffer (node:internal/streams/writable:572:12)
    at _write (node:internal/streams/writable:501:10)
    at Writable.write (node:internal/streams/writable:510:10)
    at Console.log (/Users/tcjr/Library/pnpm/global/5/.pnpm/winston@3.11.0/node_modules/winston/lib/winston/transports/console.js:79:23)
    at Console._write (/Users/tcjr/Library/pnpm/global/5/.pnpm/winston-transport@4.6.0/node_modules/winston-transport/index.js:103:17)
    at doWrite (/Users/tcjr/Library/pnpm/global/5/.pnpm/readable-stream@3.6.2/node_modules/readable-stream/lib/_stream_writable.js:390:139)
[error] 
[error] Error: An unexpected error has occurred.
[debug] [2026-02-22T03:22:36.396Z] Error: write EPIPE
    at afterWriteDispatched (node:internal/stream_base_commons:159:15)
    at writeGeneric (node:internal/stream_base_commons:150:3)
    at Socket._writeGeneric (node:net:966:11)
    at Socket._write (node:net:978:8)
    at writeOrBuffer (node:internal/streams/writable:572:12)
    at _write (node:internal/streams/writable:501:10)
    at Writable.write (node:internal/streams/writable:510:10)
    at Console.log (/Users/tcjr/Library/pnpm/global/5/.pnpm/winston@3.11.0/node_modules/winston/lib/winston/transports/console.js:79:23)
    at Console._write (/Users/tcjr/Library/pnpm/global/5/.pnpm/winston-transport@4.6.0/node_modules/winston-transport/index.js:103:17)
    at doWrite (/Users/tcjr/Library/pnpm/global/5/.pnpm/readable-stream@3.6.2/node_modules/readable-stream/lib/_stream_writable.js:390:139)
[error] 
[error] Error: An unexpected error has occurred.
[debug] [2026-02-22T03:22:36.397Z] Error: write EPIPE
    at afterWriteDispatched (node:internal/stream_base_commons:159:15)
    at writeGeneric (node:internal/stream_base_commons:150:3)
    at Socket._writeGeneric (node:net:966:11)
    at Socket._write (node:net:978:8)
    at writeOrBuffer (node:internal/streams/writable:572:12)
    at _write (node:internal/streams/writable:501:10)
    at Writable.write (node:internal/streams/writable:510:10)
    at Console.log (/Users/tcjr/Library/pnpm/global/5/.pnpm/winston@3.11.0/node_modules/winston/lib/winston/transports/console.js:79:23)
    at Console._write (/Users/tcjr/Library/pnpm/global/5/.pnpm/winston-transport@4.6.0/node_modules/winston-transport/index.js:103:17)
    at doWrite (/Users/tcjr/Library/pnpm/global/5/.pnpm/readable-stream@3.6.2/node_modules/readable-stream/lib/_stream_writable.js:390:139)
[error] 
[error] Error: An unexpected error has occurred.
[debug] [2026-02-22T03:22:36.397Z] Error: write EPIPE
    at afterWriteDispatched (node:internal/stream_base_commons:159:15)
    at writeGeneric (node:internal/stream_base_commons:150:3)
    at Socket._writeGeneric (node:net:966:11)
    at Socket._write (node:net:978:8)
    at writeOrBuffer (node:internal/streams/writable:572:12)
    at _write (node:internal/streams/writable:501:10)
    at Writable.write (node:internal/streams/writable:510:10)
    at Console.log (/Users/tcjr/Library/pnpm/global/5/.pnpm/winston@3.11.0/node_modules/winston/lib/winston/transports/console.js:79:23)
    at Console._write (/Users/tcjr/Library/pnpm/global/5/.pnpm/winston-transport@4.6.0/node_modules/winston-transport/index.js:103:17)
    at doWrite (/Users/tcjr/Library/pnpm/global/5/.pnpm/readable-stream@3.6.2/node_modules/readable-stream/lib/_stream_writable.js:390:139)
[error] 
[error] Error: An unexpected error has occurred.
[debug] [2026-02-22T03:22:36.397Z] Error: write EPIPE
    at afterWriteDispatched (node:internal/stream_base_commons:159:15)
    at writeGeneric (node:internal/stream_base_commons:150:3)
    at Socket._writeGeneric (node:net:966:11)
    at Socket._write (node:net:978:8)
    at writeOrBuffer (node:internal/streams/writable:572:12)
    at _write (node:internal/streams/writable:501:10)
    at Writable.write (node:internal/streams/writable:510:10)
    at Console.log (/Users/tcjr/Library/pnpm/global/5/.pnpm/winston@3.11.0/node_modules/winston/lib/winston/transports/console.js:79:23)
    at Console._write (/Users/tcjr/Library/pnpm/global/5/.pnpm/winston-transport@4.6.0/node_modules/winston-transport/index.js:103:17)
    at doWrite (/Users/tcjr/Library/pnpm/global/5/.pnpm/readable-stream@3.6.2/node_modules/readable-stream/lib/_stream_writable.js:390:139)
[error] 
[error] Error: An unexpected error has occurred.
[debug] [2026-02-22T03:22:36.397Z] Error: write EPIPE
    at afterWriteDispatched (node:internal/stream_base_commons:159:15)
    at writeGeneric (node:internal/stream_base_commons:150:3)
    at Socket._writeGeneric (node:net:966:11)
    at Socket._write (node:net:978:8)
    at writeOrBuffer (node:internal/streams/writable:572:12)
    at _write (node:internal/streams/writable:501:10)
    at Writable.write (node:internal/streams/writable:510:10)
    at Console.log (/Users/tcjr/Library/pnpm/global/5/.pnpm/winston@3.11.0/node_modules/winston/lib/winston/transports/console.js:79:23)
    at Console._write (/Users/tcjr/Library/pnpm/global/5/.pnpm/winston-transport@4.6.0/node_modules/winston-transport/index.js:103:17)
    at doWrite (/Users/tcjr/Library/pnpm/global/5/.pnpm/readable-stream@3.6.2/node_modules/readable-stream/lib/_stream_writable.js:390:139)
[error] 
[error] Error: An unexpected error has occurred.
[debug] [2026-02-22T03:22:36.397Z] Error: write EPIPE
    at afterWriteDispatched (node:internal/stream_base_commons:159:15)
    at writeGeneric (node:internal/stream_base_commons:150:3)
    at Socket._writeGeneric (node:net:966:11)
    at Socket._write (node:net:978:8)
    at writeOrBuffer (node:internal/streams/writable:572:12)
    at _write (node:internal/streams/writable:501:10)
    at Writable.write (node:internal/streams/writable:510:10)
    at Console.log (/Users/tcjr/Library/pnpm/global/5/.pnpm/winston@3.11.0/node_modules/winston/lib/winston/transports/console.js:79:23)
    at Console._write (/Users/tcjr/Library/pnpm/global/5/.pnpm/winston-transport@4.6.0/node_modules/winston-transport/index.js:103:17)
    at doWrite (/Users/tcjr/Library/pnpm/global/5/.pnpm/readable-stream@3.6.2/node_modules/readable-stream/lib/_stream_writable.js:390:139)
[error] 
[error] Error: An unexpected error has occurred.
[debug] [2026-02-22T03:22:36.397Z] Error: write EPIPE
    at afterWriteDispatched (node:internal/stream_base_commons:159:15)
    at writeGeneric (node:internal/stream_base_commons:150:3)
    at Socket._writeGeneric (node:net:966:11)
    at Socket._write (node:net:978:8)
    at writeOrBuffer (node:internal/streams/writable:572:12)
    at _write (node:internal/streams/writable:501:10)
    at Writable.write (node:internal/streams/writable:510:10)
    at Console.log (/Users/tcjr/Library/pnpm/global/5/.pnpm/winston@3.11.0/node_modules/winston/lib/winston/transports/console.js:79:23)
    at Console._write (/Users/tcjr/Library/pnpm/global/5/.pnpm/winston-transport@4.6.0/node_modules/winston-transport/index.js:103:17)
    at doWrite (/Users/tcjr/Library/pnpm/global/5/.pnpm/readable-stream@3.6.2/node_modules/readable-stream/lib/_stream_writable.js:390:139)
[error] 
[error] Error: An unexpected error has occurred.
[debug] [2026-02-22T03:22:36.397Z] Error: write EPIPE
    at afterWriteDispatched (node:internal/stream_base_commons:159:15)
    at writeGeneric (node:internal/stream_base_commons:150:3)
    at Socket._writeGeneric (node:net:966:11)
    at Socket._write (node:net:978:8)
    at writeOrBuffer (node:internal/streams/writable:572:12)
    at _write (node:internal/streams/writable:501:10)
    at Writable.write (node:internal/streams/writable:510:10)
    at Console.log (/Users/tcjr/Library/pnpm/global/5/.pnpm/winston@3.11.0/node_modules/winston/lib/winston/transports/console.js:79:23)
    at Console._write (/Users/tcjr/Library/pnpm/global/5/.pnpm/winston-transport@4.6.0/node_modules/winston-transport/index.js:103:17)
    at doWrite (/Users/tcjr/Library/pnpm/global/5/.pnpm/readable-stream@3.6.2/node_modules/readable-stream/lib/_stream_writable.js:390:139)
[error] 
[error] Error: An unexpected error has occurred.
[debug] [2026-02-22T03:22:36.398Z] Error: write EPIPE
    at afterWriteDispatched (node:internal/stream_base_commons:159:15)
    at writeGeneric (node:internal/stream_base_commons:150:3)
    at Socket._writeGeneric (node:net:966:11)
    at Socket._write (node:net:978:8)
    at writeOrBuffer (node:internal/streams/writable:572:12)
    at _write (node:internal/streams/writable:501:10)
    at Writable.write (node:internal/streams/writable:510:10)
    at Console.log (/Users/tcjr/Library/pnpm/global/5/.pnpm/winston@3.11.0/node_modules/winston/lib/winston/transports/console.js:79:23)
    at Console._write (/Users/tcjr/Library/pnpm/global/5/.pnpm/winston-transport@4.6.0/node_modules/winston-transport/index.js:103:17)
    at doWrite (/Users/tcjr/Library/pnpm/global/5/.pnpm/readable-stream@3.6.2/node_modules/readable-stream/lib/_stream_writable.js:390:139)
[error] 
[error] Error: An unexpected error has occurred.
[debug] [2026-02-22T03:22:36.398Z] Error: write EPIPE
    at afterWriteDispatched (node:internal/stream_base_commons:159:15)
    at writeGeneric (node:internal/stream_base_commons:150:3)
    at Socket._writeGeneric (node:net:966:11)
    at Socket._write (node:net:978:8)
    at writeOrBuffer (node:internal/streams/writable:572:12)
    at _write (node:internal/streams/writable:501:10)
    at Writable.write (node:internal/streams/writable:510:10)
    at Console.log (/Users/tcjr/Library/pnpm/global/5/.pnpm/winston@3.11.0/node_modules/winston/lib/winston/transports/console.js:79:23)
    at Console._write (/Users/tcjr/Library/pnpm/global/5/.pnpm/winston-transport@4.6.0/node_modules/winston-transport/index.js:103:17)
    at doWrite (/Users/tcjr/Library/pnpm/global/5/.pnpm/readable-stream@3.6.2/node_modules/readable-stream/lib/_stream_writable.js:390:139)
[error] 
[error] Error: An unexpected error has occurred.
[debug] [2026-02-22T03:22:36.398Z] Error: write EPIPE
    at afterWriteDispatched (node:internal/stream_base_commons:159:15)
    at writeGeneric (node:internal/stream_base_commons:150:3)
    at Socket._writeGeneric (node:net:966:11)
    at Socket._write (node:net:978:8)
    at writeOrBuffer (node:internal/streams/writable:572:12)
    at _write (node:internal/streams/writable:501:10)
    at Writable.write (node:internal/streams/writable:510:10)
    at Console.log (/Users/tcjr/Library/pnpm/global/5/.pnpm/winston@3.11.0/node_modules/winston/lib/winston/transports/console.js:79:23)
    at Console._write (/Users/tcjr/Library/pnpm/global/5/.pnpm/winston-transport@4.6.0/node_modules/winston-transport/index.js:103:17)
    at doWrite (/Users/tcjr/Library/pnpm/global/5/.pnpm/readable-stream@3.6.2/node_modules/readable-stream/lib/_stream_writable.js:390:139)
[error] 
[error] Error: An unexpected error has occurred.
[debug] [2026-02-22T03:22:36.398Z] Error: write EPIPE
    at afterWriteDispatched (node:internal/stream_base_commons:159:15)
    at writeGeneric (node:internal/stream_base_commons:150:3)
    at Socket._writeGeneric (node:net:966:11)
    at Socket._write (node:net:978:8)
    at writeOrBuffer (node:internal/streams/writable:572:12)
    at _write (node:internal/streams/writable:501:10)
    at Writable.write (node:internal/streams/writable:510:10)
    at Console.log (/Users/tcjr/Library/pnpm/global/5/.pnpm/winston@3.11.0/node_modules/winston/lib/winston/transports/console.js:79:23)
    at Console._write (/Users/tcjr/Library/pnpm/global/5/.pnpm/winston-transport@4.6.0/node_modules/winston-transport/index.js:103:17)
    at doWrite (/Users/tcjr/Library/pnpm/global/5/.pnpm/readable-stream@3.6.2/node_modules/readable-stream/lib/_stream_writable.js:390:139)
[error] 
[error] Error: An unexpected error has occurred.
[debug] [2026-02-22T03:22:36.398Z] Error: write EPIPE
    at afterWriteDispatched (node:internal/stream_base_commons:159:15)
    at writeGeneric (node:internal/stream_base_commons:150:3)
    at Socket._writeGeneric (node:net:966:11)
    at Socket._write (node:net:978:8)
    at writeOrBuffer (node:internal/streams/writable:572:12)
    at _write (node:internal/streams/writable:501:10)
    at Writable.write (node:internal/streams/writable:510:10)
    at Console.log (/Users/tcjr/Library/pnpm/global/5/.pnpm/winston@3.11.0/node_modules/winston/lib/winston/transports/console.js:79:23)
    at Console._write (/Users/tcjr/Library/pnpm/global/5/.pnpm/winston-transport@4.6.0/node_modules/winston-transport/index.js:103:17)
    at doWrite (/Users/tcjr/Library/pnpm/global/5/.pnpm/readable-stream@3.6.2/node_modules/readable-stream/lib/_stream_writable.js:390:139)
[error] 
[error] Error: An unexpected error has occurred.
[debug] [2026-02-22T03:22:36.398Z] Error: write EPIPE
    at afterWriteDispatched (node:internal/stream_base_commons:159:15)
    at writeGeneric (node:internal/stream_base_commons:150:3)
    at Socket._writeGeneric (node:net:966:11)
    at Socket._write (node:net:978:8)
    at writeOrBuffer (node:internal/streams/writable:572:12)
    at _write (node:internal/streams/writable:501:10)
    at Writable.write (node:internal/streams/writable:510:10)
    at Console.log (/Users/tcjr/Library/pnpm/global/5/.pnpm/winston@3.11.0/node_modules/winston/lib/winston/transports/console.js:79:23)
    at Console._write (/Users/tcjr/Library/pnpm/global/5/.pnpm/winston-transport@4.6.0/node_modules/winston-transport/index.js:103:17)
    at doWrite (/Users/tcjr/Library/pnpm/global/5/.pnpm/readable-stream@3.6.2/node_modules/readable-stream/lib/_stream_writable.js:390:139)
[error] 
[error] Error: An unexpected error has occurred.
[debug] [2026-02-22T03:22:36.398Z] Error: write EPIPE
    at afterWriteDispatched (node:internal/stream_base_commons:159:15)
    at writeGeneric (node:internal/stream_base_commons:150:3)
    at Socket._writeGeneric (node:net:966:11)
    at Socket._write (node:net:978:8)
    at writeOrBuffer (node:internal/streams/writable:572:12)
    at _write (node:internal/streams/writable:501:10)
    at Writable.write (node:internal/streams/writable:510:10)
    at Console.log (/Users/tcjr/Library/pnpm/global/5/.pnpm/winston@3.11.0/node_modules/winston/lib/winston/transports/console.js:79:23)
    at Console._write (/Users/tcjr/Library/pnpm/global/5/.pnpm/winston-transport@4.6.0/node_modules/winston-transport/index.js:103:17)
    at doWrite (/Users/tcjr/Library/pnpm/global/5/.pnpm/readable-stream@3.6.2/node_modules/readable-stream/lib/_stream_writable.js:390:139)
[error] 
[error] Error: An unexpected error has occurred.
[debug] [2026-02-22T03:22:36.399Z] Error: write EPIPE
    at afterWriteDispatched (node:internal/stream_base_commons:159:15)
    at writeGeneric (node:internal/stream_base_commons:150:3)
    at Socket._writeGeneric (node:net:966:11)
    at Socket._write (node:net:978:8)
    at writeOrBuffer (node:internal/streams/writable:572:12)
    at _write (node:internal/streams/writable:501:10)
    at Writable.write (node:internal/streams/writable:510:10)
    at Console.log (/Users/tcjr/Library/pnpm/global/5/.pnpm/winston@3.11.0/node_modules/winston/lib/winston/transports/console.js:79:23)
    at Console._write (/Users/tcjr/Library/pnpm/global/5/.pnpm/winston-transport@4.6.0/node_modules/winston-transport/index.js:103:17)
    at doWrite (/Users/tcjr/Library/pnpm/global/5/.pnpm/readable-stream@3.6.2/node_modules/readable-stream/lib/_stream_writable.js:390:139)
[error] 
[error] Error: An unexpected error has occurred.
[debug] [2026-02-22T03:22:36.399Z] Error: write EPIPE
    at afterWriteDispatched (node:internal/stream_base_commons:159:15)
    at writeGeneric (node:internal/stream_base_commons:150:3)
    at Socket._writeGeneric (node:net:966:11)
    at Socket._write (node:net:978:8)
    at writeOrBuffer (node:internal/streams/writable:572:12)
    at _write (node:internal/streams/writable:501:10)
    at Writable.write (node:internal/streams/writable:510:10)
    at Console.log (/Users/tcjr/Library/pnpm/global/5/.pnpm/winston@3.11.0/node_modules/winston/lib/winston/transports/console.js:79:23)
    at Console._write (/Users/tcjr/Library/pnpm/global/5/.pnpm/winston-transport@4.6.0/node_modules/winston-transport/index.js:103:17)
    at doWrite (/Users/tcjr/Library/pnpm/global/5/.pnpm/readable-stream@3.6.2/node_modules/readable-stream/lib/_stream_writable.js:390:139)
[error] 
[error] Error: An unexpected error has occurred.
[debug] [2026-02-22T03:22:36.399Z] Error: write EPIPE
    at afterWriteDispatched (node:internal/stream_base_commons:159:15)
    at writeGeneric (node:internal/stream_base_commons:150:3)
    at Socket._writeGeneric (node:net:966:11)
    at Socket._write (node:net:978:8)
    at writeOrBuffer (node:internal/streams/writable:572:12)
    at _write (node:internal/streams/writable:501:10)
    at Writable.write (node:internal/streams/writable:510:10)
    at Console.log (/Users/tcjr/Library/pnpm/global/5/.pnpm/winston@3.11.0/node_modules/winston/lib/winston/transports/console.js:79:23)
    at Console._write (/Users/tcjr/Library/pnpm/global/5/.pnpm/winston-transport@4.6.0/node_modules/winston-transport/index.js:103:17)
    at doWrite (/Users/tcjr/Library/pnpm/global/5/.pnpm/readable-stream@3.6.2/node_modules/readable-stream/lib/_stream_writable.js:390:139)
[error] 
[error] Error: An unexpected error has occurred.
[debug] [2026-02-22T03:22:36.399Z] Error: write EPIPE
    at afterWriteDispatched (node:internal/stream_base_commons:159:15)
    at writeGeneric (node:internal/stream_base_commons:150:3)
    at Socket._writeGeneric (node:net:966:11)
    at Socket._write (node:net:978:8)
    at writeOrBuffer (node:internal/streams/writable:572:12)
    at _write (node:internal/streams/writable:501:10)
    at Writable.write (node:internal/streams/writable:510:10)
    at Console.log (/Users/tcjr/Library/pnpm/global/5/.pnpm/winston@3.11.0/node_modules/winston/lib/winston/transports/console.js:79:23)
    at Console._write (/Users/tcjr/Library/pnpm/global/5/.pnpm/winston-transport@4.6.0/node_modules/winston-transport/index.js:103:17)
    at doWrite (/Users/tcjr/Library/pnpm/global/5/.pnpm/readable-stream@3.6.2/node_modules/readable-stream/lib/_stream_writable.js:390:139)
[error] 
[error] Error: An unexpected error has occurred.
[debug] [2026-02-22T03:22:36.399Z] Error: write EPIPE
    at afterWriteDispatched (node:internal/stream_base_commons:159:15)
    at writeGeneric (node:internal/stream_base_commons:150:3)
    at Socket._writeGeneric (node:net:966:11)
    at Socket._write (node:net:978:8)
    at writeOrBuffer (node:internal/streams/writable:572:12)
    at _write (node:internal/streams/writable:501:10)
    at Writable.write (node:internal/streams/writable:510:10)
    at Console.log (/Users/tcjr/Library/pnpm/global/5/.pnpm/winston@3.11.0/node_modules/winston/lib/winston/transports/console.js:79:23)
    at Console._write (/Users/tcjr/Library/pnpm/global/5/.pnpm/winston-transport@4.6.0/node_modules/winston-transport/index.js:103:17)
    at doWrite (/Users/tcjr/Library/pnpm/global/5/.pnpm/readable-stream@3.6.2/node_modules/readable-stream/lib/_stream_writable.js:390:139)
[error] 
[error] Error: An unexpected error has occurred.
[debug] [2026-02-22T03:22:36.399Z] Error: write EPIPE
    at afterWriteDispatched (node:internal/stream_base_commons:159:15)
    at writeGeneric (node:internal/stream_base_commons:150:3)
    at Socket._writeGeneric (node:net:966:11)
    at Socket._write (node:net:978:8)
    at writeOrBuffer (node:internal/streams/writable:572:12)
    at _write (node:internal/streams/writable:501:10)
    at Writable.write (node:internal/streams/writable:510:10)
    at Console.log (/Users/tcjr/Library/pnpm/global/5/.pnpm/winston@3.11.0/node_modules/winston/lib/winston/transports/console.js:79:23)
    at Console._write (/Users/tcjr/Library/pnpm/global/5/.pnpm/winston-transport@4.6.0/node_modules/winston-transport/index.js:103:17)
    at doWrite (/Users/tcjr/Library/pnpm/global/5/.pnpm/readable-stream@3.6.2/node_modules/readable-stream/lib/_stream_writable.js:390:139)
[error] 
[error] Error: An unexpected error has occurred.
[debug] [2026-02-22T03:22:36.400Z] Error: write EPIPE
    at afterWriteDispatched (node:internal/stream_base_commons:159:15)
    at writeGeneric (node:internal/stream_base_commons:150:3)
    at Socket._writeGeneric (node:net:966:11)
    at Socket._write (node:net:978:8)
    at writeOrBuffer (node:internal/streams/writable:572:12)
    at _write (node:internal/streams/writable:501:10)
    at Writable.write (node:internal/streams/writable:510:10)
    at Console.log (/Users/tcjr/Library/pnpm/global/5/.pnpm/winston@3.11.0/node_modules/winston/lib/winston/transports/console.js:79:23)
    at Console._write (/Users/tcjr/Library/pnpm/global/5/.pnpm/winston-transport@4.6.0/node_modules/winston-transport/index.js:103:17)
    at doWrite (/Users/tcjr/Library/pnpm/global/5/.pnpm/readable-stream@3.6.2/node_modules/readable-stream/lib/_stream_writable.js:390:139)
[error] 
[error] Error: An unexpected error has occurred.
[debug] [2026-02-22T03:22:36.400Z] Error: write EPIPE
    at afterWriteDispatched (node:internal/stream_base_commons:159:15)
    at writeGeneric (node:internal/stream_base_commons:150:3)
    at Socket._writeGeneric (node:net:966:11)
    at Socket._write (node:net:978:8)
    at writeOrBuffer (node:internal/streams/writable:572:12)
    at _write (node:internal/streams/writable:501:10)
    at Writable.write (node:internal/streams/writable:510:10)
    at Console.log (/Users/tcjr/Library/pnpm/global/5/.pnpm/winston@3.11.0/node_modules/winston/lib/winston/transports/console.js:79:23)
    at Console._write (/Users/tcjr/Library/pnpm/global/5/.pnpm/winston-transport@4.6.0/node_modules/winston-transport/index.js:103:17)
    at doWrite (/Users/tcjr/Library/pnpm/global/5/.pnpm/readable-stream@3.6.2/node_modules/readable-stream/lib/_stream_writable.js:390:139)
[error] 
[error] Error: An unexpected error has occurred.
[debug] [2026-02-22T03:22:36.400Z] Error: write EPIPE
    at afterWriteDispatched (node:internal/stream_base_commons:159:15)
    at writeGeneric (node:internal/stream_base_commons:150:3)
    at Socket._writeGeneric (node:net:966:11)
    at Socket._write (node:net:978:8)
    at writeOrBuffer (node:internal/streams/writable:572:12)
    at _write (node:internal/streams/writable:501:10)
    at Writable.write (node:internal/streams/writable:510:10)
    at Console.log (/Users/tcjr/Library/pnpm/global/5/.pnpm/winston@3.11.0/node_modules/winston/lib/winston/transports/console.js:79:23)
    at Console._write (/Users/tcjr/Library/pnpm/global/5/.pnpm/winston-transport@4.6.0/node_modules/winston-transport/index.js:103:17)
    at doWrite (/Users/tcjr/Library/pnpm/global/5/.pnpm/readable-stream@3.6.2/node_modules/readable-stream/lib/_stream_writable.js:390:139)
[error] 
[error] Error: An unexpected error has occurred.
[debug] [2026-02-22T03:22:36.401Z] Error: write EPIPE
    at afterWriteDispatched (node:internal/stream_base_commons:159:15)
    at writeGeneric (node:internal/stream_base_commons:150:3)
    at Socket._writeGeneric (node:net:966:11)
    at Socket._write (node:net:978:8)
    at writeOrBuffer (node:internal/streams/writable:572:12)
    at _write (node:internal/streams/writable:501:10)
    at Writable.write (node:internal/streams/writable:510:10)
    at Console.log (/Users/tcjr/Library/pnpm/global/5/.pnpm/winston@3.11.0/node_modules/winston/lib/winston/transports/console.js:79:23)
    at Console._write (/Users/tcjr/Library/pnpm/global/5/.pnpm/winston-transport@4.6.0/node_modules/winston-transport/index.js:103:17)
    at doWrite (/Users/tcjr/Library/pnpm/global/5/.pnpm/readable-stream@3.6.2/node_modules/readable-stream/lib/_stream_writable.js:390:139)
[error] 
[error] Error: An unexpected error has occurred.
[debug] [2026-02-22T03:22:36.401Z] Error: write EPIPE
    at afterWriteDispatched (node:internal/stream_base_commons:159:15)
    at writeGeneric (node:internal/stream_base_commons:150:3)
    at Socket._writeGeneric (node:net:966:11)
    at Socket._write (node:net:978:8)
    at writeOrBuffer (node:internal/streams/writable:572:12)
    at _write (node:internal/streams/writable:501:10)
    at Writable.write (node:internal/streams/writable:510:10)
    at Console.log (/Users/tcjr/Library/pnpm/global/5/.pnpm/winston@3.11.0/node_modules/winston/lib/winston/transports/console.js:79:23)
    at Console._write (/Users/tcjr/Library/pnpm/global/5/.pnpm/winston-transport@4.6.0/node_modules/winston-transport/index.js:103:17)
    at doWrite (/Users/tcjr/Library/pnpm/global/5/.pnpm/readable-stream@3.6.2/node_modules/readable-stream/lib/_stream_writable.js:390:139)
[error] 
[error] Error: An unexpected error has occurred.
[debug] [2026-02-22T03:22:36.401Z] Error: write EPIPE
    at afterWriteDispatched (node:internal/stream_base_commons:159:15)
    at writeGeneric (node:internal/stream_base_commons:150:3)
    at Socket._writeGeneric (node:net:966:11)
    at Socket._write (node:net:978:8)
    at writeOrBuffer (node:internal/streams/writable:572:12)
    at _write (node:internal/streams/writable:501:10)
    at Writable.write (node:internal/streams/writable:510:10)
    at Console.log (/Users/tcjr/Library/pnpm/global/5/.pnpm/winston@3.11.0/node_modules/winston/lib/winston/transports/console.js:79:23)
    at Console._write (/Users/tcjr/Library/pnpm/global/5/.pnpm/winston-transport@4.6.0/node_modules/winston-transport/index.js:103:17)
    at doWrite (/Users/tcjr/Library/pnpm/global/5/.pnpm/readable-stream@3.6.2/node_modules/readable-stream/lib/_stream_writable.js:390:139)
[error] 
[error] Error: An unexpected error has occurred.
[debug] [2026-02-22T03:22:36.401Z] Error: write EPIPE
    at afterWriteDispatched (node:internal/stream_base_commons:159:15)
    at writeGeneric (node:internal/stream_base_commons:150:3)
    at Socket._writeGeneric (node:net:966:11)
    at Socket._write (node:net:978:8)
    at writeOrBuffer (node:internal/streams/writable:572:12)
    at _write (node:internal/streams/writable:501:10)
    at Writable.write (node:internal/streams/writable:510:10)
    at Console.log (/Users/tcjr/Library/pnpm/global/5/.pnpm/winston@3.11.0/node_modules/winston/lib/winston/transports/console.js:79:23)
    at Console._write (/Users/tcjr/Library/pnpm/global/5/.pnpm/winston-transport@4.6.0/node_modules/winston-transport/index.js:103:17)
    at doWrite (/Users/tcjr/Library/pnpm/global/5/.pnpm/readable-stream@3.6.2/node_modules/readable-stream/lib/_stream_writable.js:390:139)
[error] 
[error] Error: An unexpected error has occurred.
[debug] [2026-02-22T03:22:36.401Z] Error: write EPIPE
    at afterWriteDispatched (node:internal/stream_base_commons:159:15)
    at writeGeneric (node:internal/stream_base_commons:150:3)
    at Socket._writeGeneric (node:net:966:11)
    at Socket._write (node:net:978:8)
    at writeOrBuffer (node:internal/streams/writable:572:12)
    at _write (node:internal/streams/writable:501:10)
    at Writable.write (node:internal/streams/writable:510:10)
    at Console.log (/Users/tcjr/Library/pnpm/global/5/.pnpm/winston@3.11.0/node_modules/winston/lib/winston/transports/console.js:79:23)
    at Console._write (/Users/tcjr/Library/pnpm/global/5/.pnpm/winston-transport@4.6.0/node_modules/winston-transport/index.js:103:17)
    at doWrite (/Users/tcjr/Library/pnpm/global/5/.pnpm/readable-stream@3.6.2/node_modules/readable-stream/lib/_stream_writable.js:390:139)
[error] 
[error] Error: An unexpected error has occurred.
[debug] [2026-02-22T03:22:36.401Z] Error: write EPIPE
    at afterWriteDispatched (node:internal/stream_base_commons:159:15)
    at writeGeneric (node:internal/stream_base_commons:150:3)
    at Socket._writeGeneric (node:net:966:11)
    at Socket._write (node:net:978:8)
    at writeOrBuffer (node:internal/streams/writable:572:12)
    at _write (node:internal/streams/writable:501:10)
    at Writable.write (node:internal/streams/writable:510:10)
    at Console.log (/Users/tcjr/Library/pnpm/global/5/.pnpm/winston@3.11.0/node_modules/winston/lib/winston/transports/console.js:79:23)
    at Console._write (/Users/tcjr/Library/pnpm/global/5/.pnpm/winston-transport@4.6.0/node_modules/winston-transport/index.js:103:17)
    at doWrite (/Users/tcjr/Library/pnpm/global/5/.pnpm/readable-stream@3.6.2/node_modules/readable-stream/lib/_stream_writable.js:390:139)
[error] 
[error] Error: An unexpected error has occurred.
[debug] [2026-02-22T03:22:36.402Z] Error: write EPIPE
    at afterWriteDispatched (node:internal/stream_base_commons:159:15)
    at writeGeneric (node:internal/stream_base_commons:150:3)
    at Socket._writeGeneric (node:net:966:11)
    at Socket._write (node:net:978:8)
    at writeOrBuffer (node:internal/streams/writable:572:12)
    at _write (node:internal/streams/writable:501:10)
    at Writable.write (node:internal/streams/writable:510:10)
    at Console.log (/Users/tcjr/Library/pnpm/global/5/.pnpm/winston@3.11.0/node_modules/winston/lib/winston/transports/console.js:79:23)
    at Console._write (/Users/tcjr/Library/pnpm/global/5/.pnpm/winston-transport@4.6.0/node_modules/winston-transport/index.js:103:17)
    at doWrite (/Users/tcjr/Library/pnpm/global/5/.pnpm/readable-stream@3.6.2/node_modules/readable-stream/lib/_stream_writable.js:390:139)
[error] 
[error] Error: An unexpected error has occurred.
[debug] [2026-02-22T03:22:36.402Z] Error: write EPIPE
    at afterWriteDispatched (node:internal/stream_base_commons:159:15)
    at writeGeneric (node:internal/stream_base_commons:150:3)
    at Socket._writeGeneric (node:net:966:11)
    at Socket._write (node:net:978:8)
    at writeOrBuffer (node:internal/streams/writable:572:12)
    at _write (node:internal/streams/writable:501:10)
    at Writable.write (node:internal/streams/writable:510:10)
    at Console.log (/Users/tcjr/Library/pnpm/global/5/.pnpm/winston@3.11.0/node_modules/winston/lib/winston/transports/console.js:79:23)
    at Console._write (/Users/tcjr/Library/pnpm/global/5/.pnpm/winston-transport@4.6.0/node_modules/winston-transport/index.js:103:17)
    at doWrite (/Users/tcjr/Library/pnpm/global/5/.pnpm/readable-stream@3.6.2/node_modules/readable-stream/lib/_stream_writable.js:390:139)
[error] 
[error] Error: An unexpected error has occurred.
[debug] [2026-02-22T03:22:36.402Z] Error: write EPIPE
    at afterWriteDispatched (node:internal/stream_base_commons:159:15)
    at writeGeneric (node:internal/stream_base_commons:150:3)
    at Socket._writeGeneric (node:net:966:11)
    at Socket._write (node:net:978:8)
    at writeOrBuffer (node:internal/streams/writable:572:12)
    at _write (node:internal/streams/writable:501:10)
    at Writable.write (node:internal/streams/writable:510:10)
    at Console.log (/Users/tcjr/Library/pnpm/global/5/.pnpm/winston@3.11.0/node_modules/winston/lib/winston/transports/console.js:79:23)
    at Console._write (/Users/tcjr/Library/pnpm/global/5/.pnpm/winston-transport@4.6.0/node_modules/winston-transport/index.js:103:17)
    at doWrite (/Users/tcjr/Library/pnpm/global/5/.pnpm/readable-stream@3.6.2/node_modules/readable-stream/lib/_stream_writable.js:390:139)
[error] 
[error] Error: An unexpected error has occurred.
[debug] [2026-02-22T03:22:36.402Z] Error: write EPIPE
    at afterWriteDispatched (node:internal/stream_base_commons:159:15)
    at writeGeneric (node:internal/stream_base_commons:150:3)
    at Socket._writeGeneric (node:net:966:11)
    at Socket._write (node:net:978:8)
    at writeOrBuffer (node:internal/streams/writable:572:12)
    at _write (node:internal/streams/writable:501:10)
    at Writable.write (node:internal/streams/writable:510:10)
    at Console.log (/Users/tcjr/Library/pnpm/global/5/.pnpm/winston@3.11.0/node_modules/winston/lib/winston/transports/console.js:79:23)
    at Console._write (/Users/tcjr/Library/pnpm/global/5/.pnpm/winston-transport@4.6.0/node_modules/winston-transport/index.js:103:17)
    at doWrite (/Users/tcjr/Library/pnpm/global/5/.pnpm/readable-stream@3.6.2/node_modules/readable-stream/lib/_stream_writable.js:390:139)
[error] 
[error] Error: An unexpected error has occurred.
[debug] [2026-02-22T03:22:36.402Z] Error: write EPIPE
    at afterWriteDispatched (node:internal/stream_base_commons:159:15)
    at writeGeneric (node:internal/stream_base_commons:150:3)
    at Socket._writeGeneric (node:net:966:11)
    at Socket._write (node:net:978:8)
    at writeOrBuffer (node:internal/streams/writable:572:12)
    at _write (node:internal/streams/writable:501:10)
    at Writable.write (node:internal/streams/writable:510:10)
    at Console.log (/Users/tcjr/Library/pnpm/global/5/.pnpm/winston@3.11.0/node_modules/winston/lib/winston/transports/console.js:79:23)
    at Console._write (/Users/tcjr/Library/pnpm/global/5/.pnpm/winston-transport@4.6.0/node_modules/winston-transport/index.js:103:17)
    at doWrite (/Users/tcjr/Library/pnpm/global/5/.pnpm/readable-stream@3.6.2/node_modules/readable-stream/lib/_stream_writable.js:390:139)
[error] 
[error] Error: An unexpected error has occurred.
[debug] [2026-02-22T03:22:36.402Z] Error: write EPIPE
    at afterWriteDispatched (node:internal/stream_base_commons:159:15)
    at writeGeneric (node:internal/stream_base_commons:150:3)
    at Socket._writeGeneric (node:net:966:11)
    at Socket._write (node:net:978:8)
    at writeOrBuffer (node:internal/streams/writable:572:12)
    at _write (node:internal/streams/writable:501:10)
    at Writable.write (node:internal/streams/writable:510:10)
    at Console.log (/Users/tcjr/Library/pnpm/global/5/.pnpm/winston@3.11.0/node_modules/winston/lib/winston/transports/console.js:79:23)
    at Console._write (/Users/tcjr/Library/pnpm/global/5/.pnpm/winston-transport@4.6.0/node_modules/winston-transport/index.js:103:17)
    at doWrite (/Users/tcjr/Library/pnpm/global/5/.pnpm/readable-stream@3.6.2/node_modules/readable-stream/lib/_stream_writable.js:390:139)
[error] 
[error] Error: An unexpected error has occurred.
[debug] [2026-02-22T03:22:36.403Z] Error: write EPIPE
    at afterWriteDispatched (node:internal/stream_base_commons:159:15)
    at writeGeneric (node:internal/stream_base_commons:150:3)
    at Socket._writeGeneric (node:net:966:11)
    at Socket._write (node:net:978:8)
    at writeOrBuffer (node:internal/streams/writable:572:12)
    at _write (node:internal/streams/writable:501:10)
    at Writable.write (node:internal/streams/writable:510:10)
    at Console.log (/Users/tcjr/Library/pnpm/global/5/.pnpm/winston@3.11.0/node_modules/winston/lib/winston/transports/console.js:79:23)
    at Console._write (/Users/tcjr/Library/pnpm/global/5/.pnpm/winston-transport@4.6.0/node_modules/winston-transport/index.js:103:17)
    at doWrite (/Users/tcjr/Library/pnpm/global/5/.pnpm/readable-stream@3.6.2/node_modules/readable-stream/lib/_stream_writable.js:390:139)
[error] 
[error] Error: An unexpected error has occurred.
[debug] [2026-02-22T03:22:36.403Z] Error: write EPIPE
    at afterWriteDispatched (node:internal/stream_base_commons:159:15)
    at writeGeneric (node:internal/stream_base_commons:150:3)
    at Socket._writeGeneric (node:net:966:11)
    at Socket._write (node:net:978:8)
    at writeOrBuffer (node:internal/streams/writable:572:12)
    at _write (node:internal/streams/writable:501:10)
    at Writable.write (node:internal/streams/writable:510:10)
    at Console.log (/Users/tcjr/Library/pnpm/global/5/.pnpm/winston@3.11.0/node_modules/winston/lib/winston/transports/console.js:79:23)
    at Console._write (/Users/tcjr/Library/pnpm/global/5/.pnpm/winston-transport@4.6.0/node_modules/winston-transport/index.js:103:17)
    at doWrite (/Users/tcjr/Library/pnpm/global/5/.pnpm/readable-stream@3.6.2/node_modules/readable-stream/lib/_stream_writable.js:390:139)
[error] 
[error] Error: An unexpected error has occurred.
[debug] [2026-02-22T03:22:36.403Z] Error: write EPIPE
    at afterWriteDispatched (node:internal/stream_base_commons:159:15)
    at writeGeneric (node:internal/stream_base_commons:150:3)
    at Socket._writeGeneric (node:net:966:11)
    at Socket._write (node:net:978:8)
    at writeOrBuffer (node:internal/streams/writable:572:12)
    at _write (node:internal/streams/writable:501:10)
    at Writable.write (node:internal/streams/writable:510:10)
    at Console.log (/Users/tcjr/Library/pnpm/global/5/.pnpm/winston@3.11.0/node_modules/winston/lib/winston/transports/console.js:79:23)
    at Console._write (/Users/tcjr/Library/pnpm/global/5/.pnpm/winston-transport@4.6.0/node_modules/winston-transport/index.js:103:17)
    at doWrite (/Users/tcjr/Library/pnpm/global/5/.pnpm/readable-stream@3.6.2/node_modules/readable-stream/lib/_stream_writable.js:390:139)
[error] 
[error] Error: An unexpected error has occurred.
[debug] [2026-02-22T03:22:36.403Z] Error: write EPIPE
    at afterWriteDispatched (node:internal/stream_base_commons:159:15)
    at writeGeneric (node:internal/stream_base_commons:150:3)
    at Socket._writeGeneric (node:net:966:11)
    at Socket._write (node:net:978:8)
    at writeOrBuffer (node:internal/streams/writable:572:12)
    at _write (node:internal/streams/writable:501:10)
    at Writable.write (node:internal/streams/writable:510:10)
    at Console.log (/Users/tcjr/Library/pnpm/global/5/.pnpm/winston@3.11.0/node_modules/winston/lib/winston/transports/console.js:79:23)
    at Console._write (/Users/tcjr/Library/pnpm/global/5/.pnpm/winston-transport@4.6.0/node_modules/winston-transport/index.js:103:17)
    at doWrite (/Users/tcjr/Library/pnpm/global/5/.pnpm/readable-stream@3.6.2/node_modules/readable-stream/lib/_stream_writable.js:390:139)
[error] 
[error] Error: An unexpected error has occurred.
[debug] [2026-02-22T03:22:36.403Z] Error: write EPIPE
    at afterWriteDispatched (node:internal/stream_base_commons:159:15)
    at writeGeneric (node:internal/stream_base_commons:150:3)
    at Socket._writeGeneric (node:net:966:11)
    at Socket._write (node:net:978:8)
    at writeOrBuffer (node:internal/streams/writable:572:12)
    at _write (node:internal/streams/writable:501:10)
    at Writable.write (node:internal/streams/writable:510:10)
    at Console.log (/Users/tcjr/Library/pnpm/global/5/.pnpm/winston@3.11.0/node_modules/winston/lib/winston/transports/console.js:79:23)
    at Console._write (/Users/tcjr/Library/pnpm/global/5/.pnpm/winston-transport@4.6.0/node_modules/winston-transport/index.js:103:17)
    at doWrite (/Users/tcjr/Library/pnpm/global/5/.pnpm/readable-stream@3.6.2/node_modules/readable-stream/lib/_stream_writable.js:390:139)
[error] 
[error] Error: An unexpected error has occurred.
[debug] [2026-02-22T03:22:36.403Z] Error: write EPIPE
    at afterWriteDispatched (node:internal/stream_base_commons:159:15)
    at writeGeneric (node:internal/stream_base_commons:150:3)
    at Socket._writeGeneric (node:net:966:11)
    at Socket._write (node:net:978:8)
    at writeOrBuffer (node:internal/streams/writable:572:12)
    at _write (node:internal/streams/writable:501:10)
    at Writable.write (node:internal/streams/writable:510:10)
    at Console.log (/Users/tcjr/Library/pnpm/global/5/.pnpm/winston@3.11.0/node_modules/winston/lib/winston/transports/console.js:79:23)
    at Console._write (/Users/tcjr/Library/pnpm/global/5/.pnpm/winston-transport@4.6.0/node_modules/winston-transport/index.js:103:17)
    at doWrite (/Users/tcjr/Library/pnpm/global/5/.pnpm/readable-stream@3.6.2/node_modules/readable-stream/lib/_stream_writable.js:390:139)
[error] 
[error] Error: An unexpected error has occurred.
[debug] [2026-02-22T03:22:36.403Z] Error: write EPIPE
    at afterWriteDispatched (node:internal/stream_base_commons:159:15)
    at writeGeneric (node:internal/stream_base_commons:150:3)
    at Socket._writeGeneric (node:net:966:11)
    at Socket._write (node:net:978:8)
    at writeOrBuffer (node:internal/streams/writable:572:12)
    at _write (node:internal/streams/writable:501:10)
    at Writable.write (node:internal/streams/writable:510:10)
    at Console.log (/Users/tcjr/Library/pnpm/global/5/.pnpm/winston@3.11.0/node_modules/winston/lib/winston/transports/console.js:79:23)
    at Console._write (/Users/tcjr/Library/pnpm/global/5/.pnpm/winston-transport@4.6.0/node_modules/winston-transport/index.js:103:17)
    at doWrite (/Users/tcjr/Library/pnpm/global/5/.pnpm/readable-stream@3.6.2/node_modules/readable-stream/lib/_stream_writable.js:390:139)
[error] 
[error] Error: An unexpected error has occurred.
[debug] [2026-02-22T03:22:36.404Z] Error: write EPIPE
    at afterWriteDispatched (node:internal/stream_base_commons:159:15)
    at writeGeneric (node:internal/stream_base_commons:150:3)
    at Socket._writeGeneric (node:net:966:11)
    at Socket._write (node:net:978:8)
    at writeOrBuffer (node:internal/streams/writable:572:12)
    at _write (node:internal/streams/writable:501:10)
    at Writable.write (node:internal/streams/writable:510:10)
    at Console.log (/Users/tcjr/Library/pnpm/global/5/.pnpm/winston@3.11.0/node_modules/winston/lib/winston/transports/console.js:79:23)
    at Console._write (/Users/tcjr/Library/pnpm/global/5/.pnpm/winston-transport@4.6.0/node_modules/winston-transport/index.js:103:17)
    at doWrite (/Users/tcjr/Library/pnpm/global/5/.pnpm/readable-stream@3.6.2/node_modules/readable-stream/lib/_stream_writable.js:390:139)
[error] 
[error] Error: An unexpected error has occurred.
[debug] [2026-02-22T03:22:36.404Z] Error: write EPIPE
    at afterWriteDispatched (node:internal/stream_base_commons:159:15)
    at writeGeneric (node:internal/stream_base_commons:150:3)
    at Socket._writeGeneric (node:net:966:11)
    at Socket._write (node:net:978:8)
    at writeOrBuffer (node:internal/streams/writable:572:12)
    at _write (node:internal/streams/writable:501:10)
    at Writable.write (node:internal/streams/writable:510:10)
    at Console.log (/Users/tcjr/Library/pnpm/global/5/.pnpm/winston@3.11.0/node_modules/winston/lib/winston/transports/console.js:79:23)
    at Console._write (/Users/tcjr/Library/pnpm/global/5/.pnpm/winston-transport@4.6.0/node_modules/winston-transport/index.js:103:17)
    at doWrite (/Users/tcjr/Library/pnpm/global/5/.pnpm/readable-stream@3.6.2/node_modules/readable-stream/lib/_stream_writable.js:390:139)
[error] 
[error] Error: An unexpected error has occurred.
[debug] [2026-02-22T03:22:36.404Z] Error: write EPIPE
    at afterWriteDispatched (node:internal/stream_base_commons:159:15)
    at writeGeneric (node:internal/stream_base_commons:150:3)
    at Socket._writeGeneric (node:net:966:11)
    at Socket._write (node:net:978:8)
    at writeOrBuffer (node:internal/streams/writable:572:12)
    at _write (node:internal/streams/writable:501:10)
    at Writable.write (node:internal/streams/writable:510:10)
    at Console.log (/Users/tcjr/Library/pnpm/global/5/.pnpm/winston@3.11.0/node_modules/winston/lib/winston/transports/console.js:79:23)
    at Console._write (/Users/tcjr/Library/pnpm/global/5/.pnpm/winston-transport@4.6.0/node_modules/winston-transport/index.js:103:17)
    at doWrite (/Users/tcjr/Library/pnpm/global/5/.pnpm/readable-stream@3.6.2/node_modules/readable-stream/lib/_stream_writable.js:390:139)
[error] 
[error] Error: An unexpected error has occurred.
[debug] [2026-02-22T03:22:36.404Z] Error: write EPIPE
    at afterWriteDispatched (node:internal/stream_base_commons:159:15)
    at writeGeneric (node:internal/stream_base_commons:150:3)
    at Socket._writeGeneric (node:net:966:11)
    at Socket._write (node:net:978:8)
    at writeOrBuffer (node:internal/streams/writable:572:12)
    at _write (node:internal/streams/writable:501:10)
    at Writable.write (node:internal/streams/writable:510:10)
    at Console.log (/Users/tcjr/Library/pnpm/global/5/.pnpm/winston@3.11.0/node_modules/winston/lib/winston/transports/console.js:79:23)
    at Console._write (/Users/tcjr/Library/pnpm/global/5/.pnpm/winston-transport@4.6.0/node_modules/winston-transport/index.js:103:17)
    at doWrite (/Users/tcjr/Library/pnpm/global/5/.pnpm/readable-stream@3.6.2/node_modules/readable-stream/lib/_stream_writable.js:390:139)
[error] 
[error] Error: An unexpected error has occurred.
[debug] [2026-02-22T03:22:36.404Z] Error: write EPIPE
    at afterWriteDispatched (node:internal/stream_base_commons:159:15)
    at writeGeneric (node:internal/stream_base_commons:150:3)
    at Socket._writeGeneric (node:net:966:11)
    at Socket._write (node:net:978:8)
    at writeOrBuffer (node:internal/streams/writable:572:12)
    at _write (node:internal/streams/writable:501:10)
    at Writable.write (node:internal/streams/writable:510:10)
    at Console.log (/Users/tcjr/Library/pnpm/global/5/.pnpm/winston@3.11.0/node_modules/winston/lib/winston/transports/console.js:79:23)
    at Console._write (/Users/tcjr/Library/pnpm/global/5/.pnpm/winston-transport@4.6.0/node_modules/winston-transport/index.js:103:17)
    at doWrite (/Users/tcjr/Library/pnpm/global/5/.pnpm/readable-stream@3.6.2/node_modules/readable-stream/lib/_stream_writable.js:390:139)
[error] 
[error] Error: An unexpected error has occurred.
[debug] [2026-02-22T03:22:36.404Z] Error: write EPIPE
    at afterWriteDispatched (node:internal/stream_base_commons:159:15)
    at writeGeneric (node:internal/stream_base_commons:150:3)
    at Socket._writeGeneric (node:net:966:11)
    at Socket._write (node:net:978:8)
    at writeOrBuffer (node:internal/streams/writable:572:12)
    at _write (node:internal/streams/writable:501:10)
    at Writable.write (node:internal/streams/writable:510:10)
    at Console.log (/Users/tcjr/Library/pnpm/global/5/.pnpm/winston@3.11.0/node_modules/winston/lib/winston/transports/console.js:79:23)
    at Console._write (/Users/tcjr/Library/pnpm/global/5/.pnpm/winston-transport@4.6.0/node_modules/winston-transport/index.js:103:17)
    at doWrite (/Users/tcjr/Library/pnpm/global/5/.pnpm/readable-stream@3.6.2/node_modules/readable-stream/lib/_stream_writable.js:390:139)
[error] 
[error] Error: An unexpected error has occurred.
[debug] [2026-02-22T03:22:36.404Z] Error: write EPIPE
    at afterWriteDispatched (node:internal/stream_base_commons:159:15)
    at writeGeneric (node:internal/stream_base_commons:150:3)
    at Socket._writeGeneric (node:net:966:11)
    at Socket._write (node:net:978:8)
    at writeOrBuffer (node:internal/streams/writable:572:12)
    at _write (node:internal/streams/writable:501:10)
    at Writable.write (node:internal/streams/writable:510:10)
    at Console.log (/Users/tcjr/Library/pnpm/global/5/.pnpm/winston@3.11.0/node_modules/winston/lib/winston/transports/console.js:79:23)
    at Console._write (/Users/tcjr/Library/pnpm/global/5/.pnpm/winston-transport@4.6.0/node_modules/winston-transport/index.js:103:17)
    at doWrite (/Users/tcjr/Library/pnpm/global/5/.pnpm/readable-stream@3.6.2/node_modules/readable-stream/lib/_stream_writable.js:390:139)
[error] 
[error] Error: An unexpected error has occurred.
[debug] [2026-02-22T03:22:36.405Z] Error: write EPIPE
    at afterWriteDispatched (node:internal/stream_base_commons:159:15)
    at writeGeneric (node:internal/stream_base_commons:150:3)
    at Socket._writeGeneric (node:net:966:11)
    at Socket._write (node:net:978:8)
    at writeOrBuffer (node:internal/streams/writable:572:12)
    at _write (node:internal/streams/writable:501:10)
    at Writable.write (node:internal/streams/writable:510:10)
    at Console.log (/Users/tcjr/Library/pnpm/global/5/.pnpm/winston@3.11.0/node_modules/winston/lib/winston/transports/console.js:79:23)
    at Console._write (/Users/tcjr/Library/pnpm/global/5/.pnpm/winston-transport@4.6.0/node_modules/winston-transport/index.js:103:17)
    at doWrite (/Users/tcjr/Library/pnpm/global/5/.pnpm/readable-stream@3.6.2/node_modules/readable-stream/lib/_stream_writable.js:390:139)
[error] 
[error] Error: An unexpected error has occurred.
[debug] [2026-02-22T03:22:36.405Z] Error: write EPIPE
    at afterWriteDispatched (node:internal/stream_base_commons:159:15)
    at writeGeneric (node:internal/stream_base_commons:150:3)
    at Socket._writeGeneric (node:net:966:11)
    at Socket._write (node:net:978:8)
    at writeOrBuffer (node:internal/streams/writable:572:12)
    at _write (node:internal/streams/writable:501:10)
    at Writable.write (node:internal/streams/writable:510:10)
    at Console.log (/Users/tcjr/Library/pnpm/global/5/.pnpm/winston@3.11.0/node_modules/winston/lib/winston/transports/console.js:79:23)
    at Console._write (/Users/tcjr/Library/pnpm/global/5/.pnpm/winston-transport@4.6.0/node_modules/winston-transport/index.js:103:17)
    at doWrite (/Users/tcjr/Library/pnpm/global/5/.pnpm/readable-stream@3.6.2/node_modules/readable-stream/lib/_stream_writable.js:390:139)
[error] 
[error] Error: An unexpected error has occurred.
[debug] [2026-02-22T03:22:36.405Z] Error: write EPIPE
    at afterWriteDispatched (node:internal/stream_base_commons:159:15)
    at writeGeneric (node:internal/stream_base_commons:150:3)
    at Socket._writeGeneric (node:net:966:11)
    at Socket._write (node:net:978:8)
    at writeOrBuffer (node:internal/streams/writable:572:12)
    at _write (node:internal/streams/writable:501:10)
    at Writable.write (node:internal/streams/writable:510:10)
    at Console.log (/Users/tcjr/Library/pnpm/global/5/.pnpm/winston@3.11.0/node_modules/winston/lib/winston/transports/console.js:79:23)
    at Console._write (/Users/tcjr/Library/pnpm/global/5/.pnpm/winston-transport@4.6.0/node_modules/winston-transport/index.js:103:17)
    at doWrite (/Users/tcjr/Library/pnpm/global/5/.pnpm/readable-stream@3.6.2/node_modules/readable-stream/lib/_stream_writable.js:390:139)
[error] 
[error] Error: An unexpected error has occurred.
[debug] [2026-02-22T03:22:36.405Z] Error: write EPIPE
    at afterWriteDispatched (node:internal/stream_base_commons:159:15)
    at writeGeneric (node:internal/stream_base_commons:150:3)
    at Socket._writeGeneric (node:net:966:11)
    at Socket._write (node:net:978:8)
    at writeOrBuffer (node:internal/streams/writable:572:12)
    at _write (node:internal/streams/writable:501:10)
    at Writable.write (node:internal/streams/writable:510:10)
    at Console.log (/Users/tcjr/Library/pnpm/global/5/.pnpm/winston@3.11.0/node_modules/winston/lib/winston/transports/console.js:79:23)
    at Console._write (/Users/tcjr/Library/pnpm/global/5/.pnpm/winston-transport@4.6.0/node_modules/winston-transport/index.js:103:17)
    at doWrite (/Users/tcjr/Library/pnpm/global/5/.pnpm/readable-stream@3.6.2/node_modules/readable-stream/lib/_stream_writable.js:390:139)
[error] 
[error] Error: An unexpected error has occurred.
[debug] [2026-02-22T03:22:36.405Z] Error: write EPIPE
    at afterWriteDispatched (node:internal/stream_base_commons:159:15)
    at writeGeneric (node:internal/stream_base_commons:150:3)
    at Socket._writeGeneric (node:net:966:11)
    at Socket._write (node:net:978:8)
    at writeOrBuffer (node:internal/streams/writable:572:12)
    at _write (node:internal/streams/writable:501:10)
    at Writable.write (node:internal/streams/writable:510:10)
    at Console.log (/Users/tcjr/Library/pnpm/global/5/.pnpm/winston@3.11.0/node_modules/winston/lib/winston/transports/console.js:79:23)
    at Console._write (/Users/tcjr/Library/pnpm/global/5/.pnpm/winston-transport@4.6.0/node_modules/winston-transport/index.js:103:17)
    at doWrite (/Users/tcjr/Library/pnpm/global/5/.pnpm/readable-stream@3.6.2/node_modules/readable-stream/lib/_stream_writable.js:390:139)
[error] 
[error] Error: An unexpected error has occurred.
[debug] [2026-02-22T03:22:36.406Z] Error: write EPIPE
    at afterWriteDispatched (node:internal/stream_base_commons:159:15)
    at writeGeneric (node:internal/stream_base_commons:150:3)
    at Socket._writeGeneric (node:net:966:11)
    at Socket._write (node:net:978:8)
    at writeOrBuffer (node:internal/streams/writable:572:12)
    at _write (node:internal/streams/writable:501:10)
    at Writable.write (node:internal/streams/writable:510:10)
    at Console.log (/Users/tcjr/Library/pnpm/global/5/.pnpm/winston@3.11.0/node_modules/winston/lib/winston/transports/console.js:79:23)
    at Console._write (/Users/tcjr/Library/pnpm/global/5/.pnpm/winston-transport@4.6.0/node_modules/winston-transport/index.js:103:17)
    at doWrite (/Users/tcjr/Library/pnpm/global/5/.pnpm/readable-stream@3.6.2/node_modules/readable-stream/lib/_stream_writable.js:390:139)
[error] 
[error] Error: An unexpected error has occurred.
[debug] [2026-02-22T03:22:36.406Z] Error: write EPIPE
    at afterWriteDispatched (node:internal/stream_base_commons:159:15)
    at writeGeneric (node:internal/stream_base_commons:150:3)
    at Socket._writeGeneric (node:net:966:11)
    at Socket._write (node:net:978:8)
    at writeOrBuffer (node:internal/streams/writable:572:12)
    at _write (node:internal/streams/writable:501:10)
    at Writable.write (node:internal/streams/writable:510:10)
    at Console.log (/Users/tcjr/Library/pnpm/global/5/.pnpm/winston@3.11.0/node_modules/winston/lib/winston/transports/console.js:79:23)
    at Console._write (/Users/tcjr/Library/pnpm/global/5/.pnpm/winston-transport@4.6.0/node_modules/winston-transport/index.js:103:17)
    at doWrite (/Users/tcjr/Library/pnpm/global/5/.pnpm/readable-stream@3.6.2/node_modules/readable-stream/lib/_stream_writable.js:390:139)
[error] 
[error] Error: An unexpected error has occurred.
[debug] [2026-02-22T03:22:36.406Z] Error: write EPIPE
    at afterWriteDispatched (node:internal/stream_base_commons:159:15)
    at writeGeneric (node:internal/stream_base_commons:150:3)
    at Socket._writeGeneric (node:net:966:11)
    at Socket._write (node:net:978:8)
    at writeOrBuffer (node:internal/streams/writable:572:12)
    at _write (node:internal/streams/writable:501:10)
    at Writable.write (node:internal/streams/writable:510:10)
    at Console.log (/Users/tcjr/Library/pnpm/global/5/.pnpm/winston@3.11.0/node_modules/winston/lib/winston/transports/console.js:79:23)
    at Console._write (/Users/tcjr/Library/pnpm/global/5/.pnpm/winston-transport@4.6.0/node_modules/winston-transport/index.js:103:17)
    at doWrite (/Users/tcjr/Library/pnpm/global/5/.pnpm/readable-stream@3.6.2/node_modules/readable-stream/lib/_stream_writable.js:390:139)
[error] 
[error] Error: An unexpected error has occurred.
[debug] [2026-02-22T03:22:36.406Z] Error: write EPIPE
    at afterWriteDispatched (node:internal/stream_base_commons:159:15)
    at writeGeneric (node:internal/stream_base_commons:150:3)
    at Socket._writeGeneric (node:net:966:11)
    at Socket._write (node:net:978:8)
    at writeOrBuffer (node:internal/streams/writable:572:12)
    at _write (node:internal/streams/writable:501:10)
    at Writable.write (node:internal/streams/writable:510:10)
    at Console.log (/Users/tcjr/Library/pnpm/global/5/.pnpm/winston@3.11.0/node_modules/winston/lib/winston/transports/console.js:79:23)
    at Console._write (/Users/tcjr/Library/pnpm/global/5/.pnpm/winston-transport@4.6.0/node_modules/winston-transport/index.js:103:17)
    at doWrite (/Users/tcjr/Library/pnpm/global/5/.pnpm/readable-stream@3.6.2/node_modules/readable-stream/lib/_stream_writable.js:390:139)
[error] 
[error] Error: An unexpected error has occurred.
[debug] [2026-02-22T03:22:36.406Z] Error: write EPIPE
    at afterWriteDispatched (node:internal/stream_base_commons:159:15)
    at writeGeneric (node:internal/stream_base_commons:150:3)
    at Socket._writeGeneric (node:net:966:11)
    at Socket._write (node:net:978:8)
    at writeOrBuffer (node:internal/streams/writable:572:12)
    at _write (node:internal/streams/writable:501:10)
    at Writable.write (node:internal/streams/writable:510:10)
    at Console.log (/Users/tcjr/Library/pnpm/global/5/.pnpm/winston@3.11.0/node_modules/winston/lib/winston/transports/console.js:79:23)
    at Console._write (/Users/tcjr/Library/pnpm/global/5/.pnpm/winston-transport@4.6.0/node_modules/winston-transport/index.js:103:17)
    at doWrite (/Users/tcjr/Library/pnpm/global/5/.pnpm/readable-stream@3.6.2/node_modules/readable-stream/lib/_stream_writable.js:390:139)
[error] 
[error] Error: An unexpected error has occurred.
[debug] [2026-02-22T03:22:36.407Z] Error: write EPIPE
    at afterWriteDispatched (node:internal/stream_base_commons:159:15)
    at writeGeneric (node:internal/stream_base_commons:150:3)
    at Socket._writeGeneric (node:net:966:11)
    at Socket._write (node:net:978:8)
    at writeOrBuffer (node:internal/streams/writable:572:12)
    at _write (node:internal/streams/writable:501:10)
    at Writable.write (node:internal/streams/writable:510:10)
    at Console.log (/Users/tcjr/Library/pnpm/global/5/.pnpm/winston@3.11.0/node_modules/winston/lib/winston/transports/console.js:79:23)
    at Console._write (/Users/tcjr/Library/pnpm/global/5/.pnpm/winston-transport@4.6.0/node_modules/winston-transport/index.js:103:17)
    at doWrite (/Users/tcjr/Library/pnpm/global/5/.pnpm/readable-stream@3.6.2/node_modules/readable-stream/lib/_stream_writable.js:390:139)
[error] 
[error] Error: An unexpected error has occurred.
[debug] [2026-02-22T03:22:36.407Z] Error: write EPIPE
    at afterWriteDispatched (node:internal/stream_base_commons:159:15)
    at writeGeneric (node:internal/stream_base_commons:150:3)
    at Socket._writeGeneric (node:net:966:11)
    at Socket._write (node:net:978:8)
    at writeOrBuffer (node:internal/streams/writable:572:12)
    at _write (node:internal/streams/writable:501:10)
    at Writable.write (node:internal/streams/writable:510:10)
    at Console.log (/Users/tcjr/Library/pnpm/global/5/.pnpm/winston@3.11.0/node_modules/winston/lib/winston/transports/console.js:79:23)
    at Console._write (/Users/tcjr/Library/pnpm/global/5/.pnpm/winston-transport@4.6.0/node_modules/winston-transport/index.js:103:17)
    at doWrite (/Users/tcjr/Library/pnpm/global/5/.pnpm/readable-stream@3.6.2/node_modules/readable-stream/lib/_stream_writable.js:390:139)
[error] 
[error] Error: An unexpected error has occurred.
[debug] [2026-02-22T03:22:36.407Z] Error: write EPIPE
    at afterWriteDispatched (node:internal/stream_base_commons:159:15)
    at writeGeneric (node:internal/stream_base_commons:150:3)
    at Socket._writeGeneric (node:net:966:11)
    at Socket._write (node:net:978:8)
    at writeOrBuffer (node:internal/streams/writable:572:12)
    at _write (node:internal/streams/writable:501:10)
    at Writable.write (node:internal/streams/writable:510:10)
    at Console.log (/Users/tcjr/Library/pnpm/global/5/.pnpm/winston@3.11.0/node_modules/winston/lib/winston/transports/console.js:79:23)
    at Console._write (/Users/tcjr/Library/pnpm/global/5/.pnpm/winston-transport@4.6.0/node_modules/winston-transport/index.js:103:17)
    at doWrite (/Users/tcjr/Library/pnpm/global/5/.pnpm/readable-stream@3.6.2/node_modules/readable-stream/lib/_stream_writable.js:390:139)
[error] 
[error] Error: An unexpected error has occurred.
[debug] [2026-02-22T03:22:36.407Z] Error: write EPIPE
    at afterWriteDispatched (node:internal/stream_base_commons:159:15)
    at writeGeneric (node:internal/stream_base_commons:150:3)
    at Socket._writeGeneric (node:net:966:11)
    at Socket._write (node:net:978:8)
    at writeOrBuffer (node:internal/streams/writable:572:12)
    at _write (node:internal/streams/writable:501:10)
    at Writable.write (node:internal/streams/writable:510:10)
    at Console.log (/Users/tcjr/Library/pnpm/global/5/.pnpm/winston@3.11.0/node_modules/winston/lib/winston/transports/console.js:79:23)
    at Console._write (/Users/tcjr/Library/pnpm/global/5/.pnpm/winston-transport@4.6.0/node_modules/winston-transport/index.js:103:17)
    at doWrite (/Users/tcjr/Library/pnpm/global/5/.pnpm/readable-stream@3.6.2/node_modules/readable-stream/lib/_stream_writable.js:390:139)
[error] 
[error] Error: An unexpected error has occurred.
[debug] [2026-02-22T03:22:36.407Z] Error: write EPIPE
    at afterWriteDispatched (node:internal/stream_base_commons:159:15)
    at writeGeneric (node:internal/stream_base_commons:150:3)
    at Socket._writeGeneric (node:net:966:11)
    at Socket._write (node:net:978:8)
    at writeOrBuffer (node:internal/streams/writable:572:12)
    at _write (node:internal/streams/writable:501:10)
    at Writable.write (node:internal/streams/writable:510:10)
    at Console.log (/Users/tcjr/Library/pnpm/global/5/.pnpm/winston@3.11.0/node_modules/winston/lib/winston/transports/console.js:79:23)
    at Console._write (/Users/tcjr/Library/pnpm/global/5/.pnpm/winston-transport@4.6.0/node_modules/winston-transport/index.js:103:17)
    at doWrite (/Users/tcjr/Library/pnpm/global/5/.pnpm/readable-stream@3.6.2/node_modules/readable-stream/lib/_stream_writable.js:390:139)
[error] 
[error] Error: An unexpected error has occurred.
[debug] [2026-02-22T03:22:36.408Z] Error: write EPIPE
    at afterWriteDispatched (node:internal/stream_base_commons:159:15)
    at writeGeneric (node:internal/stream_base_commons:150:3)
    at Socket._writeGeneric (node:net:966:11)
    at Socket._write (node:net:978:8)
    at writeOrBuffer (node:internal/streams/writable:572:12)
    at _write (node:internal/streams/writable:501:10)
    at Writable.write (node:internal/streams/writable:510:10)
    at Console.log (/Users/tcjr/Library/pnpm/global/5/.pnpm/winston@3.11.0/node_modules/winston/lib/winston/transports/console.js:79:23)
    at Console._write (/Users/tcjr/Library/pnpm/global/5/.pnpm/winston-transport@4.6.0/node_modules/winston-transport/index.js:103:17)
    at doWrite (/Users/tcjr/Library/pnpm/global/5/.pnpm/readable-stream@3.6.2/node_modules/readable-stream/lib/_stream_writable.js:390:139)
[error] 
[error] Error: An unexpected error has occurred.
[debug] [2026-02-22T03:22:36.408Z] Error: write EPIPE
    at afterWriteDispatched (node:internal/stream_base_commons:159:15)
    at writeGeneric (node:internal/stream_base_commons:150:3)
    at Socket._writeGeneric (node:net:966:11)
    at Socket._write (node:net:978:8)
    at writeOrBuffer (node:internal/streams/writable:572:12)
    at _write (node:internal/streams/writable:501:10)
    at Writable.write (node:internal/streams/writable:510:10)
    at Console.log (/Users/tcjr/Library/pnpm/global/5/.pnpm/winston@3.11.0/node_modules/winston/lib/winston/transports/console.js:79:23)
    at Console._write (/Users/tcjr/Library/pnpm/global/5/.pnpm/winston-transport@4.6.0/node_modules/winston-transport/index.js:103:17)
    at doWrite (/Users/tcjr/Library/pnpm/global/5/.pnpm/readable-stream@3.6.2/node_modules/readable-stream/lib/_stream_writable.js:390:139)
[error] 
[error] Error: An unexpected error has occurred.
[debug] [2026-02-22T03:22:36.408Z] Error: write EPIPE
    at afterWriteDispatched (node:internal/stream_base_commons:159:15)
    at writeGeneric (node:internal/stream_base_commons:150:3)
    at Socket._writeGeneric (node:net:966:11)
    at Socket._write (node:net:978:8)
    at writeOrBuffer (node:internal/streams/writable:572:12)
    at _write (node:internal/streams/writable:501:10)
    at Writable.write (node:internal/streams/writable:510:10)
    at Console.log (/Users/tcjr/Library/pnpm/global/5/.pnpm/winston@3.11.0/node_modules/winston/lib/winston/transports/console.js:79:23)
    at Console._write (/Users/tcjr/Library/pnpm/global/5/.pnpm/winston-transport@4.6.0/node_modules/winston-transport/index.js:103:17)
    at doWrite (/Users/tcjr/Library/pnpm/global/5/.pnpm/readable-stream@3.6.2/node_modules/readable-stream/lib/_stream_writable.js:390:139)
[error] 
[error] Error: An unexpected error has occurred.
[debug] [2026-02-22T03:22:36.408Z] Error: write EPIPE
    at afterWriteDispatched (node:internal/stream_base_commons:159:15)
    at writeGeneric (node:internal/stream_base_commons:150:3)
    at Socket._writeGeneric (node:net:966:11)
    at Socket._write (node:net:978:8)
    at writeOrBuffer (node:internal/streams/writable:572:12)
    at _write (node:internal/streams/writable:501:10)
    at Writable.write (node:internal/streams/writable:510:10)
    at Console.log (/Users/tcjr/Library/pnpm/global/5/.pnpm/winston@3.11.0/node_modules/winston/lib/winston/transports/console.js:79:23)
    at Console._write (/Users/tcjr/Library/pnpm/global/5/.pnpm/winston-transport@4.6.0/node_modules/winston-transport/index.js:103:17)
    at doWrite (/Users/tcjr/Library/pnpm/global/5/.pnpm/readable-stream@3.6.2/node_modules/readable-stream/lib/_stream_writable.js:390:139)
[error] 
[error] Error: An unexpected error has occurred.
[debug] [2026-02-22T03:22:36.408Z] Error: write EPIPE
    at afterWriteDispatched (node:internal/stream_base_commons:159:15)
    at writeGeneric (node:internal/stream_base_commons:150:3)
    at Socket._writeGeneric (node:net:966:11)
    at Socket._write (node:net:978:8)
    at writeOrBuffer (node:internal/streams/writable:572:12)
    at _write (node:internal/streams/writable:501:10)
    at Writable.write (node:internal/streams/writable:510:10)
    at Console.log (/Users/tcjr/Library/pnpm/global/5/.pnpm/winston@3.11.0/node_modules/winston/lib/winston/transports/console.js:79:23)
    at Console._write (/Users/tcjr/Library/pnpm/global/5/.pnpm/winston-transport@4.6.0/node_modules/winston-transport/index.js:103:17)
    at doWrite (/Users/tcjr/Library/pnpm/global/5/.pnpm/readable-stream@3.6.2/node_modules/readable-stream/lib/_stream_writable.js:390:139)
[error] 
[error] Error: An unexpected error has occurred.
[debug] [2026-02-22T03:22:36.408Z] Error: write EPIPE
    at afterWriteDispatched (node:internal/stream_base_commons:159:15)
    at writeGeneric (node:internal/stream_base_commons:150:3)
    at Socket._writeGeneric (node:net:966:11)
    at Socket._write (node:net:978:8)
    at writeOrBuffer (node:internal/streams/writable:572:12)
    at _write (node:internal/streams/writable:501:10)
    at Writable.write (node:internal/streams/writable:510:10)
    at Console.log (/Users/tcjr/Library/pnpm/global/5/.pnpm/winston@3.11.0/node_modules/winston/lib/winston/transports/console.js:79:23)
    at Console._write (/Users/tcjr/Library/pnpm/global/5/.pnpm/winston-transport@4.6.0/node_modules/winston-transport/index.js:103:17)
    at doWrite (/Users/tcjr/Library/pnpm/global/5/.pnpm/readable-stream@3.6.2/node_modules/readable-stream/lib/_stream_writable.js:390:139)
[error] 
[error] Error: An unexpected error has occurred.
[debug] [2026-02-22T03:22:36.408Z] Error: write EPIPE
    at afterWriteDispatched (node:internal/stream_base_commons:159:15)
    at writeGeneric (node:internal/stream_base_commons:150:3)
    at Socket._writeGeneric (node:net:966:11)
    at Socket._write (node:net:978:8)
    at writeOrBuffer (node:internal/streams/writable:572:12)
    at _write (node:internal/streams/writable:501:10)
    at Writable.write (node:internal/streams/writable:510:10)
    at Console.log (/Users/tcjr/Library/pnpm/global/5/.pnpm/winston@3.11.0/node_modules/winston/lib/winston/transports/console.js:79:23)
    at Console._write (/Users/tcjr/Library/pnpm/global/5/.pnpm/winston-transport@4.6.0/node_modules/winston-transport/index.js:103:17)
    at doWrite (/Users/tcjr/Library/pnpm/global/5/.pnpm/readable-stream@3.6.2/node_modules/readable-stream/lib/_stream_writable.js:390:139)
[error] 
[error] Error: An unexpected error has occurred.
[debug] [2026-02-22T03:22:36.409Z] Error: write EPIPE
    at afterWriteDispatched (node:internal/stream_base_commons:159:15)
    at writeGeneric (node:internal/stream_base_commons:150:3)
    at Socket._writeGeneric (node:net:966:11)
    at Socket._write (node:net:978:8)
    at writeOrBuffer (node:internal/streams/writable:572:12)
    at _write (node:internal/streams/writable:501:10)
    at Writable.write (node:internal/streams/writable:510:10)
    at Console.log (/Users/tcjr/Library/pnpm/global/5/.pnpm/winston@3.11.0/node_modules/winston/lib/winston/transports/console.js:79:23)
    at Console._write (/Users/tcjr/Library/pnpm/global/5/.pnpm/winston-transport@4.6.0/node_modules/winston-transport/index.js:103:17)
    at doWrite (/Users/tcjr/Library/pnpm/global/5/.pnpm/readable-stream@3.6.2/node_modules/readable-stream/lib/_stream_writable.js:390:139)
[error] 
[error] Error: An unexpected error has occurred.
[debug] [2026-02-22T03:22:36.409Z] Error: write EPIPE
    at afterWriteDispatched (node:internal/stream_base_commons:159:15)
    at writeGeneric (node:internal/stream_base_commons:150:3)
    at Socket._writeGeneric (node:net:966:11)
    at Socket._write (node:net:978:8)
    at writeOrBuffer (node:internal/streams/writable:572:12)
    at _write (node:internal/streams/writable:501:10)
    at Writable.write (node:internal/streams/writable:510:10)
    at Console.log (/Users/tcjr/Library/pnpm/global/5/.pnpm/winston@3.11.0/node_modules/winston/lib/winston/transports/console.js:79:23)
    at Console._write (/Users/tcjr/Library/pnpm/global/5/.pnpm/winston-transport@4.6.0/node_modules/winston-transport/index.js:103:17)
    at doWrite (/Users/tcjr/Library/pnpm/global/5/.pnpm/readable-stream@3.6.2/node_modules/readable-stream/lib/_stream_writable.js:390:139)
[error] 
[error] Error: An unexpected error has occurred.
[debug] [2026-02-22T03:22:36.409Z] Error: write EPIPE
    at afterWriteDispatched (node:internal/stream_base_commons:159:15)
    at writeGeneric (node:internal/stream_base_commons:150:3)
    at Socket._writeGeneric (node:net:966:11)
    at Socket._write (node:net:978:8)
    at writeOrBuffer (node:internal/streams/writable:572:12)
    at _write (node:internal/streams/writable:501:10)
    at Writable.write (node:internal/streams/writable:510:10)
    at Console.log (/Users/tcjr/Library/pnpm/global/5/.pnpm/winston@3.11.0/node_modules/winston/lib/winston/transports/console.js:79:23)
    at Console._write (/Users/tcjr/Library/pnpm/global/5/.pnpm/winston-transport@4.6.0/node_modules/winston-transport/index.js:103:17)
    at doWrite (/Users/tcjr/Library/pnpm/global/5/.pnpm/readable-stream@3.6.2/node_modules/readable-stream/lib/_stream_writable.js:390:139)
[error] 
[error] Error: An unexpected error has occurred.
[debug] [2026-02-22T03:22:36.409Z] Error: write EPIPE
    at afterWriteDispatched (node:internal/stream_base_commons:159:15)
    at writeGeneric (node:internal/stream_base_commons:150:3)
    at Socket._writeGeneric (node:net:966:11)
    at Socket._write (node:net:978:8)
    at writeOrBuffer (node:internal/streams/writable:572:12)
    at _write (node:internal/streams/writable:501:10)
    at Writable.write (node:internal/streams/writable:510:10)
    at Console.log (/Users/tcjr/Library/pnpm/global/5/.pnpm/winston@3.11.0/node_modules/winston/lib/winston/transports/console.js:79:23)
    at Console._write (/Users/tcjr/Library/pnpm/global/5/.pnpm/winston-transport@4.6.0/node_modules/winston-transport/index.js:103:17)
    at doWrite (/Users/tcjr/Library/pnpm/global/5/.pnpm/readable-stream@3.6.2/node_modules/readable-stream/lib/_stream_writable.js:390:139)
[error] 
[error] Error: An unexpected error has occurred.
[debug] [2026-02-22T03:22:36.409Z] Error: write EPIPE
    at afterWriteDispatched (node:internal/stream_base_commons:159:15)
    at writeGeneric (node:internal/stream_base_commons:150:3)
    at Socket._writeGeneric (node:net:966:11)
    at Socket._write (node:net:978:8)
    at writeOrBuffer (node:internal/streams/writable:572:12)
    at _write (node:internal/streams/writable:501:10)
    at Writable.write (node:internal/streams/writable:510:10)
    at Console.log (/Users/tcjr/Library/pnpm/global/5/.pnpm/winston@3.11.0/node_modules/winston/lib/winston/transports/console.js:79:23)
    at Console._write (/Users/tcjr/Library/pnpm/global/5/.pnpm/winston-transport@4.6.0/node_modules/winston-transport/index.js:103:17)
    at doWrite (/Users/tcjr/Library/pnpm/global/5/.pnpm/readable-stream@3.6.2/node_modules/readable-stream/lib/_stream_writable.js:390:139)
[error] 
[error] Error: An unexpected error has occurred.
[debug] [2026-02-22T03:22:36.409Z] Error: write EPIPE
    at afterWriteDispatched (node:internal/stream_base_commons:159:15)
    at writeGeneric (node:internal/stream_base_commons:150:3)
    at Socket._writeGeneric (node:net:966:11)
    at Socket._write (node:net:978:8)
    at writeOrBuffer (node:internal/streams/writable:572:12)
    at _write (node:internal/streams/writable:501:10)
    at Writable.write (node:internal/streams/writable:510:10)
    at Console.log (/Users/tcjr/Library/pnpm/global/5/.pnpm/winston@3.11.0/node_modules/winston/lib/winston/transports/console.js:79:23)
    at Console._write (/Users/tcjr/Library/pnpm/global/5/.pnpm/winston-transport@4.6.0/node_modules/winston-transport/index.js:103:17)
    at doWrite (/Users/tcjr/Library/pnpm/global/5/.pnpm/readable-stream@3.6.2/node_modules/readable-stream/lib/_stream_writable.js:390:139)
[error] 
[error] Error: An unexpected error has occurred.
[debug] [2026-02-22T03:22:36.409Z] Error: write EPIPE
    at afterWriteDispatched (node:internal/stream_base_commons:159:15)
    at writeGeneric (node:internal/stream_base_commons:150:3)
    at Socket._writeGeneric (node:net:966:11)
    at Socket._write (node:net:978:8)
    at writeOrBuffer (node:internal/streams/writable:572:12)
    at _write (node:internal/streams/writable:501:10)
    at Writable.write (node:internal/streams/writable:510:10)
    at Console.log (/Users/tcjr/Library/pnpm/global/5/.pnpm/winston@3.11.0/node_modules/winston/lib/winston/transports/console.js:79:23)
    at Console._write (/Users/tcjr/Library/pnpm/global/5/.pnpm/winston-transport@4.6.0/node_modules/winston-transport/index.js:103:17)
    at doWrite (/Users/tcjr/Library/pnpm/global/5/.pnpm/readable-stream@3.6.2/node_modules/readable-stream/lib/_stream_writable.js:390:139)
[error] 
[error] Error: An unexpected error has occurred.
[debug] [2026-02-22T03:22:36.409Z] Error: write EPIPE
    at afterWriteDispatched (node:internal/stream_base_commons:159:15)
    at writeGeneric (node:internal/stream_base_commons:150:3)
    at Socket._writeGeneric (node:net:966:11)
    at Socket._write (node:net:978:8)
    at writeOrBuffer (node:internal/streams/writable:572:12)
    at _write (node:internal/streams/writable:501:10)
    at Writable.write (node:internal/streams/writable:510:10)
    at Console.log (/Users/tcjr/Library/pnpm/global/5/.pnpm/winston@3.11.0/node_modules/winston/lib/winston/transports/console.js:79:23)
    at Console._write (/Users/tcjr/Library/pnpm/global/5/.pnpm/winston-transport@4.6.0/node_modules/winston-transport/index.js:103:17)
    at doWrite (/Users/tcjr/Library/pnpm/global/5/.pnpm/readable-stream@3.6.2/node_modules/readable-stream/lib/_stream_writable.js:390:139)
[error] 
[error] Error: An unexpected error has occurred.
[debug] [2026-02-22T03:22:36.410Z] Error: write EPIPE
    at afterWriteDispatched (node:internal/stream_base_commons:159:15)
    at writeGeneric (node:internal/stream_base_commons:150:3)
    at Socket._writeGeneric (node:net:966:11)
    at Socket._write (node:net:978:8)
    at writeOrBuffer (node:internal/streams/writable:572:12)
    at _write (node:internal/streams/writable:501:10)
    at Writable.write (node:internal/streams/writable:510:10)
    at Console.log (/Users/tcjr/Library/pnpm/global/5/.pnpm/winston@3.11.0/node_modules/winston/lib/winston/transports/console.js:79:23)
    at Console._write (/Users/tcjr/Library/pnpm/global/5/.pnpm/winston-transport@4.6.0/node_modules/winston-transport/index.js:103:17)
    at doWrite (/Users/tcjr/Library/pnpm/global/5/.pnpm/readable-stream@3.6.2/node_modules/readable-stream/lib/_stream_writable.js:390:139)
[error] 
[error] Error: An unexpected error has occurred.
[debug] [2026-02-22T03:22:36.410Z] Error: write EPIPE
    at afterWriteDispatched (node:internal/stream_base_commons:159:15)
    at writeGeneric (node:internal/stream_base_commons:150:3)
    at Socket._writeGeneric (node:net:966:11)
    at Socket._write (node:net:978:8)
    at writeOrBuffer (node:internal/streams/writable:572:12)
    at _write (node:internal/streams/writable:501:10)
    at Writable.write (node:internal/streams/writable:510:10)
    at Console.log (/Users/tcjr/Library/pnpm/global/5/.pnpm/winston@3.11.0/node_modules/winston/lib/winston/transports/console.js:79:23)
    at Console._write (/Users/tcjr/Library/pnpm/global/5/.pnpm/winston-transport@4.6.0/node_modules/winston-transport/index.js:103:17)
    at doWrite (/Users/tcjr/Library/pnpm/global/5/.pnpm/readable-stream@3.6.2/node_modules/readable-stream/lib/_stream_writable.js:390:139)
[error] 
[error] Error: An unexpected error has occurred.
[debug] [2026-02-22T03:22:36.410Z] Error: write EPIPE
    at afterWriteDispatched (node:internal/stream_base_commons:159:15)
    at writeGeneric (node:internal/stream_base_commons:150:3)
    at Socket._writeGeneric (node:net:966:11)
    at Socket._write (node:net:978:8)
    at writeOrBuffer (node:internal/streams/writable:572:12)
    at _write (node:internal/streams/writable:501:10)
    at Writable.write (node:internal/streams/writable:510:10)
    at Console.log (/Users/tcjr/Library/pnpm/global/5/.pnpm/winston@3.11.0/node_modules/winston/lib/winston/transports/console.js:79:23)
    at Console._write (/Users/tcjr/Library/pnpm/global/5/.pnpm/winston-transport@4.6.0/node_modules/winston-transport/index.js:103:17)
    at doWrite (/Users/tcjr/Library/pnpm/global/5/.pnpm/readable-stream@3.6.2/node_modules/readable-stream/lib/_stream_writable.js:390:139)
[error] 
[error] Error: An unexpected error has occurred.
[debug] [2026-02-22T03:22:36.410Z] Error: write EPIPE
    at afterWriteDispatched (node:internal/stream_base_commons:159:15)
    at writeGeneric (node:internal/stream_base_commons:150:3)
    at Socket._writeGeneric (node:net:966:11)
    at Socket._write (node:net:978:8)
    at writeOrBuffer (node:internal/streams/writable:572:12)
    at _write (node:internal/streams/writable:501:10)
    at Writable.write (node:internal/streams/writable:510:10)
    at Console.log (/Users/tcjr/Library/pnpm/global/5/.pnpm/winston@3.11.0/node_modules/winston/lib/winston/transports/console.js:79:23)
    at Console._write (/Users/tcjr/Library/pnpm/global/5/.pnpm/winston-transport@4.6.0/node_modules/winston-transport/index.js:103:17)
    at doWrite (/Users/tcjr/Library/pnpm/global/5/.pnpm/readable-stream@3.6.2/node_modules/readable-stream/lib/_stream_writable.js:390:139)
[error] 
[error] Error: An unexpected error has occurred.
[debug] [2026-02-22T03:22:36.410Z] Error: write EPIPE
    at afterWriteDispatched (node:internal/stream_base_commons:159:15)
    at writeGeneric (node:internal/stream_base_commons:150:3)
    at Socket._writeGeneric (node:net:966:11)
    at Socket._write (node:net:978:8)
    at writeOrBuffer (node:internal/streams/writable:572:12)
    at _write (node:internal/streams/writable:501:10)
    at Writable.write (node:internal/streams/writable:510:10)
    at Console.log (/Users/tcjr/Library/pnpm/global/5/.pnpm/winston@3.11.0/node_modules/winston/lib/winston/transports/console.js:79:23)
    at Console._write (/Users/tcjr/Library/pnpm/global/5/.pnpm/winston-transport@4.6.0/node_modules/winston-transport/index.js:103:17)
    at doWrite (/Users/tcjr/Library/pnpm/global/5/.pnpm/readable-stream@3.6.2/node_modules/readable-stream/lib/_stream_writable.js:390:139)
[error] 
[error] Error: An unexpected error has occurred.
[debug] [2026-02-22T03:22:36.410Z] Error: write EPIPE
    at afterWriteDispatched (node:internal/stream_base_commons:159:15)
    at writeGeneric (node:internal/stream_base_commons:150:3)
    at Socket._writeGeneric (node:net:966:11)
    at Socket._write (node:net:978:8)
    at writeOrBuffer (node:internal/streams/writable:572:12)
    at _write (node:internal/streams/writable:501:10)
    at Writable.write (node:internal/streams/writable:510:10)
    at Console.log (/Users/tcjr/Library/pnpm/global/5/.pnpm/winston@3.11.0/node_modules/winston/lib/winston/transports/console.js:79:23)
    at Console._write (/Users/tcjr/Library/pnpm/global/5/.pnpm/winston-transport@4.6.0/node_modules/winston-transport/index.js:103:17)
    at doWrite (/Users/tcjr/Library/pnpm/global/5/.pnpm/readable-stream@3.6.2/node_modules/readable-stream/lib/_stream_writable.js:390:139)
[error] 
[error] Error: An unexpected error has occurred.
[debug] [2026-02-22T03:22:36.410Z] Error: write EPIPE
    at afterWriteDispatched (node:internal/stream_base_commons:159:15)
    at writeGeneric (node:internal/stream_base_commons:150:3)
    at Socket._writeGeneric (node:net:966:11)
    at Socket._write (node:net:978:8)
    at writeOrBuffer (node:internal/streams/writable:572:12)
    at _write (node:internal/streams/writable:501:10)
    at Writable.write (node:internal/streams/writable:510:10)
    at Console.log (/Users/tcjr/Library/pnpm/global/5/.pnpm/winston@3.11.0/node_modules/winston/lib/winston/transports/console.js:79:23)
    at Console._write (/Users/tcjr/Library/pnpm/global/5/.pnpm/winston-transport@4.6.0/node_modules/winston-transport/index.js:103:17)
    at doWrite (/Users/tcjr/Library/pnpm/global/5/.pnpm/readable-stream@3.6.2/node_modules/readable-stream/lib/_stream_writable.js:390:139)
[error] 
[error] Error: An unexpected error has occurred.
[debug] [2026-02-22T03:22:36.411Z] Error: write EPIPE
    at afterWriteDispatched (node:internal/stream_base_commons:159:15)
    at writeGeneric (node:internal/stream_base_commons:150:3)
    at Socket._writeGeneric (node:net:966:11)
    at Socket._write (node:net:978:8)
    at writeOrBuffer (node:internal/streams/writable:572:12)
    at _write (node:internal/streams/writable:501:10)
    at Writable.write (node:internal/streams/writable:510:10)
    at Console.log (/Users/tcjr/Library/pnpm/global/5/.pnpm/winston@3.11.0/node_modules/winston/lib/winston/transports/console.js:79:23)
    at Console._write (/Users/tcjr/Library/pnpm/global/5/.pnpm/winston-transport@4.6.0/node_modules/winston-transport/index.js:103:17)
    at doWrite (/Users/tcjr/Library/pnpm/global/5/.pnpm/readable-stream@3.6.2/node_modules/readable-stream/lib/_stream_writable.js:390:139)
[error] 
[error] Error: An unexpected error has occurred.
[debug] [2026-02-22T03:22:36.411Z] Error: write EPIPE
    at afterWriteDispatched (node:internal/stream_base_commons:159:15)
    at writeGeneric (node:internal/stream_base_commons:150:3)
    at Socket._writeGeneric (node:net:966:11)
    at Socket._write (node:net:978:8)
    at writeOrBuffer (node:internal/streams/writable:572:12)
    at _write (node:internal/streams/writable:501:10)
    at Writable.write (node:internal/streams/writable:510:10)
    at Console.log (/Users/tcjr/Library/pnpm/global/5/.pnpm/winston@3.11.0/node_modules/winston/lib/winston/transports/console.js:79:23)
    at Console._write (/Users/tcjr/Library/pnpm/global/5/.pnpm/winston-transport@4.6.0/node_modules/winston-transport/index.js:103:17)
    at doWrite (/Users/tcjr/Library/pnpm/global/5/.pnpm/readable-stream@3.6.2/node_modules/readable-stream/lib/_stream_writable.js:390:139)
[error] 
[error] Error: An unexpected error has occurred.
[debug] [2026-02-22T03:22:36.411Z] Error: write EPIPE
    at afterWriteDispatched (node:internal/stream_base_commons:159:15)
    at writeGeneric (node:internal/stream_base_commons:150:3)
    at Socket._writeGeneric (node:net:966:11)
    at Socket._write (node:net:978:8)
    at writeOrBuffer (node:internal/streams/writable:572:12)
    at _write (node:internal/streams/writable:501:10)
    at Writable.write (node:internal/streams/writable:510:10)
    at Console.log (/Users/tcjr/Library/pnpm/global/5/.pnpm/winston@3.11.0/node_modules/winston/lib/winston/transports/console.js:79:23)
    at Console._write (/Users/tcjr/Library/pnpm/global/5/.pnpm/winston-transport@4.6.0/node_modules/winston-transport/index.js:103:17)
    at doWrite (/Users/tcjr/Library/pnpm/global/5/.pnpm/readable-stream@3.6.2/node_modules/readable-stream/lib/_stream_writable.js:390:139)
[error] 
[error] Error: An unexpected error has occurred.
[debug] [2026-02-22T03:22:36.411Z] Error: write EPIPE
    at afterWriteDispatched (node:internal/stream_base_commons:159:15)
    at writeGeneric (node:internal/stream_base_commons:150:3)
    at Socket._writeGeneric (node:net:966:11)
    at Socket._write (node:net:978:8)
    at writeOrBuffer (node:internal/streams/writable:572:12)
    at _write (node:internal/streams/writable:501:10)
    at Writable.write (node:internal/streams/writable:510:10)
    at Console.log (/Users/tcjr/Library/pnpm/global/5/.pnpm/winston@3.11.0/node_modules/winston/lib/winston/transports/console.js:79:23)
    at Console._write (/Users/tcjr/Library/pnpm/global/5/.pnpm/winston-transport@4.6.0/node_modules/winston-transport/index.js:103:17)
    at doWrite (/Users/tcjr/Library/pnpm/global/5/.pnpm/readable-stream@3.6.2/node_modules/readable-stream/lib/_stream_writable.js:390:139)
[error] 
[error] Error: An unexpected error has occurred.
[debug] [2026-02-22T03:22:36.411Z] Error: write EPIPE
    at afterWriteDispatched (node:internal/stream_base_commons:159:15)
    at writeGeneric (node:internal/stream_base_commons:150:3)
    at Socket._writeGeneric (node:net:966:11)
    at Socket._write (node:net:978:8)
    at writeOrBuffer (node:internal/streams/writable:572:12)
    at _write (node:internal/streams/writable:501:10)
    at Writable.write (node:internal/streams/writable:510:10)
    at Console.log (/Users/tcjr/Library/pnpm/global/5/.pnpm/winston@3.11.0/node_modules/winston/lib/winston/transports/console.js:79:23)
    at Console._write (/Users/tcjr/Library/pnpm/global/5/.pnpm/winston-transport@4.6.0/node_modules/winston-transport/index.js:103:17)
    at doWrite (/Users/tcjr/Library/pnpm/global/5/.pnpm/readable-stream@3.6.2/node_modules/readable-stream/lib/_stream_writable.js:390:139)
[error] 
[error] Error: An unexpected error has occurred.
[debug] [2026-02-22T03:22:36.411Z] Error: write EPIPE
    at afterWriteDispatched (node:internal/stream_base_commons:159:15)
    at writeGeneric (node:internal/stream_base_commons:150:3)
    at Socket._writeGeneric (node:net:966:11)
    at Socket._write (node:net:978:8)
    at writeOrBuffer (node:internal/streams/writable:572:12)
    at _write (node:internal/streams/writable:501:10)
    at Writable.write (node:internal/streams/writable:510:10)
    at Console.log (/Users/tcjr/Library/pnpm/global/5/.pnpm/winston@3.11.0/node_modules/winston/lib/winston/transports/console.js:79:23)
    at Console._write (/Users/tcjr/Library/pnpm/global/5/.pnpm/winston-transport@4.6.0/node_modules/winston-transport/index.js:103:17)
    at doWrite (/Users/tcjr/Library/pnpm/global/5/.pnpm/readable-stream@3.6.2/node_modules/readable-stream/lib/_stream_writable.js:390:139)
[error] 
[error] Error: An unexpected error has occurred.
[debug] [2026-02-22T03:22:36.412Z] Error: write EPIPE
    at afterWriteDispatched (node:internal/stream_base_commons:159:15)
    at writeGeneric (node:internal/stream_base_commons:150:3)
    at Socket._writeGeneric (node:net:966:11)
    at Socket._write (node:net:978:8)
    at writeOrBuffer (node:internal/streams/writable:572:12)
    at _write (node:internal/streams/writable:501:10)
    at Writable.write (node:internal/streams/writable:510:10)
    at Console.log (/Users/tcjr/Library/pnpm/global/5/.pnpm/winston@3.11.0/node_modules/winston/lib/winston/transports/console.js:79:23)
    at Console._write (/Users/tcjr/Library/pnpm/global/5/.pnpm/winston-transport@4.6.0/node_modules/winston-transport/index.js:103:17)
    at doWrite (/Users/tcjr/Library/pnpm/global/5/.pnpm/readable-stream@3.6.2/node_modules/readable-stream/lib/_stream_writable.js:390:139)
[error] 
[error] Error: An unexpected error has occurred.
[debug] [2026-02-22T03:22:36.412Z] Error: write EPIPE
    at afterWriteDispatched (node:internal/stream_base_commons:159:15)
    at writeGeneric (node:internal/stream_base_commons:150:3)
    at Socket._writeGeneric (node:net:966:11)
    at Socket._write (node:net:978:8)
    at writeOrBuffer (node:internal/streams/writable:572:12)
    at _write (node:internal/streams/writable:501:10)
    at Writable.write (node:internal/streams/writable:510:10)
    at Console.log (/Users/tcjr/Library/pnpm/global/5/.pnpm/winston@3.11.0/node_modules/winston/lib/winston/transports/console.js:79:23)
    at Console._write (/Users/tcjr/Library/pnpm/global/5/.pnpm/winston-transport@4.6.0/node_modules/winston-transport/index.js:103:17)
    at doWrite (/Users/tcjr/Library/pnpm/global/5/.pnpm/readable-stream@3.6.2/node_modules/readable-stream/lib/_stream_writable.js:390:139)
[error] 
[error] Error: An unexpected error has occurred.
[debug] [2026-02-22T03:22:36.413Z] Error: write EPIPE
    at afterWriteDispatched (node:internal/stream_base_commons:159:15)
    at writeGeneric (node:internal/stream_base_commons:150:3)
    at Socket._writeGeneric (node:net:966:11)
    at Socket._write (node:net:978:8)
    at writeOrBuffer (node:internal/streams/writable:572:12)
    at _write (node:internal/streams/writable:501:10)
    at Writable.write (node:internal/streams/writable:510:10)
    at Console.log (/Users/tcjr/Library/pnpm/global/5/.pnpm/winston@3.11.0/node_modules/winston/lib/winston/transports/console.js:79:23)
    at Console._write (/Users/tcjr/Library/pnpm/global/5/.pnpm/winston-transport@4.6.0/node_modules/winston-transport/index.js:103:17)
    at doWrite (/Users/tcjr/Library/pnpm/global/5/.pnpm/readable-stream@3.6.2/node_modules/readable-stream/lib/_stream_writable.js:390:139)
[error] 
[error] Error: An unexpected error has occurred.
[debug] [2026-02-22T03:22:36.413Z] Error: write EPIPE
    at afterWriteDispatched (node:internal/stream_base_commons:159:15)
    at writeGeneric (node:internal/stream_base_commons:150:3)
    at Socket._writeGeneric (node:net:966:11)
    at Socket._write (node:net:978:8)
    at writeOrBuffer (node:internal/streams/writable:572:12)
    at _write (node:internal/streams/writable:501:10)
    at Writable.write (node:internal/streams/writable:510:10)
    at Console.log (/Users/tcjr/Library/pnpm/global/5/.pnpm/winston@3.11.0/node_modules/winston/lib/winston/transports/console.js:79:23)
    at Console._write (/Users/tcjr/Library/pnpm/global/5/.pnpm/winston-transport@4.6.0/node_modules/winston-transport/index.js:103:17)
    at doWrite (/Users/tcjr/Library/pnpm/global/5/.pnpm/readable-stream@3.6.2/node_modules/readable-stream/lib/_stream_writable.js:390:139)
[error] 
[error] Error: An unexpected error has occurred.
[debug] [2026-02-22T03:22:36.413Z] Error: write EPIPE
    at afterWriteDispatched (node:internal/stream_base_commons:159:15)
    at writeGeneric (node:internal/stream_base_commons:150:3)
    at Socket._writeGeneric (node:net:966:11)
    at Socket._write (node:net:978:8)
    at writeOrBuffer (node:internal/streams/writable:572:12)
    at _write (node:internal/streams/writable:501:10)
    at Writable.write (node:internal/streams/writable:510:10)
    at Console.log (/Users/tcjr/Library/pnpm/global/5/.pnpm/winston@3.11.0/node_modules/winston/lib/winston/transports/console.js:79:23)
    at Console._write (/Users/tcjr/Library/pnpm/global/5/.pnpm/winston-transport@4.6.0/node_modules/winston-transport/index.js:103:17)
    at doWrite (/Users/tcjr/Library/pnpm/global/5/.pnpm/readable-stream@3.6.2/node_modules/readable-stream/lib/_stream_writable.js:390:139)
[error] 
[error] Error: An unexpected error has occurred.
[debug] [2026-02-22T03:22:36.413Z] Error: write EPIPE
    at afterWriteDispatched (node:internal/stream_base_commons:159:15)
    at writeGeneric (node:internal/stream_base_commons:150:3)
    at Socket._writeGeneric (node:net:966:11)
    at Socket._write (node:net:978:8)
    at writeOrBuffer (node:internal/streams/writable:572:12)
    at _write (node:internal/streams/writable:501:10)
    at Writable.write (node:internal/streams/writable:510:10)
    at Console.log (/Users/tcjr/Library/pnpm/global/5/.pnpm/winston@3.11.0/node_modules/winston/lib/winston/transports/console.js:79:23)
    at Console._write (/Users/tcjr/Library/pnpm/global/5/.pnpm/winston-transport@4.6.0/node_modules/winston-transport/index.js:103:17)
    at doWrite (/Users/tcjr/Library/pnpm/global/5/.pnpm/readable-stream@3.6.2/node_modules/readable-stream/lib/_stream_writable.js:390:139)
[error] 
[error] Error: An unexpected error has occurred.
[debug] [2026-02-22T03:22:36.413Z] Error: write EPIPE
    at afterWriteDispatched (node:internal/stream_base_commons:159:15)
    at writeGeneric (node:internal/stream_base_commons:150:3)
    at Socket._writeGeneric (node:net:966:11)
    at Socket._write (node:net:978:8)
    at writeOrBuffer (node:internal/streams/writable:572:12)
    at _write (node:internal/streams/writable:501:10)
    at Writable.write (node:internal/streams/writable:510:10)
    at Console.log (/Users/tcjr/Library/pnpm/global/5/.pnpm/winston@3.11.0/node_modules/winston/lib/winston/transports/console.js:79:23)
    at Console._write (/Users/tcjr/Library/pnpm/global/5/.pnpm/winston-transport@4.6.0/node_modules/winston-transport/index.js:103:17)
    at doWrite (/Users/tcjr/Library/pnpm/global/5/.pnpm/readable-stream@3.6.2/node_modules/readable-stream/lib/_stream_writable.js:390:139)
[error] 
[error] Error: An unexpected error has occurred.
[debug] [2026-02-22T03:22:36.414Z] Error: write EPIPE
    at afterWriteDispatched (node:internal/stream_base_commons:159:15)
    at writeGeneric (node:internal/stream_base_commons:150:3)
    at Socket._writeGeneric (node:net:966:11)
    at Socket._write (node:net:978:8)
    at writeOrBuffer (node:internal/streams/writable:572:12)
    at _write (node:internal/streams/writable:501:10)
    at Writable.write (node:internal/streams/writable:510:10)
    at Console.log (/Users/tcjr/Library/pnpm/global/5/.pnpm/winston@3.11.0/node_modules/winston/lib/winston/transports/console.js:79:23)
    at Console._write (/Users/tcjr/Library/pnpm/global/5/.pnpm/winston-transport@4.6.0/node_modules/winston-transport/index.js:103:17)
    at doWrite (/Users/tcjr/Library/pnpm/global/5/.pnpm/readable-stream@3.6.2/node_modules/readable-stream/lib/_stream_writable.js:390:139)
[error] 
[error] Error: An unexpected error has occurred.
[debug] [2026-02-22T03:22:36.414Z] Error: write EPIPE
    at afterWriteDispatched (node:internal/stream_base_commons:159:15)
    at writeGeneric (node:internal/stream_base_commons:150:3)
    at Socket._writeGeneric (node:net:966:11)
    at Socket._write (node:net:978:8)
    at writeOrBuffer (node:internal/streams/writable:572:12)
    at _write (node:internal/streams/writable:501:10)
    at Writable.write (node:internal/streams/writable:510:10)
    at Console.log (/Users/tcjr/Library/pnpm/global/5/.pnpm/winston@3.11.0/node_modules/winston/lib/winston/transports/console.js:79:23)
    at Console._write (/Users/tcjr/Library/pnpm/global/5/.pnpm/winston-transport@4.6.0/node_modules/winston-transport/index.js:103:17)
    at doWrite (/Users/tcjr/Library/pnpm/global/5/.pnpm/readable-stream@3.6.2/node_modules/readable-stream/lib/_stream_writable.js:390:139)
[error] 
[error] Error: An unexpected error has occurred.
[debug] [2026-02-22T03:22:36.414Z] Error: write EPIPE
    at afterWriteDispatched (node:internal/stream_base_commons:159:15)
    at writeGeneric (node:internal/stream_base_commons:150:3)
    at Socket._writeGeneric (node:net:966:11)
    at Socket._write (node:net:978:8)
    at writeOrBuffer (node:internal/streams/writable:572:12)
    at _write (node:internal/streams/writable:501:10)
    at Writable.write (node:internal/streams/writable:510:10)
    at Console.log (/Users/tcjr/Library/pnpm/global/5/.pnpm/winston@3.11.0/node_modules/winston/lib/winston/transports/console.js:79:23)
    at Console._write (/Users/tcjr/Library/pnpm/global/5/.pnpm/winston-transport@4.6.0/node_modules/winston-transport/index.js:103:17)
    at doWrite (/Users/tcjr/Library/pnpm/global/5/.pnpm/readable-stream@3.6.2/node_modules/readable-stream/lib/_stream_writable.js:390:139)
[error] 
[error] Error: An unexpected error has occurred.
[debug] [2026-02-22T03:22:36.414Z] Error: write EPIPE
    at afterWriteDispatched (node:internal/stream_base_commons:159:15)
    at writeGeneric (node:internal/stream_base_commons:150:3)
    at Socket._writeGeneric (node:net:966:11)
    at Socket._write (node:net:978:8)
    at writeOrBuffer (node:internal/streams/writable:572:12)
    at _write (node:internal/streams/writable:501:10)
    at Writable.write (node:internal/streams/writable:510:10)
    at Console.log (/Users/tcjr/Library/pnpm/global/5/.pnpm/winston@3.11.0/node_modules/winston/lib/winston/transports/console.js:79:23)
    at Console._write (/Users/tcjr/Library/pnpm/global/5/.pnpm/winston-transport@4.6.0/node_modules/winston-transport/index.js:103:17)
    at doWrite (/Users/tcjr/Library/pnpm/global/5/.pnpm/readable-stream@3.6.2/node_modules/readable-stream/lib/_stream_writable.js:390:139)
[error] 
[error] Error: An unexpected error has occurred.
[debug] [2026-02-22T03:22:36.414Z] Error: write EPIPE
    at afterWriteDispatched (node:internal/stream_base_commons:159:15)
    at writeGeneric (node:internal/stream_base_commons:150:3)
    at Socket._writeGeneric (node:net:966:11)
    at Socket._write (node:net:978:8)
    at writeOrBuffer (node:internal/streams/writable:572:12)
    at _write (node:internal/streams/writable:501:10)
    at Writable.write (node:internal/streams/writable:510:10)
    at Console.log (/Users/tcjr/Library/pnpm/global/5/.pnpm/winston@3.11.0/node_modules/winston/lib/winston/transports/console.js:79:23)
    at Console._write (/Users/tcjr/Library/pnpm/global/5/.pnpm/winston-transport@4.6.0/node_modules/winston-transport/index.js:103:17)
    at doWrite (/Users/tcjr/Library/pnpm/global/5/.pnpm/readable-stream@3.6.2/node_modules/readable-stream/lib/_stream_writable.js:390:139)
[error] 
[error] Error: An unexpected error has occurred.
[debug] [2026-02-22T03:22:36.414Z] Error: write EPIPE
    at afterWriteDispatched (node:internal/stream_base_commons:159:15)
    at writeGeneric (node:internal/stream_base_commons:150:3)
    at Socket._writeGeneric (node:net:966:11)
    at Socket._write (node:net:978:8)
    at writeOrBuffer (node:internal/streams/writable:572:12)
    at _write (node:internal/streams/writable:501:10)
    at Writable.write (node:internal/streams/writable:510:10)
    at Console.log (/Users/tcjr/Library/pnpm/global/5/.pnpm/winston@3.11.0/node_modules/winston/lib/winston/transports/console.js:79:23)
    at Console._write (/Users/tcjr/Library/pnpm/global/5/.pnpm/winston-transport@4.6.0/node_modules/winston-transport/index.js:103:17)
    at doWrite (/Users/tcjr/Library/pnpm/global/5/.pnpm/readable-stream@3.6.2/node_modules/readable-stream/lib/_stream_writable.js:390:139)
[error] 
[error] Error: An unexpected error has occurred.
[debug] [2026-02-22T03:22:36.415Z] Error: write EPIPE
    at afterWriteDispatched (node:internal/stream_base_commons:159:15)
    at writeGeneric (node:internal/stream_base_commons:150:3)
    at Socket._writeGeneric (node:net:966:11)
    at Socket._write (node:net:978:8)
    at writeOrBuffer (node:internal/streams/writable:572:12)
    at _write (node:internal/streams/writable:501:10)
    at Writable.write (node:internal/streams/writable:510:10)
    at Console.log (/Users/tcjr/Library/pnpm/global/5/.pnpm/winston@3.11.0/node_modules/winston/lib/winston/transports/console.js:79:23)
    at Console._write (/Users/tcjr/Library/pnpm/global/5/.pnpm/winston-transport@4.6.0/node_modules/winston-transport/index.js:103:17)
    at doWrite (/Users/tcjr/Library/pnpm/global/5/.pnpm/readable-stream@3.6.2/node_modules/readable-stream/lib/_stream_writable.js:390:139)
[error] 
[error] Error: An unexpected error has occurred.
[debug] [2026-02-22T03:22:36.415Z] Error: write EPIPE
    at afterWriteDispatched (node:internal/stream_base_commons:159:15)
    at writeGeneric (node:internal/stream_base_commons:150:3)
    at Socket._writeGeneric (node:net:966:11)
    at Socket._write (node:net:978:8)
    at writeOrBuffer (node:internal/streams/writable:572:12)
    at _write (node:internal/streams/writable:501:10)
    at Writable.write (node:internal/streams/writable:510:10)
    at Console.log (/Users/tcjr/Library/pnpm/global/5/.pnpm/winston@3.11.0/node_modules/winston/lib/winston/transports/console.js:79:23)
    at Console._write (/Users/tcjr/Library/pnpm/global/5/.pnpm/winston-transport@4.6.0/node_modules/winston-transport/index.js:103:17)
    at doWrite (/Users/tcjr/Library/pnpm/global/5/.pnpm/readable-stream@3.6.2/node_modules/readable-stream/lib/_stream_writable.js:390:139)
[error] 
[error] Error: An unexpected error has occurred.
[debug] [2026-02-22T03:22:36.415Z] Error: write EPIPE
    at afterWriteDispatched (node:internal/stream_base_commons:159:15)
    at writeGeneric (node:internal/stream_base_commons:150:3)
    at Socket._writeGeneric (node:net:966:11)
    at Socket._write (node:net:978:8)
    at writeOrBuffer (node:internal/streams/writable:572:12)
    at _write (node:internal/streams/writable:501:10)
    at Writable.write (node:internal/streams/writable:510:10)
    at Console.log (/Users/tcjr/Library/pnpm/global/5/.pnpm/winston@3.11.0/node_modules/winston/lib/winston/transports/console.js:79:23)
    at Console._write (/Users/tcjr/Library/pnpm/global/5/.pnpm/winston-transport@4.6.0/node_modules/winston-transport/index.js:103:17)
    at doWrite (/Users/tcjr/Library/pnpm/global/5/.pnpm/readable-stream@3.6.2/node_modules/readable-stream/lib/_stream_writable.js:390:139)
[error] 
[error] Error: An unexpected error has occurred.
[debug] [2026-02-22T03:22:36.415Z] Error: write EPIPE
    at afterWriteDispatched (node:internal/stream_base_commons:159:15)
    at writeGeneric (node:internal/stream_base_commons:150:3)
    at Socket._writeGeneric (node:net:966:11)
    at Socket._write (node:net:978:8)
    at writeOrBuffer (node:internal/streams/writable:572:12)
    at _write (node:internal/streams/writable:501:10)
    at Writable.write (node:internal/streams/writable:510:10)
    at Console.log (/Users/tcjr/Library/pnpm/global/5/.pnpm/winston@3.11.0/node_modules/winston/lib/winston/transports/console.js:79:23)
    at Console._write (/Users/tcjr/Library/pnpm/global/5/.pnpm/winston-transport@4.6.0/node_modules/winston-transport/index.js:103:17)
    at doWrite (/Users/tcjr/Library/pnpm/global/5/.pnpm/readable-stream@3.6.2/node_modules/readable-stream/lib/_stream_writable.js:390:139)
[error] 
[error] Error: An unexpected error has occurred.
[debug] [2026-02-22T03:22:36.415Z] Error: write EPIPE
    at afterWriteDispatched (node:internal/stream_base_commons:159:15)
    at writeGeneric (node:internal/stream_base_commons:150:3)
    at Socket._writeGeneric (node:net:966:11)
    at Socket._write (node:net:978:8)
    at writeOrBuffer (node:internal/streams/writable:572:12)
    at _write (node:internal/streams/writable:501:10)
    at Writable.write (node:internal/streams/writable:510:10)
    at Console.log (/Users/tcjr/Library/pnpm/global/5/.pnpm/winston@3.11.0/node_modules/winston/lib/winston/transports/console.js:79:23)
    at Console._write (/Users/tcjr/Library/pnpm/global/5/.pnpm/winston-transport@4.6.0/node_modules/winston-transport/index.js:103:17)
    at doWrite (/Users/tcjr/Library/pnpm/global/5/.pnpm/readable-stream@3.6.2/node_modules/readable-stream/lib/_stream_writable.js:390:139)
[error] 
[error] Error: An unexpected error has occurred.
[debug] [2026-02-22T03:22:36.415Z] Error: write EPIPE
    at afterWriteDispatched (node:internal/stream_base_commons:159:15)
    at writeGeneric (node:internal/stream_base_commons:150:3)
    at Socket._writeGeneric (node:net:966:11)
    at Socket._write (node:net:978:8)
    at writeOrBuffer (node:internal/streams/writable:572:12)
    at _write (node:internal/streams/writable:501:10)
    at Writable.write (node:internal/streams/writable:510:10)
    at Console.log (/Users/tcjr/Library/pnpm/global/5/.pnpm/winston@3.11.0/node_modules/winston/lib/winston/transports/console.js:79:23)
    at Console._write (/Users/tcjr/Library/pnpm/global/5/.pnpm/winston-transport@4.6.0/node_modules/winston-transport/index.js:103:17)
    at doWrite (/Users/tcjr/Library/pnpm/global/5/.pnpm/readable-stream@3.6.2/node_modules/readable-stream/lib/_stream_writable.js:390:139)
[error] 
[error] Error: An unexpected error has occurred.
[debug] [2026-02-22T03:22:36.415Z] Error: write EPIPE
    at afterWriteDispatched (node:internal/stream_base_commons:159:15)
    at writeGeneric (node:internal/stream_base_commons:150:3)
    at Socket._writeGeneric (node:net:966:11)
    at Socket._write (node:net:978:8)
    at writeOrBuffer (node:internal/streams/writable:572:12)
    at _write (node:internal/streams/writable:501:10)
    at Writable.write (node:internal/streams/writable:510:10)
    at Console.log (/Users/tcjr/Library/pnpm/global/5/.pnpm/winston@3.11.0/node_modules/winston/lib/winston/transports/console.js:79:23)
    at Console._write (/Users/tcjr/Library/pnpm/global/5/.pnpm/winston-transport@4.6.0/node_modules/winston-transport/index.js:103:17)
    at doWrite (/Users/tcjr/Library/pnpm/global/5/.pnpm/readable-stream@3.6.2/node_modules/readable-stream/lib/_stream_writable.js:390:139)
[error] 
[error] Error: An unexpected error has occurred.
[debug] [2026-02-22T03:22:36.416Z] Error: write EPIPE
    at afterWriteDispatched (node:internal/stream_base_commons:159:15)
    at writeGeneric (node:internal/stream_base_commons:150:3)
    at Socket._writeGeneric (node:net:966:11)
    at Socket._write (node:net:978:8)
    at writeOrBuffer (node:internal/streams/writable:572:12)
    at _write (node:internal/streams/writable:501:10)
    at Writable.write (node:internal/streams/writable:510:10)
    at Console.log (/Users/tcjr/Library/pnpm/global/5/.pnpm/winston@3.11.0/node_modules/winston/lib/winston/transports/console.js:79:23)
    at Console._write (/Users/tcjr/Library/pnpm/global/5/.pnpm/winston-transport@4.6.0/node_modules/winston-transport/index.js:103:17)
    at doWrite (/Users/tcjr/Library/pnpm/global/5/.pnpm/readable-stream@3.6.2/node_modules/readable-stream/lib/_stream_writable.js:390:139)
[error] 
[error] Error: An unexpected error has occurred.
[debug] [2026-02-22T03:22:36.416Z] Error: write EPIPE
    at afterWriteDispatched (node:internal/stream_base_commons:159:15)
    at writeGeneric (node:internal/stream_base_commons:150:3)
    at Socket._writeGeneric (node:net:966:11)
    at Socket._write (node:net:978:8)
    at writeOrBuffer (node:internal/streams/writable:572:12)
    at _write (node:internal/streams/writable:501:10)
    at Writable.write (node:internal/streams/writable:510:10)
    at Console.log (/Users/tcjr/Library/pnpm/global/5/.pnpm/winston@3.11.0/node_modules/winston/lib/winston/transports/console.js:79:23)
    at Console._write (/Users/tcjr/Library/pnpm/global/5/.pnpm/winston-transport@4.6.0/node_modules/winston-transport/index.js:103:17)
    at doWrite (/Users/tcjr/Library/pnpm/global/5/.pnpm/readable-stream@3.6.2/node_modules/readable-stream/lib/_stream_writable.js:390:139)
[error] 
[error] Error: An unexpected error has occurred.
[debug] [2026-02-22T03:22:36.416Z] Error: write EPIPE
    at afterWriteDispatched (node:internal/stream_base_commons:159:15)
    at writeGeneric (node:internal/stream_base_commons:150:3)
    at Socket._writeGeneric (node:net:966:11)
    at Socket._write (node:net:978:8)
    at writeOrBuffer (node:internal/streams/writable:572:12)
    at _write (node:internal/streams/writable:501:10)
    at Writable.write (node:internal/streams/writable:510:10)
    at Console.log (/Users/tcjr/Library/pnpm/global/5/.pnpm/winston@3.11.0/node_modules/winston/lib/winston/transports/console.js:79:23)
    at Console._write (/Users/tcjr/Library/pnpm/global/5/.pnpm/winston-transport@4.6.0/node_modules/winston-transport/index.js:103:17)
    at doWrite (/Users/tcjr/Library/pnpm/global/5/.pnpm/readable-stream@3.6.2/node_modules/readable-stream/lib/_stream_writable.js:390:139)
[error] 
[error] Error: An unexpected error has occurred.
[debug] [2026-02-22T03:22:36.416Z] Error: write EPIPE
    at afterWriteDispatched (node:internal/stream_base_commons:159:15)
    at writeGeneric (node:internal/stream_base_commons:150:3)
    at Socket._writeGeneric (node:net:966:11)
    at Socket._write (node:net:978:8)
    at writeOrBuffer (node:internal/streams/writable:572:12)
    at _write (node:internal/streams/writable:501:10)
    at Writable.write (node:internal/streams/writable:510:10)
    at Console.log (/Users/tcjr/Library/pnpm/global/5/.pnpm/winston@3.11.0/node_modules/winston/lib/winston/transports/console.js:79:23)
    at Console._write (/Users/tcjr/Library/pnpm/global/5/.pnpm/winston-transport@4.6.0/node_modules/winston-transport/index.js:103:17)
    at doWrite (/Users/tcjr/Library/pnpm/global/5/.pnpm/readable-stream@3.6.2/node_modules/readable-stream/lib/_stream_writable.js:390:139)
[error] 
[error] Error: An unexpected error has occurred.
[debug] [2026-02-22T03:22:36.416Z] Error: write EPIPE
    at afterWriteDispatched (node:internal/stream_base_commons:159:15)
    at writeGeneric (node:internal/stream_base_commons:150:3)
    at Socket._writeGeneric (node:net:966:11)
    at Socket._write (node:net:978:8)
    at writeOrBuffer (node:internal/streams/writable:572:12)
    at _write (node:internal/streams/writable:501:10)
    at Writable.write (node:internal/streams/writable:510:10)
    at Console.log (/Users/tcjr/Library/pnpm/global/5/.pnpm/winston@3.11.0/node_modules/winston/lib/winston/transports/console.js:79:23)
    at Console._write (/Users/tcjr/Library/pnpm/global/5/.pnpm/winston-transport@4.6.0/node_modules/winston-transport/index.js:103:17)
    at doWrite (/Users/tcjr/Library/pnpm/global/5/.pnpm/readable-stream@3.6.2/node_modules/readable-stream/lib/_stream_writable.js:390:139)
[error] 
[error] Error: An unexpected error has occurred.
[debug] [2026-02-22T03:22:36.416Z] Error: write EPIPE
    at afterWriteDispatched (node:internal/stream_base_commons:159:15)
    at writeGeneric (node:internal/stream_base_commons:150:3)
    at Socket._writeGeneric (node:net:966:11)
    at Socket._write (node:net:978:8)
    at writeOrBuffer (node:internal/streams/writable:572:12)
    at _write (node:internal/streams/writable:501:10)
    at Writable.write (node:internal/streams/writable:510:10)
    at Console.log (/Users/tcjr/Library/pnpm/global/5/.pnpm/winston@3.11.0/node_modules/winston/lib/winston/transports/console.js:79:23)
    at Console._write (/Users/tcjr/Library/pnpm/global/5/.pnpm/winston-transport@4.6.0/node_modules/winston-transport/index.js:103:17)
    at doWrite (/Users/tcjr/Library/pnpm/global/5/.pnpm/readable-stream@3.6.2/node_modules/readable-stream/lib/_stream_writable.js:390:139)
[error] 
[error] Error: An unexpected error has occurred.
[debug] [2026-02-22T03:22:36.416Z] Error: write EPIPE
    at afterWriteDispatched (node:internal/stream_base_commons:159:15)
    at writeGeneric (node:internal/stream_base_commons:150:3)
    at Socket._writeGeneric (node:net:966:11)
    at Socket._write (node:net:978:8)
    at writeOrBuffer (node:internal/streams/writable:572:12)
    at _write (node:internal/streams/writable:501:10)
    at Writable.write (node:internal/streams/writable:510:10)
    at Console.log (/Users/tcjr/Library/pnpm/global/5/.pnpm/winston@3.11.0/node_modules/winston/lib/winston/transports/console.js:79:23)
    at Console._write (/Users/tcjr/Library/pnpm/global/5/.pnpm/winston-transport@4.6.0/node_modules/winston-transport/index.js:103:17)
    at doWrite (/Users/tcjr/Library/pnpm/global/5/.pnpm/readable-stream@3.6.2/node_modules/readable-stream/lib/_stream_writable.js:390:139)
[error] 
[error] Error: An unexpected error has occurred.
[debug] [2026-02-22T03:22:36.417Z] Error: write EPIPE
    at afterWriteDispatched (node:internal/stream_base_commons:159:15)
    at writeGeneric (node:internal/stream_base_commons:150:3)
    at Socket._writeGeneric (node:net:966:11)
    at Socket._write (node:net:978:8)
    at writeOrBuffer (node:internal/streams/writable:572:12)
    at _write (node:internal/streams/writable:501:10)
    at Writable.write (node:internal/streams/writable:510:10)
    at Console.log (/Users/tcjr/Library/pnpm/global/5/.pnpm/winston@3.11.0/node_modules/winston/lib/winston/transports/console.js:79:23)
    at Console._write (/Users/tcjr/Library/pnpm/global/5/.pnpm/winston-transport@4.6.0/node_modules/winston-transport/index.js:103:17)
    at doWrite (/Users/tcjr/Library/pnpm/global/5/.pnpm/readable-stream@3.6.2/node_modules/readable-stream/lib/_stream_writable.js:390:139)
[error] 
[error] Error: An unexpected error has occurred.
[debug] [2026-02-22T03:22:36.417Z] Error: write EPIPE
    at afterWriteDispatched (node:internal/stream_base_commons:159:15)
    at writeGeneric (node:internal/stream_base_commons:150:3)
    at Socket._writeGeneric (node:net:966:11)
    at Socket._write (node:net:978:8)
    at writeOrBuffer (node:internal/streams/writable:572:12)
    at _write (node:internal/streams/writable:501:10)
    at Writable.write (node:internal/streams/writable:510:10)
    at Console.log (/Users/tcjr/Library/pnpm/global/5/.pnpm/winston@3.11.0/node_modules/winston/lib/winston/transports/console.js:79:23)
    at Console._write (/Users/tcjr/Library/pnpm/global/5/.pnpm/winston-transport@4.6.0/node_modules/winston-transport/index.js:103:17)
    at doWrite (/Users/tcjr/Library/pnpm/global/5/.pnpm/readable-stream@3.6.2/node_modules/readable-stream/lib/_stream_writable.js:390:139)
[error] 
[error] Error: An unexpected error has occurred.
[debug] [2026-02-22T03:22:36.417Z] Error: write EPIPE
    at afterWriteDispatched (node:internal/stream_base_commons:159:15)
    at writeGeneric (node:internal/stream_base_commons:150:3)
    at Socket._writeGeneric (node:net:966:11)
    at Socket._write (node:net:978:8)
    at writeOrBuffer (node:internal/streams/writable:572:12)
    at _write (node:internal/streams/writable:501:10)
    at Writable.write (node:internal/streams/writable:510:10)
    at Console.log (/Users/tcjr/Library/pnpm/global/5/.pnpm/winston@3.11.0/node_modules/winston/lib/winston/transports/console.js:79:23)
    at Console._write (/Users/tcjr/Library/pnpm/global/5/.pnpm/winston-transport@4.6.0/node_modules/winston-transport/index.js:103:17)
    at doWrite (/Users/tcjr/Library/pnpm/global/5/.pnpm/readable-stream@3.6.2/node_modules/readable-stream/lib/_stream_writable.js:390:139)
[error] 
[error] Error: An unexpected error has occurred.
[debug] [2026-02-22T03:22:36.418Z] Error: write EPIPE
    at afterWriteDispatched (node:internal/stream_base_commons:159:15)
    at writeGeneric (node:internal/stream_base_commons:150:3)
    at Socket._writeGeneric (node:net:966:11)
    at Socket._write (node:net:978:8)
    at writeOrBuffer (node:internal/streams/writable:572:12)
    at _write (node:internal/streams/writable:501:10)
    at Writable.write (node:internal/streams/writable:510:10)
    at Console.log (/Users/tcjr/Library/pnpm/global/5/.pnpm/winston@3.11.0/node_modules/winston/lib/winston/transports/console.js:79:23)
    at Console._write (/Users/tcjr/Library/pnpm/global/5/.pnpm/winston-transport@4.6.0/node_modules/winston-transport/index.js:103:17)
    at doWrite (/Users/tcjr/Library/pnpm/global/5/.pnpm/readable-stream@3.6.2/node_modules/readable-stream/lib/_stream_writable.js:390:139)
[error] 
[error] Error: An unexpected error has occurred.
[debug] [2026-02-22T03:22:36.418Z] Error: write EPIPE
    at afterWriteDispatched (node:internal/stream_base_commons:159:15)
    at writeGeneric (node:internal/stream_base_commons:150:3)
    at Socket._writeGeneric (node:net:966:11)
    at Socket._write (node:net:978:8)
    at writeOrBuffer (node:internal/streams/writable:572:12)
    at _write (node:internal/streams/writable:501:10)
    at Writable.write (node:internal/streams/writable:510:10)
    at Console.log (/Users/tcjr/Library/pnpm/global/5/.pnpm/winston@3.11.0/node_modules/winston/lib/winston/transports/console.js:79:23)
    at Console._write (/Users/tcjr/Library/pnpm/global/5/.pnpm/winston-transport@4.6.0/node_modules/winston-transport/index.js:103:17)
    at doWrite (/Users/tcjr/Library/pnpm/global/5/.pnpm/readable-stream@3.6.2/node_modules/readable-stream/lib/_stream_writable.js:390:139)
[error] 
[error] Error: An unexpected error has occurred.
[debug] [2026-02-22T03:22:36.418Z] Error: write EPIPE
    at afterWriteDispatched (node:internal/stream_base_commons:159:15)
    at writeGeneric (node:internal/stream_base_commons:150:3)
    at Socket._writeGeneric (node:net:966:11)
    at Socket._write (node:net:978:8)
    at writeOrBuffer (node:internal/streams/writable:572:12)
    at _write (node:internal/streams/writable:501:10)
    at Writable.write (node:internal/streams/writable:510:10)
    at Console.log (/Users/tcjr/Library/pnpm/global/5/.pnpm/winston@3.11.0/node_modules/winston/lib/winston/transports/console.js:79:23)
    at Console._write (/Users/tcjr/Library/pnpm/global/5/.pnpm/winston-transport@4.6.0/node_modules/winston-transport/index.js:103:17)
    at doWrite (/Users/tcjr/Library/pnpm/global/5/.pnpm/readable-stream@3.6.2/node_modules/readable-stream/lib/_stream_writable.js:390:139)
[error] 
[error] Error: An unexpected error has occurred.
[debug] [2026-02-22T03:22:36.418Z] Error: write EPIPE
    at afterWriteDispatched (node:internal/stream_base_commons:159:15)
    at writeGeneric (node:internal/stream_base_commons:150:3)
    at Socket._writeGeneric (node:net:966:11)
    at Socket._write (node:net:978:8)
    at writeOrBuffer (node:internal/streams/writable:572:12)
    at _write (node:internal/streams/writable:501:10)
    at Writable.write (node:internal/streams/writable:510:10)
    at Console.log (/Users/tcjr/Library/pnpm/global/5/.pnpm/winston@3.11.0/node_modules/winston/lib/winston/transports/console.js:79:23)
    at Console._write (/Users/tcjr/Library/pnpm/global/5/.pnpm/winston-transport@4.6.0/node_modules/winston-transport/index.js:103:17)
    at doWrite (/Users/tcjr/Library/pnpm/global/5/.pnpm/readable-stream@3.6.2/node_modules/readable-stream/lib/_stream_writable.js:390:139)
[error] 
[error] Error: An unexpected error has occurred.
[debug] [2026-02-22T03:22:36.418Z] Error: write EPIPE
    at afterWriteDispatched (node:internal/stream_base_commons:159:15)
    at writeGeneric (node:internal/stream_base_commons:150:3)
    at Socket._writeGeneric (node:net:966:11)
    at Socket._write (node:net:978:8)
    at writeOrBuffer (node:internal/streams/writable:572:12)
    at _write (node:internal/streams/writable:501:10)
    at Writable.write (node:internal/streams/writable:510:10)
    at Console.log (/Users/tcjr/Library/pnpm/global/5/.pnpm/winston@3.11.0/node_modules/winston/lib/winston/transports/console.js:79:23)
    at Console._write (/Users/tcjr/Library/pnpm/global/5/.pnpm/winston-transport@4.6.0/node_modules/winston-transport/index.js:103:17)
    at doWrite (/Users/tcjr/Library/pnpm/global/5/.pnpm/readable-stream@3.6.2/node_modules/readable-stream/lib/_stream_writable.js:390:139)
[error] 
[error] Error: An unexpected error has occurred.
[debug] [2026-02-22T03:22:36.418Z] Error: write EPIPE
    at afterWriteDispatched (node:internal/stream_base_commons:159:15)
    at writeGeneric (node:internal/stream_base_commons:150:3)
    at Socket._writeGeneric (node:net:966:11)
    at Socket._write (node:net:978:8)
    at writeOrBuffer (node:internal/streams/writable:572:12)
    at _write (node:internal/streams/writable:501:10)
    at Writable.write (node:internal/streams/writable:510:10)
    at Console.log (/Users/tcjr/Library/pnpm/global/5/.pnpm/winston@3.11.0/node_modules/winston/lib/winston/transports/console.js:79:23)
    at Console._write (/Users/tcjr/Library/pnpm/global/5/.pnpm/winston-transport@4.6.0/node_modules/winston-transport/index.js:103:17)
    at doWrite (/Users/tcjr/Library/pnpm/global/5/.pnpm/readable-stream@3.6.2/node_modules/readable-stream/lib/_stream_writable.js:390:139)
[error] 
[error] Error: An unexpected error has occurred.
[debug] [2026-02-22T03:22:36.419Z] Error: write EPIPE
    at afterWriteDispatched (node:internal/stream_base_commons:159:15)
    at writeGeneric (node:internal/stream_base_commons:150:3)
    at Socket._writeGeneric (node:net:966:11)
    at Socket._write (node:net:978:8)
    at writeOrBuffer (node:internal/streams/writable:572:12)
    at _write (node:internal/streams/writable:501:10)
    at Writable.write (node:internal/streams/writable:510:10)
    at Console.log (/Users/tcjr/Library/pnpm/global/5/.pnpm/winston@3.11.0/node_modules/winston/lib/winston/transports/console.js:79:23)
    at Console._write (/Users/tcjr/Library/pnpm/global/5/.pnpm/winston-transport@4.6.0/node_modules/winston-transport/index.js:103:17)
    at doWrite (/Users/tcjr/Library/pnpm/global/5/.pnpm/readable-stream@3.6.2/node_modules/readable-stream/lib/_stream_writable.js:390:139)
[error] 
[error] Error: An unexpected error has occurred.
[debug] [2026-02-22T03:22:36.419Z] Error: write EPIPE
    at afterWriteDispatched (node:internal/stream_base_commons:159:15)
    at writeGeneric (node:internal/stream_base_commons:150:3)
    at Socket._writeGeneric (node:net:966:11)
    at Socket._write (node:net:978:8)
    at writeOrBuffer (node:internal/streams/writable:572:12)
    at _write (node:internal/streams/writable:501:10)
    at Writable.write (node:internal/streams/writable:510:10)
    at Console.log (/Users/tcjr/Library/pnpm/global/5/.pnpm/winston@3.11.0/node_modules/winston/lib/winston/transports/console.js:79:23)
    at Console._write (/Users/tcjr/Library/pnpm/global/5/.pnpm/winston-transport@4.6.0/node_modules/winston-transport/index.js:103:17)
    at doWrite (/Users/tcjr/Library/pnpm/global/5/.pnpm/readable-stream@3.6.2/node_modules/readable-stream/lib/_stream_writable.js:390:139)
[error] 
[error] Error: An unexpected error has occurred.
[debug] [2026-02-22T03:22:36.419Z] Error: write EPIPE
    at afterWriteDispatched (node:internal/stream_base_commons:159:15)
    at writeGeneric (node:internal/stream_base_commons:150:3)
    at Socket._writeGeneric (node:net:966:11)
    at Socket._write (node:net:978:8)
    at writeOrBuffer (node:internal/streams/writable:572:12)
    at _write (node:internal/streams/writable:501:10)
    at Writable.write (node:internal/streams/writable:510:10)
    at Console.log (/Users/tcjr/Library/pnpm/global/5/.pnpm/winston@3.11.0/node_modules/winston/lib/winston/transports/console.js:79:23)
    at Console._write (/Users/tcjr/Library/pnpm/global/5/.pnpm/winston-transport@4.6.0/node_modules/winston-transport/index.js:103:17)
    at doWrite (/Users/tcjr/Library/pnpm/global/5/.pnpm/readable-stream@3.6.2/node_modules/readable-stream/lib/_stream_writable.js:390:139)
[error] 
[error] Error: An unexpected error has occurred.
[debug] [2026-02-22T03:22:36.419Z] Error: write EPIPE
    at afterWriteDispatched (node:internal/stream_base_commons:159:15)
    at writeGeneric (node:internal/stream_base_commons:150:3)
    at Socket._writeGeneric (node:net:966:11)
    at Socket._write (node:net:978:8)
    at writeOrBuffer (node:internal/streams/writable:572:12)
    at _write (node:internal/streams/writable:501:10)
    at Writable.write (node:internal/streams/writable:510:10)
    at Console.log (/Users/tcjr/Library/pnpm/global/5/.pnpm/winston@3.11.0/node_modules/winston/lib/winston/transports/console.js:79:23)
    at Console._write (/Users/tcjr/Library/pnpm/global/5/.pnpm/winston-transport@4.6.0/node_modules/winston-transport/index.js:103:17)
    at doWrite (/Users/tcjr/Library/pnpm/global/5/.pnpm/readable-stream@3.6.2/node_modules/readable-stream/lib/_stream_writable.js:390:139)
[error] 
[error] Error: An unexpected error has occurred.
[debug] [2026-02-22T03:22:36.419Z] Error: write EPIPE
    at afterWriteDispatched (node:internal/stream_base_commons:159:15)
    at writeGeneric (node:internal/stream_base_commons:150:3)
    at Socket._writeGeneric (node:net:966:11)
    at Socket._write (node:net:978:8)
    at writeOrBuffer (node:internal/streams/writable:572:12)
    at _write (node:internal/streams/writable:501:10)
    at Writable.write (node:internal/streams/writable:510:10)
    at Console.log (/Users/tcjr/Library/pnpm/global/5/.pnpm/winston@3.11.0/node_modules/winston/lib/winston/transports/console.js:79:23)
    at Console._write (/Users/tcjr/Library/pnpm/global/5/.pnpm/winston-transport@4.6.0/node_modules/winston-transport/index.js:103:17)
    at doWrite (/Users/tcjr/Library/pnpm/global/5/.pnpm/readable-stream@3.6.2/node_modules/readable-stream/lib/_stream_writable.js:390:139)
[error] 
[error] Error: An unexpected error has occurred.
[debug] [2026-02-22T03:22:36.420Z] Error: write EPIPE
    at afterWriteDispatched (node:internal/stream_base_commons:159:15)
    at writeGeneric (node:internal/stream_base_commons:150:3)
    at Socket._writeGeneric (node:net:966:11)
    at Socket._write (node:net:978:8)
    at writeOrBuffer (node:internal/streams/writable:572:12)
    at _write (node:internal/streams/writable:501:10)
    at Writable.write (node:internal/streams/writable:510:10)
    at Console.log (/Users/tcjr/Library/pnpm/global/5/.pnpm/winston@3.11.0/node_modules/winston/lib/winston/transports/console.js:79:23)
    at Console._write (/Users/tcjr/Library/pnpm/global/5/.pnpm/winston-transport@4.6.0/node_modules/winston-transport/index.js:103:17)
    at doWrite (/Users/tcjr/Library/pnpm/global/5/.pnpm/readable-stream@3.6.2/node_modules/readable-stream/lib/_stream_writable.js:390:139)
[error] 
[error] Error: An unexpected error has occurred.
[debug] [2026-02-22T03:22:36.420Z] Error: write EPIPE
    at afterWriteDispatched (node:internal/stream_base_commons:159:15)
    at writeGeneric (node:internal/stream_base_commons:150:3)
    at Socket._writeGeneric (node:net:966:11)
    at Socket._write (node:net:978:8)
    at writeOrBuffer (node:internal/streams/writable:572:12)
    at _write (node:internal/streams/writable:501:10)
    at Writable.write (node:internal/streams/writable:510:10)
    at Console.log (/Users/tcjr/Library/pnpm/global/5/.pnpm/winston@3.11.0/node_modules/winston/lib/winston/transports/console.js:79:23)
    at Console._write (/Users/tcjr/Library/pnpm/global/5/.pnpm/winston-transport@4.6.0/node_modules/winston-transport/index.js:103:17)
    at doWrite (/Users/tcjr/Library/pnpm/global/5/.pnpm/readable-stream@3.6.2/node_modules/readable-stream/lib/_stream_writable.js:390:139)
[error] 
[error] Error: An unexpected error has occurred.
[debug] [2026-02-22T03:22:36.420Z] Error: write EPIPE
    at afterWriteDispatched (node:internal/stream_base_commons:159:15)
    at writeGeneric (node:internal/stream_base_commons:150:3)
    at Socket._writeGeneric (node:net:966:11)
    at Socket._write (node:net:978:8)
    at writeOrBuffer (node:internal/streams/writable:572:12)
    at _write (node:internal/streams/writable:501:10)
    at Writable.write (node:internal/streams/writable:510:10)
    at Console.log (/Users/tcjr/Library/pnpm/global/5/.pnpm/winston@3.11.0/node_modules/winston/lib/winston/transports/console.js:79:23)
    at Console._write (/Users/tcjr/Library/pnpm/global/5/.pnpm/winston-transport@4.6.0/node_modules/winston-transport/index.js:103:17)
    at doWrite (/Users/tcjr/Library/pnpm/global/5/.pnpm/readable-stream@3.6.2/node_modules/readable-stream/lib/_stream_writable.js:390:139)
[error] 
[error] Error: An unexpected error has occurred.
[debug] [2026-02-22T03:22:36.420Z] Error: write EPIPE
    at afterWriteDispatched (node:internal/stream_base_commons:159:15)
    at writeGeneric (node:internal/stream_base_commons:150:3)
    at Socket._writeGeneric (node:net:966:11)
    at Socket._write (node:net:978:8)
    at writeOrBuffer (node:internal/streams/writable:572:12)
    at _write (node:internal/streams/writable:501:10)
    at Writable.write (node:internal/streams/writable:510:10)
    at Console.log (/Users/tcjr/Library/pnpm/global/5/.pnpm/winston@3.11.0/node_modules/winston/lib/winston/transports/console.js:79:23)
    at Console._write (/Users/tcjr/Library/pnpm/global/5/.pnpm/winston-transport@4.6.0/node_modules/winston-transport/index.js:103:17)
    at doWrite (/Users/tcjr/Library/pnpm/global/5/.pnpm/readable-stream@3.6.2/node_modules/readable-stream/lib/_stream_writable.js:390:139)
[error] 
[error] Error: An unexpected error has occurred.
[debug] [2026-02-22T03:22:36.420Z] Error: write EPIPE
    at afterWriteDispatched (node:internal/stream_base_commons:159:15)
    at writeGeneric (node:internal/stream_base_commons:150:3)
    at Socket._writeGeneric (node:net:966:11)
    at Socket._write (node:net:978:8)
    at writeOrBuffer (node:internal/streams/writable:572:12)
    at _write (node:internal/streams/writable:501:10)
    at Writable.write (node:internal/streams/writable:510:10)
    at Console.log (/Users/tcjr/Library/pnpm/global/5/.pnpm/winston@3.11.0/node_modules/winston/lib/winston/transports/console.js:79:23)
    at Console._write (/Users/tcjr/Library/pnpm/global/5/.pnpm/winston-transport@4.6.0/node_modules/winston-transport/index.js:103:17)
    at doWrite (/Users/tcjr/Library/pnpm/global/5/.pnpm/readable-stream@3.6.2/node_modules/readable-stream/lib/_stream_writable.js:390:139)
[error] 
[error] Error: An unexpected error has occurred.
[debug] [2026-02-22T03:22:36.420Z] Error: write EPIPE
    at afterWriteDispatched (node:internal/stream_base_commons:159:15)
    at writeGeneric (node:internal/stream_base_commons:150:3)
    at Socket._writeGeneric (node:net:966:11)
    at Socket._write (node:net:978:8)
    at writeOrBuffer (node:internal/streams/writable:572:12)
    at _write (node:internal/streams/writable:501:10)
    at Writable.write (node:internal/streams/writable:510:10)
    at Console.log (/Users/tcjr/Library/pnpm/global/5/.pnpm/winston@3.11.0/node_modules/winston/lib/winston/transports/console.js:79:23)
    at Console._write (/Users/tcjr/Library/pnpm/global/5/.pnpm/winston-transport@4.6.0/node_modules/winston-transport/index.js:103:17)
    at doWrite (/Users/tcjr/Library/pnpm/global/5/.pnpm/readable-stream@3.6.2/node_modules/readable-stream/lib/_stream_writable.js:390:139)
[error] 
[error] Error: An unexpected error has occurred.
[debug] [2026-02-22T03:22:36.421Z] Error: write EPIPE
    at afterWriteDispatched (node:internal/stream_base_commons:159:15)
    at writeGeneric (node:internal/stream_base_commons:150:3)
    at Socket._writeGeneric (node:net:966:11)
    at Socket._write (node:net:978:8)
    at writeOrBuffer (node:internal/streams/writable:572:12)
    at _write (node:internal/streams/writable:501:10)
    at Writable.write (node:internal/streams/writable:510:10)
    at Console.log (/Users/tcjr/Library/pnpm/global/5/.pnpm/winston@3.11.0/node_modules/winston/lib/winston/transports/console.js:79:23)
    at Console._write (/Users/tcjr/Library/pnpm/global/5/.pnpm/winston-transport@4.6.0/node_modules/winston-transport/index.js:103:17)
    at doWrite (/Users/tcjr/Library/pnpm/global/5/.pnpm/readable-stream@3.6.2/node_modules/readable-stream/lib/_stream_writable.js:390:139)
[error] 
[error] Error: An unexpected error has occurred.
[debug] [2026-02-22T03:22:36.421Z] Error: write EPIPE
    at afterWriteDispatched (node:internal/stream_base_commons:159:15)
    at writeGeneric (node:internal/stream_base_commons:150:3)
    at Socket._writeGeneric (node:net:966:11)
    at Socket._write (node:net:978:8)
    at writeOrBuffer (node:internal/streams/writable:572:12)
    at _write (node:internal/streams/writable:501:10)
    at Writable.write (node:internal/streams/writable:510:10)
    at Console.log (/Users/tcjr/Library/pnpm/global/5/.pnpm/winston@3.11.0/node_modules/winston/lib/winston/transports/console.js:79:23)
    at Console._write (/Users/tcjr/Library/pnpm/global/5/.pnpm/winston-transport@4.6.0/node_modules/winston-transport/index.js:103:17)
    at doWrite (/Users/tcjr/Library/pnpm/global/5/.pnpm/readable-stream@3.6.2/node_modules/readable-stream/lib/_stream_writable.js:390:139)
[error] 
[error] Error: An unexpected error has occurred.
[debug] [2026-02-22T03:22:36.421Z] Error: write EPIPE
    at afterWriteDispatched (node:internal/stream_base_commons:159:15)
    at writeGeneric (node:internal/stream_base_commons:150:3)
    at Socket._writeGeneric (node:net:966:11)
    at Socket._write (node:net:978:8)
    at writeOrBuffer (node:internal/streams/writable:572:12)
    at _write (node:internal/streams/writable:501:10)
    at Writable.write (node:internal/streams/writable:510:10)
    at Console.log (/Users/tcjr/Library/pnpm/global/5/.pnpm/winston@3.11.0/node_modules/winston/lib/winston/transports/console.js:79:23)
    at Console._write (/Users/tcjr/Library/pnpm/global/5/.pnpm/winston-transport@4.6.0/node_modules/winston-transport/index.js:103:17)
    at doWrite (/Users/tcjr/Library/pnpm/global/5/.pnpm/readable-stream@3.6.2/node_modules/readable-stream/lib/_stream_writable.js:390:139)
[error] 
[error] Error: An unexpected error has occurred.
[debug] [2026-02-22T03:22:36.421Z] Error: write EPIPE
    at afterWriteDispatched (node:internal/stream_base_commons:159:15)
    at writeGeneric (node:internal/stream_base_commons:150:3)
    at Socket._writeGeneric (node:net:966:11)
    at Socket._write (node:net:978:8)
    at writeOrBuffer (node:internal/streams/writable:572:12)
    at _write (node:internal/streams/writable:501:10)
    at Writable.write (node:internal/streams/writable:510:10)
    at Console.log (/Users/tcjr/Library/pnpm/global/5/.pnpm/winston@3.11.0/node_modules/winston/lib/winston/transports/console.js:79:23)
    at Console._write (/Users/tcjr/Library/pnpm/global/5/.pnpm/winston-transport@4.6.0/node_modules/winston-transport/index.js:103:17)
    at doWrite (/Users/tcjr/Library/pnpm/global/5/.pnpm/readable-stream@3.6.2/node_modules/readable-stream/lib/_stream_writable.js:390:139)
[error] 
[error] Error: An unexpected error has occurred.
[debug] [2026-02-22T03:22:36.421Z] Error: write EPIPE
    at afterWriteDispatched (node:internal/stream_base_commons:159:15)
    at writeGeneric (node:internal/stream_base_commons:150:3)
    at Socket._writeGeneric (node:net:966:11)
    at Socket._write (node:net:978:8)
    at writeOrBuffer (node:internal/streams/writable:572:12)
    at _write (node:internal/streams/writable:501:10)
    at Writable.write (node:internal/streams/writable:510:10)
    at Console.log (/Users/tcjr/Library/pnpm/global/5/.pnpm/winston@3.11.0/node_modules/winston/lib/winston/transports/console.js:79:23)
    at Console._write (/Users/tcjr/Library/pnpm/global/5/.pnpm/winston-transport@4.6.0/node_modules/winston-transport/index.js:103:17)
    at doWrite (/Users/tcjr/Library/pnpm/global/5/.pnpm/readable-stream@3.6.2/node_modules/readable-stream/lib/_stream_writable.js:390:139)
[error] 
[error] Error: An unexpected error has occurred.
[debug] [2026-02-22T03:22:36.421Z] Error: write EPIPE
    at afterWriteDispatched (node:internal/stream_base_commons:159:15)
    at writeGeneric (node:internal/stream_base_commons:150:3)
    at Socket._writeGeneric (node:net:966:11)
    at Socket._write (node:net:978:8)
    at writeOrBuffer (node:internal/streams/writable:572:12)
    at _write (node:internal/streams/writable:501:10)
    at Writable.write (node:internal/streams/writable:510:10)
    at Console.log (/Users/tcjr/Library/pnpm/global/5/.pnpm/winston@3.11.0/node_modules/winston/lib/winston/transports/console.js:79:23)
    at Console._write (/Users/tcjr/Library/pnpm/global/5/.pnpm/winston-transport@4.6.0/node_modules/winston-transport/index.js:103:17)
    at doWrite (/Users/tcjr/Library/pnpm/global/5/.pnpm/readable-stream@3.6.2/node_modules/readable-stream/lib/_stream_writable.js:390:139)
[error] 
[error] Error: An unexpected error has occurred.
[debug] [2026-02-22T03:22:36.421Z] Error: write EPIPE
    at afterWriteDispatched (node:internal/stream_base_commons:159:15)
    at writeGeneric (node:internal/stream_base_commons:150:3)
    at Socket._writeGeneric (node:net:966:11)
    at Socket._write (node:net:978:8)
    at writeOrBuffer (node:internal/streams/writable:572:12)
    at _write (node:internal/streams/writable:501:10)
    at Writable.write (node:internal/streams/writable:510:10)
    at Console.log (/Users/tcjr/Library/pnpm/global/5/.pnpm/winston@3.11.0/node_modules/winston/lib/winston/transports/console.js:79:23)
    at Console._write (/Users/tcjr/Library/pnpm/global/5/.pnpm/winston-transport@4.6.0/node_modules/winston-transport/index.js:103:17)
    at doWrite (/Users/tcjr/Library/pnpm/global/5/.pnpm/readable-stream@3.6.2/node_modules/readable-stream/lib/_stream_writable.js:390:139)
[error] 
[error] Error: An unexpected error has occurred.
[debug] [2026-02-22T03:22:36.422Z] Error: write EPIPE
    at afterWriteDispatched (node:internal/stream_base_commons:159:15)
    at writeGeneric (node:internal/stream_base_commons:150:3)
    at Socket._writeGeneric (node:net:966:11)
    at Socket._write (node:net:978:8)
    at writeOrBuffer (node:internal/streams/writable:572:12)
    at _write (node:internal/streams/writable:501:10)
    at Writable.write (node:internal/streams/writable:510:10)
    at Console.log (/Users/tcjr/Library/pnpm/global/5/.pnpm/winston@3.11.0/node_modules/winston/lib/winston/transports/console.js:79:23)
    at Console._write (/Users/tcjr/Library/pnpm/global/5/.pnpm/winston-transport@4.6.0/node_modules/winston-transport/index.js:103:17)
    at doWrite (/Users/tcjr/Library/pnpm/global/5/.pnpm/readable-stream@3.6.2/node_modules/readable-stream/lib/_stream_writable.js:390:139)
[error] 
[error] Error: An unexpected error has occurred.
[debug] [2026-02-22T03:22:36.422Z] Error: write EPIPE
    at afterWriteDispatched (node:internal/stream_base_commons:159:15)
    at writeGeneric (node:internal/stream_base_commons:150:3)
    at Socket._writeGeneric (node:net:966:11)
    at Socket._write (node:net:978:8)
    at writeOrBuffer (node:internal/streams/writable:572:12)
    at _write (node:internal/streams/writable:501:10)
    at Writable.write (node:internal/streams/writable:510:10)
    at Console.log (/Users/tcjr/Library/pnpm/global/5/.pnpm/winston@3.11.0/node_modules/winston/lib/winston/transports/console.js:79:23)
    at Console._write (/Users/tcjr/Library/pnpm/global/5/.pnpm/winston-transport@4.6.0/node_modules/winston-transport/index.js:103:17)
    at doWrite (/Users/tcjr/Library/pnpm/global/5/.pnpm/readable-stream@3.6.2/node_modules/readable-stream/lib/_stream_writable.js:390:139)
[error] 
[error] Error: An unexpected error has occurred.
[debug] [2026-02-22T03:22:36.422Z] Error: write EPIPE
    at afterWriteDispatched (node:internal/stream_base_commons:159:15)
    at writeGeneric (node:internal/stream_base_commons:150:3)
    at Socket._writeGeneric (node:net:966:11)
    at Socket._write (node:net:978:8)
    at writeOrBuffer (node:internal/streams/writable:572:12)
    at _write (node:internal/streams/writable:501:10)
    at Writable.write (node:internal/streams/writable:510:10)
    at Console.log (/Users/tcjr/Library/pnpm/global/5/.pnpm/winston@3.11.0/node_modules/winston/lib/winston/transports/console.js:79:23)
    at Console._write (/Users/tcjr/Library/pnpm/global/5/.pnpm/winston-transport@4.6.0/node_modules/winston-transport/index.js:103:17)
    at doWrite (/Users/tcjr/Library/pnpm/global/5/.pnpm/readable-stream@3.6.2/node_modules/readable-stream/lib/_stream_writable.js:390:139)
[error] 
[error] Error: An unexpected error has occurred.
[debug] [2026-02-22T03:22:36.422Z] Error: write EPIPE
    at afterWriteDispatched (node:internal/stream_base_commons:159:15)
    at writeGeneric (node:internal/stream_base_commons:150:3)
    at Socket._writeGeneric (node:net:966:11)
    at Socket._write (node:net:978:8)
    at writeOrBuffer (node:internal/streams/writable:572:12)
    at _write (node:internal/streams/writable:501:10)
    at Writable.write (node:internal/streams/writable:510:10)
    at Console.log (/Users/tcjr/Library/pnpm/global/5/.pnpm/winston@3.11.0/node_modules/winston/lib/winston/transports/console.js:79:23)
    at Console._write (/Users/tcjr/Library/pnpm/global/5/.pnpm/winston-transport@4.6.0/node_modules/winston-transport/index.js:103:17)
    at doWrite (/Users/tcjr/Library/pnpm/global/5/.pnpm/readable-stream@3.6.2/node_modules/readable-stream/lib/_stream_writable.js:390:139)
[error] 
[error] Error: An unexpected error has occurred.
[debug] [2026-02-22T03:22:36.422Z] Error: write EPIPE
    at afterWriteDispatched (node:internal/stream_base_commons:159:15)
    at writeGeneric (node:internal/stream_base_commons:150:3)
    at Socket._writeGeneric (node:net:966:11)
    at Socket._write (node:net:978:8)
    at writeOrBuffer (node:internal/streams/writable:572:12)
    at _write (node:internal/streams/writable:501:10)
    at Writable.write (node:internal/streams/writable:510:10)
    at Console.log (/Users/tcjr/Library/pnpm/global/5/.pnpm/winston@3.11.0/node_modules/winston/lib/winston/transports/console.js:79:23)
    at Console._write (/Users/tcjr/Library/pnpm/global/5/.pnpm/winston-transport@4.6.0/node_modules/winston-transport/index.js:103:17)
    at doWrite (/Users/tcjr/Library/pnpm/global/5/.pnpm/readable-stream@3.6.2/node_modules/readable-stream/lib/_stream_writable.js:390:139)
[error] 
[error] Error: An unexpected error has occurred.
[debug] [2026-02-22T03:22:36.422Z] Error: write EPIPE
    at afterWriteDispatched (node:internal/stream_base_commons:159:15)
    at writeGeneric (node:internal/stream_base_commons:150:3)
    at Socket._writeGeneric (node:net:966:11)
    at Socket._write (node:net:978:8)
    at writeOrBuffer (node:internal/streams/writable:572:12)
    at _write (node:internal/streams/writable:501:10)
    at Writable.write (node:internal/streams/writable:510:10)
    at Console.log (/Users/tcjr/Library/pnpm/global/5/.pnpm/winston@3.11.0/node_modules/winston/lib/winston/transports/console.js:79:23)
    at Console._write (/Users/tcjr/Library/pnpm/global/5/.pnpm/winston-transport@4.6.0/node_modules/winston-transport/index.js:103:17)
    at doWrite (/Users/tcjr/Library/pnpm/global/5/.pnpm/readable-stream@3.6.2/node_modules/readable-stream/lib/_stream_writable.js:390:139)
[error] 
[error] Error: An unexpected error has occurred.
[debug] [2026-02-22T03:22:36.422Z] Error: write EPIPE
    at afterWriteDispatched (node:internal/stream_base_commons:159:15)
    at writeGeneric (node:internal/stream_base_commons:150:3)
    at Socket._writeGeneric (node:net:966:11)
    at Socket._write (node:net:978:8)
    at writeOrBuffer (node:internal/streams/writable:572:12)
    at _write (node:internal/streams/writable:501:10)
    at Writable.write (node:internal/streams/writable:510:10)
    at Console.log (/Users/tcjr/Library/pnpm/global/5/.pnpm/winston@3.11.0/node_modules/winston/lib/winston/transports/console.js:79:23)
    at Console._write (/Users/tcjr/Library/pnpm/global/5/.pnpm/winston-transport@4.6.0/node_modules/winston-transport/index.js:103:17)
    at doWrite (/Users/tcjr/Library/pnpm/global/5/.pnpm/readable-stream@3.6.2/node_modules/readable-stream/lib/_stream_writable.js:390:139)
[error] 
[error] Error: An unexpected error has occurred.
[debug] [2026-02-22T03:22:36.423Z] Error: write EPIPE
    at afterWriteDispatched (node:internal/stream_base_commons:159:15)
    at writeGeneric (node:internal/stream_base_commons:150:3)
    at Socket._writeGeneric (node:net:966:11)
    at Socket._write (node:net:978:8)
    at writeOrBuffer (node:internal/streams/writable:572:12)
    at _write (node:internal/streams/writable:501:10)
    at Writable.write (node:internal/streams/writable:510:10)
    at Console.log (/Users/tcjr/Library/pnpm/global/5/.pnpm/winston@3.11.0/node_modules/winston/lib/winston/transports/console.js:79:23)
    at Console._write (/Users/tcjr/Library/pnpm/global/5/.pnpm/winston-transport@4.6.0/node_modules/winston-transport/index.js:103:17)
    at doWrite (/Users/tcjr/Library/pnpm/global/5/.pnpm/readable-stream@3.6.2/node_modules/readable-stream/lib/_stream_writable.js:390:139)
[error] 
[error] Error: An unexpected error has occurred.
[debug] [2026-02-22T03:22:36.423Z] Error: write EPIPE
    at afterWriteDispatched (node:internal/stream_base_commons:159:15)
    at writeGeneric (node:internal/stream_base_commons:150:3)
    at Socket._writeGeneric (node:net:966:11)
    at Socket._write (node:net:978:8)
    at writeOrBuffer (node:internal/streams/writable:572:12)
    at _write (node:internal/streams/writable:501:10)
    at Writable.write (node:internal/streams/writable:510:10)
    at Console.log (/Users/tcjr/Library/pnpm/global/5/.pnpm/winston@3.11.0/node_modules/winston/lib/winston/transports/console.js:79:23)
    at Console._write (/Users/tcjr/Library/pnpm/global/5/.pnpm/winston-transport@4.6.0/node_modules/winston-transport/index.js:103:17)
    at doWrite (/Users/tcjr/Library/pnpm/global/5/.pnpm/readable-stream@3.6.2/node_modules/readable-stream/lib/_stream_writable.js:390:139)
[error] 
[error] Error: An unexpected error has occurred.
[debug] [2026-02-22T03:22:36.423Z] Error: write EPIPE
    at afterWriteDispatched (node:internal/stream_base_commons:159:15)
    at writeGeneric (node:internal/stream_base_commons:150:3)
    at Socket._writeGeneric (node:net:966:11)
    at Socket._write (node:net:978:8)
    at writeOrBuffer (node:internal/streams/writable:572:12)
    at _write (node:internal/streams/writable:501:10)
    at Writable.write (node:internal/streams/writable:510:10)
    at Console.log (/Users/tcjr/Library/pnpm/global/5/.pnpm/winston@3.11.0/node_modules/winston/lib/winston/transports/console.js:79:23)
    at Console._write (/Users/tcjr/Library/pnpm/global/5/.pnpm/winston-transport@4.6.0/node_modules/winston-transport/index.js:103:17)
    at doWrite (/Users/tcjr/Library/pnpm/global/5/.pnpm/readable-stream@3.6.2/node_modules/readable-stream/lib/_stream_writable.js:390:139)
[error] 
[error] Error: An unexpected error has occurred.
[debug] [2026-02-22T03:22:36.423Z] Error: write EPIPE
    at afterWriteDispatched (node:internal/stream_base_commons:159:15)
    at writeGeneric (node:internal/stream_base_commons:150:3)
    at Socket._writeGeneric (node:net:966:11)
    at Socket._write (node:net:978:8)
    at writeOrBuffer (node:internal/streams/writable:572:12)
    at _write (node:internal/streams/writable:501:10)
    at Writable.write (node:internal/streams/writable:510:10)
    at Console.log (/Users/tcjr/Library/pnpm/global/5/.pnpm/winston@3.11.0/node_modules/winston/lib/winston/transports/console.js:79:23)
    at Console._write (/Users/tcjr/Library/pnpm/global/5/.pnpm/winston-transport@4.6.0/node_modules/winston-transport/index.js:103:17)
    at doWrite (/Users/tcjr/Library/pnpm/global/5/.pnpm/readable-stream@3.6.2/node_modules/readable-stream/lib/_stream_writable.js:390:139)
[error] 
[error] Error: An unexpected error has occurred.
[debug] [2026-02-22T03:22:36.423Z] Error: write EPIPE
    at afterWriteDispatched (node:internal/stream_base_commons:159:15)
    at writeGeneric (node:internal/stream_base_commons:150:3)
    at Socket._writeGeneric (node:net:966:11)
    at Socket._write (node:net:978:8)
    at writeOrBuffer (node:internal/streams/writable:572:12)
    at _write (node:internal/streams/writable:501:10)
    at Writable.write (node:internal/streams/writable:510:10)
    at Console.log (/Users/tcjr/Library/pnpm/global/5/.pnpm/winston@3.11.0/node_modules/winston/lib/winston/transports/console.js:79:23)
    at Console._write (/Users/tcjr/Library/pnpm/global/5/.pnpm/winston-transport@4.6.0/node_modules/winston-transport/index.js:103:17)
    at doWrite (/Users/tcjr/Library/pnpm/global/5/.pnpm/readable-stream@3.6.2/node_modules/readable-stream/lib/_stream_writable.js:390:139)
[error] 
[error] Error: An unexpected error has occurred.
[debug] [2026-02-22T03:22:36.423Z] Error: write EPIPE
    at afterWriteDispatched (node:internal/stream_base_commons:159:15)
    at writeGeneric (node:internal/stream_base_commons:150:3)
    at Socket._writeGeneric (node:net:966:11)
    at Socket._write (node:net:978:8)
    at writeOrBuffer (node:internal/streams/writable:572:12)
    at _write (node:internal/streams/writable:501:10)
    at Writable.write (node:internal/streams/writable:510:10)
    at Console.log (/Users/tcjr/Library/pnpm/global/5/.pnpm/winston@3.11.0/node_modules/winston/lib/winston/transports/console.js:79:23)
    at Console._write (/Users/tcjr/Library/pnpm/global/5/.pnpm/winston-transport@4.6.0/node_modules/winston-transport/index.js:103:17)
    at doWrite (/Users/tcjr/Library/pnpm/global/5/.pnpm/readable-stream@3.6.2/node_modules/readable-stream/lib/_stream_writable.js:390:139)
[error] 
[error] Error: An unexpected error has occurred.
[debug] [2026-02-22T03:22:36.424Z] Error: write EPIPE
    at afterWriteDispatched (node:internal/stream_base_commons:159:15)
    at writeGeneric (node:internal/stream_base_commons:150:3)
    at Socket._writeGeneric (node:net:966:11)
    at Socket._write (node:net:978:8)
    at writeOrBuffer (node:internal/streams/writable:572:12)
    at _write (node:internal/streams/writable:501:10)
    at Writable.write (node:internal/streams/writable:510:10)
    at Console.log (/Users/tcjr/Library/pnpm/global/5/.pnpm/winston@3.11.0/node_modules/winston/lib/winston/transports/console.js:79:23)
    at Console._write (/Users/tcjr/Library/pnpm/global/5/.pnpm/winston-transport@4.6.0/node_modules/winston-transport/index.js:103:17)
    at doWrite (/Users/tcjr/Library/pnpm/global/5/.pnpm/readable-stream@3.6.2/node_modules/readable-stream/lib/_stream_writable.js:390:139)
[error] 
[error] Error: An unexpected error has occurred.
[debug] [2026-02-22T03:22:36.424Z] Error: write EPIPE
    at afterWriteDispatched (node:internal/stream_base_commons:159:15)
    at writeGeneric (node:internal/stream_base_commons:150:3)
    at Socket._writeGeneric (node:net:966:11)
    at Socket._write (node:net:978:8)
    at writeOrBuffer (node:internal/streams/writable:572:12)
    at _write (node:internal/streams/writable:501:10)
    at Writable.write (node:internal/streams/writable:510:10)
    at Console.log (/Users/tcjr/Library/pnpm/global/5/.pnpm/winston@3.11.0/node_modules/winston/lib/winston/transports/console.js:79:23)
    at Console._write (/Users/tcjr/Library/pnpm/global/5/.pnpm/winston-transport@4.6.0/node_modules/winston-transport/index.js:103:17)
    at doWrite (/Users/tcjr/Library/pnpm/global/5/.pnpm/readable-stream@3.6.2/node_modules/readable-stream/lib/_stream_writable.js:390:139)
[error] 
[error] Error: An unexpected error has occurred.
[debug] [2026-02-22T03:22:36.424Z] Error: write EPIPE
    at afterWriteDispatched (node:internal/stream_base_commons:159:15)
    at writeGeneric (node:internal/stream_base_commons:150:3)
    at Socket._writeGeneric (node:net:966:11)
    at Socket._write (node:net:978:8)
    at writeOrBuffer (node:internal/streams/writable:572:12)
    at _write (node:internal/streams/writable:501:10)
    at Writable.write (node:internal/streams/writable:510:10)
    at Console.log (/Users/tcjr/Library/pnpm/global/5/.pnpm/winston@3.11.0/node_modules/winston/lib/winston/transports/console.js:79:23)
    at Console._write (/Users/tcjr/Library/pnpm/global/5/.pnpm/winston-transport@4.6.0/node_modules/winston-transport/index.js:103:17)
    at doWrite (/Users/tcjr/Library/pnpm/global/5/.pnpm/readable-stream@3.6.2/node_modules/readable-stream/lib/_stream_writable.js:390:139)
[error] 
[error] Error: An unexpected error has occurred.
[debug] [2026-02-22T03:22:36.424Z] Error: write EPIPE
    at afterWriteDispatched (node:internal/stream_base_commons:159:15)
    at writeGeneric (node:internal/stream_base_commons:150:3)
    at Socket._writeGeneric (node:net:966:11)
    at Socket._write (node:net:978:8)
    at writeOrBuffer (node:internal/streams/writable:572:12)
    at _write (node:internal/streams/writable:501:10)
    at Writable.write (node:internal/streams/writable:510:10)
    at Console.log (/Users/tcjr/Library/pnpm/global/5/.pnpm/winston@3.11.0/node_modules/winston/lib/winston/transports/console.js:79:23)
    at Console._write (/Users/tcjr/Library/pnpm/global/5/.pnpm/winston-transport@4.6.0/node_modules/winston-transport/index.js:103:17)
    at doWrite (/Users/tcjr/Library/pnpm/global/5/.pnpm/readable-stream@3.6.2/node_modules/readable-stream/lib/_stream_writable.js:390:139)
[error] 
[error] Error: An unexpected error has occurred.
[debug] [2026-02-22T03:22:36.425Z] Error: write EPIPE
    at afterWriteDispatched (node:internal/stream_base_commons:159:15)
    at writeGeneric (node:internal/stream_base_commons:150:3)
    at Socket._writeGeneric (node:net:966:11)
    at Socket._write (node:net:978:8)
    at writeOrBuffer (node:internal/streams/writable:572:12)
    at _write (node:internal/streams/writable:501:10)
    at Writable.write (node:internal/streams/writable:510:10)
    at Console.log (/Users/tcjr/Library/pnpm/global/5/.pnpm/winston@3.11.0/node_modules/winston/lib/winston/transports/console.js:79:23)
    at Console._write (/Users/tcjr/Library/pnpm/global/5/.pnpm/winston-transport@4.6.0/node_modules/winston-transport/index.js:103:17)
    at doWrite (/Users/tcjr/Library/pnpm/global/5/.pnpm/readable-stream@3.6.2/node_modules/readable-stream/lib/_stream_writable.js:390:139)
[error] 
[error] Error: An unexpected error has occurred.
[debug] [2026-02-22T03:22:36.426Z] Error: write EPIPE
    at afterWriteDispatched (node:internal/stream_base_commons:159:15)
    at writeGeneric (node:internal/stream_base_commons:150:3)
    at Socket._writeGeneric (node:net:966:11)
    at Socket._write (node:net:978:8)
    at writeOrBuffer (node:internal/streams/writable:572:12)
    at _write (node:internal/streams/writable:501:10)
    at Writable.write (node:internal/streams/writable:510:10)
    at Console.log (/Users/tcjr/Library/pnpm/global/5/.pnpm/winston@3.11.0/node_modules/winston/lib/winston/transports/console.js:79:23)
    at Console._write (/Users/tcjr/Library/pnpm/global/5/.pnpm/winston-transport@4.6.0/node_modules/winston-transport/index.js:103:17)
    at doWrite (/Users/tcjr/Library/pnpm/global/5/.pnpm/readable-stream@3.6.2/node_modules/readable-stream/lib/_stream_writable.js:390:139)
[error] 
[error] Error: An unexpected error has occurred.
[debug] [2026-02-22T03:22:36.426Z] Error: write EPIPE
    at afterWriteDispatched (node:internal/stream_base_commons:159:15)
    at writeGeneric (node:internal/stream_base_commons:150:3)
    at Socket._writeGeneric (node:net:966:11)
    at Socket._write (node:net:978:8)
    at writeOrBuffer (node:internal/streams/writable:572:12)
    at _write (node:internal/streams/writable:501:10)
    at Writable.write (node:internal/streams/writable:510:10)
    at Console.log (/Users/tcjr/Library/pnpm/global/5/.pnpm/winston@3.11.0/node_modules/winston/lib/winston/transports/console.js:79:23)
    at Console._write (/Users/tcjr/Library/pnpm/global/5/.pnpm/winston-transport@4.6.0/node_modules/winston-transport/index.js:103:17)
    at doWrite (/Users/tcjr/Library/pnpm/global/5/.pnpm/readable-stream@3.6.2/node_modules/readable-stream/lib/_stream_writable.js:390:139)
[error] 
[error] Error: An unexpected error has occurred.
[debug] [2026-02-22T03:22:36.426Z] Error: write EPIPE
    at afterWriteDispatched (node:internal/stream_base_commons:159:15)
    at writeGeneric (node:internal/stream_base_commons:150:3)
    at Socket._writeGeneric (node:net:966:11)
    at Socket._write (node:net:978:8)
    at writeOrBuffer (node:internal/streams/writable:572:12)
    at _write (node:internal/streams/writable:501:10)
    at Writable.write (node:internal/streams/writable:510:10)
    at Console.log (/Users/tcjr/Library/pnpm/global/5/.pnpm/winston@3.11.0/node_modules/winston/lib/winston/transports/console.js:79:23)
    at Console._write (/Users/tcjr/Library/pnpm/global/5/.pnpm/winston-transport@4.6.0/node_modules/winston-transport/index.js:103:17)
    at doWrite (/Users/tcjr/Library/pnpm/global/5/.pnpm/readable-stream@3.6.2/node_modules/readable-stream/lib/_stream_writable.js:390:139)
[error] 
[error] Error: An unexpected error has occurred.
[debug] [2026-02-22T03:22:36.427Z] Error: write EPIPE
    at afterWriteDispatched (node:internal/stream_base_commons:159:15)
    at writeGeneric (node:internal/stream_base_commons:150:3)
    at Socket._writeGeneric (node:net:966:11)
    at Socket._write (node:net:978:8)
    at writeOrBuffer (node:internal/streams/writable:572:12)
    at _write (node:internal/streams/writable:501:10)
    at Writable.write (node:internal/streams/writable:510:10)
    at Console.log (/Users/tcjr/Library/pnpm/global/5/.pnpm/winston@3.11.0/node_modules/winston/lib/winston/transports/console.js:79:23)
    at Console._write (/Users/tcjr/Library/pnpm/global/5/.pnpm/winston-transport@4.6.0/node_modules/winston-transport/index.js:103:17)
    at doWrite (/Users/tcjr/Library/pnpm/global/5/.pnpm/readable-stream@3.6.2/node_modules/readable-stream/lib/_stream_writable.js:390:139)
[error] 
[error] Error: An unexpected error has occurred.
[debug] [2026-02-22T03:22:36.427Z] Error: write EPIPE
    at afterWriteDispatched (node:internal/stream_base_commons:159:15)
    at writeGeneric (node:internal/stream_base_commons:150:3)
    at Socket._writeGeneric (node:net:966:11)
    at Socket._write (node:net:978:8)
    at writeOrBuffer (node:internal/streams/writable:572:12)
    at _write (node:internal/streams/writable:501:10)
    at Writable.write (node:internal/streams/writable:510:10)
    at Console.log (/Users/tcjr/Library/pnpm/global/5/.pnpm/winston@3.11.0/node_modules/winston/lib/winston/transports/console.js:79:23)
    at Console._write (/Users/tcjr/Library/pnpm/global/5/.pnpm/winston-transport@4.6.0/node_modules/winston-transport/index.js:103:17)
    at doWrite (/Users/tcjr/Library/pnpm/global/5/.pnpm/readable-stream@3.6.2/node_modules/readable-stream/lib/_stream_writable.js:390:139)
[error] 
[error] Error: An unexpected error has occurred.
[debug] [2026-02-22T03:22:36.427Z] Error: write EPIPE
    at afterWriteDispatched (node:internal/stream_base_commons:159:15)
    at writeGeneric (node:internal/stream_base_commons:150:3)
    at Socket._writeGeneric (node:net:966:11)
    at Socket._write (node:net:978:8)
    at writeOrBuffer (node:internal/streams/writable:572:12)
    at _write (node:internal/streams/writable:501:10)
    at Writable.write (node:internal/streams/writable:510:10)
    at Console.log (/Users/tcjr/Library/pnpm/global/5/.pnpm/winston@3.11.0/node_modules/winston/lib/winston/transports/console.js:79:23)
    at Console._write (/Users/tcjr/Library/pnpm/global/5/.pnpm/winston-transport@4.6.0/node_modules/winston-transport/index.js:103:17)
    at doWrite (/Users/tcjr/Library/pnpm/global/5/.pnpm/readable-stream@3.6.2/node_modules/readable-stream/lib/_stream_writable.js:390:139)
[error] 
[error] Error: An unexpected error has occurred.
[debug] [2026-02-22T03:22:36.427Z] Error: write EPIPE
    at afterWriteDispatched (node:internal/stream_base_commons:159:15)
    at writeGeneric (node:internal/stream_base_commons:150:3)
    at Socket._writeGeneric (node:net:966:11)
    at Socket._write (node:net:978:8)
    at writeOrBuffer (node:internal/streams/writable:572:12)
    at _write (node:internal/streams/writable:501:10)
    at Writable.write (node:internal/streams/writable:510:10)
    at Console.log (/Users/tcjr/Library/pnpm/global/5/.pnpm/winston@3.11.0/node_modules/winston/lib/winston/transports/console.js:79:23)
    at Console._write (/Users/tcjr/Library/pnpm/global/5/.pnpm/winston-transport@4.6.0/node_modules/winston-transport/index.js:103:17)
    at doWrite (/Users/tcjr/Library/pnpm/global/5/.pnpm/readable-stream@3.6.2/node_modules/readable-stream/lib/_stream_writable.js:390:139)
[error] 
[error] Error: An unexpected error has occurred.
[debug] [2026-02-22T03:22:36.427Z] Error: write EPIPE
    at afterWriteDispatched (node:internal/stream_base_commons:159:15)
    at writeGeneric (node:internal/stream_base_commons:150:3)
    at Socket._writeGeneric (node:net:966:11)
    at Socket._write (node:net:978:8)
    at writeOrBuffer (node:internal/streams/writable:572:12)
    at _write (node:internal/streams/writable:501:10)
    at Writable.write (node:internal/streams/writable:510:10)
    at Console.log (/Users/tcjr/Library/pnpm/global/5/.pnpm/winston@3.11.0/node_modules/winston/lib/winston/transports/console.js:79:23)
    at Console._write (/Users/tcjr/Library/pnpm/global/5/.pnpm/winston-transport@4.6.0/node_modules/winston-transport/index.js:103:17)
    at doWrite (/Users/tcjr/Library/pnpm/global/5/.pnpm/readable-stream@3.6.2/node_modules/readable-stream/lib/_stream_writable.js:390:139)
[error] 
[error] Error: An unexpected error has occurred.
[debug] [2026-02-22T03:22:36.428Z] Error: write EPIPE
    at afterWriteDispatched (node:internal/stream_base_commons:159:15)
    at writeGeneric (node:internal/stream_base_commons:150:3)
    at Socket._writeGeneric (node:net:966:11)
    at Socket._write (node:net:978:8)
    at writeOrBuffer (node:internal/streams/writable:572:12)
    at _write (node:internal/streams/writable:501:10)
    at Writable.write (node:internal/streams/writable:510:10)
    at Console.log (/Users/tcjr/Library/pnpm/global/5/.pnpm/winston@3.11.0/node_modules/winston/lib/winston/transports/console.js:79:23)
    at Console._write (/Users/tcjr/Library/pnpm/global/5/.pnpm/winston-transport@4.6.0/node_modules/winston-transport/index.js:103:17)
    at doWrite (/Users/tcjr/Library/pnpm/global/5/.pnpm/readable-stream@3.6.2/node_modules/readable-stream/lib/_stream_writable.js:390:139)
[error] 
[error] Error: An unexpected error has occurred.
[debug] [2026-02-22T03:22:36.428Z] Error: write EPIPE
    at afterWriteDispatched (node:internal/stream_base_commons:159:15)
    at writeGeneric (node:internal/stream_base_commons:150:3)
    at Socket._writeGeneric (node:net:966:11)
    at Socket._write (node:net:978:8)
    at writeOrBuffer (node:internal/streams/writable:572:12)
    at _write (node:internal/streams/writable:501:10)
    at Writable.write (node:internal/streams/writable:510:10)
    at Console.log (/Users/tcjr/Library/pnpm/global/5/.pnpm/winston@3.11.0/node_modules/winston/lib/winston/transports/console.js:79:23)
    at Console._write (/Users/tcjr/Library/pnpm/global/5/.pnpm/winston-transport@4.6.0/node_modules/winston-transport/index.js:103:17)
    at doWrite (/Users/tcjr/Library/pnpm/global/5/.pnpm/readable-stream@3.6.2/node_modules/readable-stream/lib/_stream_writable.js:390:139)
[error] 
[error] Error: An unexpected error has occurred.
[debug] [2026-02-22T03:22:36.428Z] Error: write EPIPE
    at afterWriteDispatched (node:internal/stream_base_commons:159:15)
    at writeGeneric (node:internal/stream_base_commons:150:3)
    at Socket._writeGeneric (node:net:966:11)
    at Socket._write (node:net:978:8)
    at writeOrBuffer (node:internal/streams/writable:572:12)
    at _write (node:internal/streams/writable:501:10)
    at Writable.write (node:internal/streams/writable:510:10)
    at Console.log (/Users/tcjr/Library/pnpm/global/5/.pnpm/winston@3.11.0/node_modules/winston/lib/winston/transports/console.js:79:23)
    at Console._write (/Users/tcjr/Library/pnpm/global/5/.pnpm/winston-transport@4.6.0/node_modules/winston-transport/index.js:103:17)
    at doWrite (/Users/tcjr/Library/pnpm/global/5/.pnpm/readable-stream@3.6.2/node_modules/readable-stream/lib/_stream_writable.js:390:139)
[error] 
[error] Error: An unexpected error has occurred.
[debug] [2026-02-22T03:22:36.428Z] Error: write EPIPE
    at afterWriteDispatched (node:internal/stream_base_commons:159:15)
    at writeGeneric (node:internal/stream_base_commons:150:3)
    at Socket._writeGeneric (node:net:966:11)
    at Socket._write (node:net:978:8)
    at writeOrBuffer (node:internal/streams/writable:572:12)
    at _write (node:internal/streams/writable:501:10)
    at Writable.write (node:internal/streams/writable:510:10)
    at Console.log (/Users/tcjr/Library/pnpm/global/5/.pnpm/winston@3.11.0/node_modules/winston/lib/winston/transports/console.js:79:23)
    at Console._write (/Users/tcjr/Library/pnpm/global/5/.pnpm/winston-transport@4.6.0/node_modules/winston-transport/index.js:103:17)
    at doWrite (/Users/tcjr/Library/pnpm/global/5/.pnpm/readable-stream@3.6.2/node_modules/readable-stream/lib/_stream_writable.js:390:139)
[error] 
[error] Error: An unexpected error has occurred.
[debug] [2026-02-22T03:22:36.428Z] Error: write EPIPE
    at afterWriteDispatched (node:internal/stream_base_commons:159:15)
    at writeGeneric (node:internal/stream_base_commons:150:3)
    at Socket._writeGeneric (node:net:966:11)
    at Socket._write (node:net:978:8)
    at writeOrBuffer (node:internal/streams/writable:572:12)
    at _write (node:internal/streams/writable:501:10)
    at Writable.write (node:internal/streams/writable:510:10)
    at Console.log (/Users/tcjr/Library/pnpm/global/5/.pnpm/winston@3.11.0/node_modules/winston/lib/winston/transports/console.js:79:23)
    at Console._write (/Users/tcjr/Library/pnpm/global/5/.pnpm/winston-transport@4.6.0/node_modules/winston-transport/index.js:103:17)
    at doWrite (/Users/tcjr/Library/pnpm/global/5/.pnpm/readable-stream@3.6.2/node_modules/readable-stream/lib/_stream_writable.js:390:139)
[error] 
[error] Error: An unexpected error has occurred.
[debug] [2026-02-22T03:22:36.428Z] Error: write EPIPE
    at afterWriteDispatched (node:internal/stream_base_commons:159:15)
    at writeGeneric (node:internal/stream_base_commons:150:3)
    at Socket._writeGeneric (node:net:966:11)
    at Socket._write (node:net:978:8)
    at writeOrBuffer (node:internal/streams/writable:572:12)
    at _write (node:internal/streams/writable:501:10)
    at Writable.write (node:internal/streams/writable:510:10)
    at Console.log (/Users/tcjr/Library/pnpm/global/5/.pnpm/winston@3.11.0/node_modules/winston/lib/winston/transports/console.js:79:23)
    at Console._write (/Users/tcjr/Library/pnpm/global/5/.pnpm/winston-transport@4.6.0/node_modules/winston-transport/index.js:103:17)
    at doWrite (/Users/tcjr/Library/pnpm/global/5/.pnpm/readable-stream@3.6.2/node_modules/readable-stream/lib/_stream_writable.js:390:139)
[error] 
[error] Error: An unexpected error has occurred.
[debug] [2026-02-22T03:22:36.429Z] Error: write EPIPE
    at afterWriteDispatched (node:internal/stream_base_commons:159:15)
    at writeGeneric (node:internal/stream_base_commons:150:3)
    at Socket._writeGeneric (node:net:966:11)
    at Socket._write (node:net:978:8)
    at writeOrBuffer (node:internal/streams/writable:572:12)
    at _write (node:internal/streams/writable:501:10)
    at Writable.write (node:internal/streams/writable:510:10)
    at Console.log (/Users/tcjr/Library/pnpm/global/5/.pnpm/winston@3.11.0/node_modules/winston/lib/winston/transports/console.js:79:23)
    at Console._write (/Users/tcjr/Library/pnpm/global/5/.pnpm/winston-transport@4.6.0/node_modules/winston-transport/index.js:103:17)
    at doWrite (/Users/tcjr/Library/pnpm/global/5/.pnpm/readable-stream@3.6.2/node_modules/readable-stream/lib/_stream_writable.js:390:139)
[error] 
[error] Error: An unexpected error has occurred.
[debug] [2026-02-22T03:22:36.429Z] Error: write EPIPE
    at afterWriteDispatched (node:internal/stream_base_commons:159:15)
    at writeGeneric (node:internal/stream_base_commons:150:3)
    at Socket._writeGeneric (node:net:966:11)
    at Socket._write (node:net:978:8)
    at writeOrBuffer (node:internal/streams/writable:572:12)
    at _write (node:internal/streams/writable:501:10)
    at Writable.write (node:internal/streams/writable:510:10)
    at Console.log (/Users/tcjr/Library/pnpm/global/5/.pnpm/winston@3.11.0/node_modules/winston/lib/winston/transports/console.js:79:23)
    at Console._write (/Users/tcjr/Library/pnpm/global/5/.pnpm/winston-transport@4.6.0/node_modules/winston-transport/index.js:103:17)
    at doWrite (/Users/tcjr/Library/pnpm/global/5/.pnpm/readable-stream@3.6.2/node_modules/readable-stream/lib/_stream_writable.js:390:139)
[error] 
[error] Error: An unexpected error has occurred.
[debug] [2026-02-22T03:22:36.429Z] Error: write EPIPE
    at afterWriteDispatched (node:internal/stream_base_commons:159:15)
    at writeGeneric (node:internal/stream_base_commons:150:3)
    at Socket._writeGeneric (node:net:966:11)
    at Socket._write (node:net:978:8)
    at writeOrBuffer (node:internal/streams/writable:572:12)
    at _write (node:internal/streams/writable:501:10)
    at Writable.write (node:internal/streams/writable:510:10)
    at Console.log (/Users/tcjr/Library/pnpm/global/5/.pnpm/winston@3.11.0/node_modules/winston/lib/winston/transports/console.js:79:23)
    at Console._write (/Users/tcjr/Library/pnpm/global/5/.pnpm/winston-transport@4.6.0/node_modules/winston-transport/index.js:103:17)
    at doWrite (/Users/tcjr/Library/pnpm/global/5/.pnpm/readable-stream@3.6.2/node_modules/readable-stream/lib/_stream_writable.js:390:139)
[error] 
[error] Error: An unexpected error has occurred.
[debug] [2026-02-22T03:22:36.429Z] Error: write EPIPE
    at afterWriteDispatched (node:internal/stream_base_commons:159:15)
    at writeGeneric (node:internal/stream_base_commons:150:3)
    at Socket._writeGeneric (node:net:966:11)
    at Socket._write (node:net:978:8)
    at writeOrBuffer (node:internal/streams/writable:572:12)
    at _write (node:internal/streams/writable:501:10)
    at Writable.write (node:internal/streams/writable:510:10)
    at Console.log (/Users/tcjr/Library/pnpm/global/5/.pnpm/winston@3.11.0/node_modules/winston/lib/winston/transports/console.js:79:23)
    at Console._write (/Users/tcjr/Library/pnpm/global/5/.pnpm/winston-transport@4.6.0/node_modules/winston-transport/index.js:103:17)
    at doWrite (/Users/tcjr/Library/pnpm/global/5/.pnpm/readable-stream@3.6.2/node_modules/readable-stream/lib/_stream_writable.js:390:139)
[error] 
[error] Error: An unexpected error has occurred.
[debug] [2026-02-22T03:22:36.429Z] Error: write EPIPE
    at afterWriteDispatched (node:internal/stream_base_commons:159:15)
    at writeGeneric (node:internal/stream_base_commons:150:3)
    at Socket._writeGeneric (node:net:966:11)
    at Socket._write (node:net:978:8)
    at writeOrBuffer (node:internal/streams/writable:572:12)
    at _write (node:internal/streams/writable:501:10)
    at Writable.write (node:internal/streams/writable:510:10)
    at Console.log (/Users/tcjr/Library/pnpm/global/5/.pnpm/winston@3.11.0/node_modules/winston/lib/winston/transports/console.js:79:23)
    at Console._write (/Users/tcjr/Library/pnpm/global/5/.pnpm/winston-transport@4.6.0/node_modules/winston-transport/index.js:103:17)
    at doWrite (/Users/tcjr/Library/pnpm/global/5/.pnpm/readable-stream@3.6.2/node_modules/readable-stream/lib/_stream_writable.js:390:139)
[error] 
[error] Error: An unexpected error has occurred.
[debug] [2026-02-22T03:22:36.429Z] Error: write EPIPE
    at afterWriteDispatched (node:internal/stream_base_commons:159:15)
    at writeGeneric (node:internal/stream_base_commons:150:3)
    at Socket._writeGeneric (node:net:966:11)
    at Socket._write (node:net:978:8)
    at writeOrBuffer (node:internal/streams/writable:572:12)
    at _write (node:internal/streams/writable:501:10)
    at Writable.write (node:internal/streams/writable:510:10)
    at Console.log (/Users/tcjr/Library/pnpm/global/5/.pnpm/winston@3.11.0/node_modules/winston/lib/winston/transports/console.js:79:23)
    at Console._write (/Users/tcjr/Library/pnpm/global/5/.pnpm/winston-transport@4.6.0/node_modules/winston-transport/index.js:103:17)
    at doWrite (/Users/tcjr/Library/pnpm/global/5/.pnpm/readable-stream@3.6.2/node_modules/readable-stream/lib/_stream_writable.js:390:139)
[error] 
[error] Error: An unexpected error has occurred.
[debug] [2026-02-22T03:22:36.430Z] Error: write EPIPE
    at afterWriteDispatched (node:internal/stream_base_commons:159:15)
    at writeGeneric (node:internal/stream_base_commons:150:3)
    at Socket._writeGeneric (node:net:966:11)
    at Socket._write (node:net:978:8)
    at writeOrBuffer (node:internal/streams/writable:572:12)
    at _write (node:internal/streams/writable:501:10)
    at Writable.write (node:internal/streams/writable:510:10)
    at Console.log (/Users/tcjr/Library/pnpm/global/5/.pnpm/winston@3.11.0/node_modules/winston/lib/winston/transports/console.js:79:23)
    at Console._write (/Users/tcjr/Library/pnpm/global/5/.pnpm/winston-transport@4.6.0/node_modules/winston-transport/index.js:103:17)
    at doWrite (/Users/tcjr/Library/pnpm/global/5/.pnpm/readable-stream@3.6.2/node_modules/readable-stream/lib/_stream_writable.js:390:139)
[error] 
[error] Error: An unexpected error has occurred.
[debug] [2026-02-22T03:22:36.430Z] Error: write EPIPE
    at afterWriteDispatched (node:internal/stream_base_commons:159:15)
    at writeGeneric (node:internal/stream_base_commons:150:3)
    at Socket._writeGeneric (node:net:966:11)
    at Socket._write (node:net:978:8)
    at writeOrBuffer (node:internal/streams/writable:572:12)
    at _write (node:internal/streams/writable:501:10)
    at Writable.write (node:internal/streams/writable:510:10)
    at Console.log (/Users/tcjr/Library/pnpm/global/5/.pnpm/winston@3.11.0/node_modules/winston/lib/winston/transports/console.js:79:23)
    at Console._write (/Users/tcjr/Library/pnpm/global/5/.pnpm/winston-transport@4.6.0/node_modules/winston-transport/index.js:103:17)
    at doWrite (/Users/tcjr/Library/pnpm/global/5/.pnpm/readable-stream@3.6.2/node_modules/readable-stream/lib/_stream_writable.js:390:139)
[error] 
[error] Error: An unexpected error has occurred.
[debug] [2026-02-22T03:22:36.430Z] Error: write EPIPE
    at afterWriteDispatched (node:internal/stream_base_commons:159:15)
    at writeGeneric (node:internal/stream_base_commons:150:3)
    at Socket._writeGeneric (node:net:966:11)
    at Socket._write (node:net:978:8)
    at writeOrBuffer (node:internal/streams/writable:572:12)
    at _write (node:internal/streams/writable:501:10)
    at Writable.write (node:internal/streams/writable:510:10)
    at Console.log (/Users/tcjr/Library/pnpm/global/5/.pnpm/winston@3.11.0/node_modules/winston/lib/winston/transports/console.js:79:23)
    at Console._write (/Users/tcjr/Library/pnpm/global/5/.pnpm/winston-transport@4.6.0/node_modules/winston-transport/index.js:103:17)
    at doWrite (/Users/tcjr/Library/pnpm/global/5/.pnpm/readable-stream@3.6.2/node_modules/readable-stream/lib/_stream_writable.js:390:139)
[error] 
[error] Error: An unexpected error has occurred.
[debug] [2026-02-22T03:22:36.430Z] Error: write EPIPE
    at afterWriteDispatched (node:internal/stream_base_commons:159:15)
    at writeGeneric (node:internal/stream_base_commons:150:3)
    at Socket._writeGeneric (node:net:966:11)
    at Socket._write (node:net:978:8)
    at writeOrBuffer (node:internal/streams/writable:572:12)
    at _write (node:internal/streams/writable:501:10)
    at Writable.write (node:internal/streams/writable:510:10)
    at Console.log (/Users/tcjr/Library/pnpm/global/5/.pnpm/winston@3.11.0/node_modules/winston/lib/winston/transports/console.js:79:23)
    at Console._write (/Users/tcjr/Library/pnpm/global/5/.pnpm/winston-transport@4.6.0/node_modules/winston-transport/index.js:103:17)
    at doWrite (/Users/tcjr/Library/pnpm/global/5/.pnpm/readable-stream@3.6.2/node_modules/readable-stream/lib/_stream_writable.js:390:139)
[error] 
[error] Error: An unexpected error has occurred.
[debug] [2026-02-22T03:22:36.431Z] Error: write EPIPE
    at afterWriteDispatched (node:internal/stream_base_commons:159:15)
    at writeGeneric (node:internal/stream_base_commons:150:3)
    at Socket._writeGeneric (node:net:966:11)
    at Socket._write (node:net:978:8)
    at writeOrBuffer (node:internal/streams/writable:572:12)
    at _write (node:internal/streams/writable:501:10)
    at Writable.write (node:internal/streams/writable:510:10)
    at Console.log (/Users/tcjr/Library/pnpm/global/5/.pnpm/winston@3.11.0/node_modules/winston/lib/winston/transports/console.js:79:23)
    at Console._write (/Users/tcjr/Library/pnpm/global/5/.pnpm/winston-transport@4.6.0/node_modules/winston-transport/index.js:103:17)
    at doWrite (/Users/tcjr/Library/pnpm/global/5/.pnpm/readable-stream@3.6.2/node_modules/readable-stream/lib/_stream_writable.js:390:139)
[error] 
[error] Error: An unexpected error has occurred.
[debug] [2026-02-22T03:22:36.431Z] Error: write EPIPE
    at afterWriteDispatched (node:internal/stream_base_commons:159:15)
    at writeGeneric (node:internal/stream_base_commons:150:3)
    at Socket._writeGeneric (node:net:966:11)
    at Socket._write (node:net:978:8)
    at writeOrBuffer (node:internal/streams/writable:572:12)
    at _write (node:internal/streams/writable:501:10)
    at Writable.write (node:internal/streams/writable:510:10)
    at Console.log (/Users/tcjr/Library/pnpm/global/5/.pnpm/winston@3.11.0/node_modules/winston/lib/winston/transports/console.js:79:23)
    at Console._write (/Users/tcjr/Library/pnpm/global/5/.pnpm/winston-transport@4.6.0/node_modules/winston-transport/index.js:103:17)
    at doWrite (/Users/tcjr/Library/pnpm/global/5/.pnpm/readable-stream@3.6.2/node_modules/readable-stream/lib/_stream_writable.js:390:139)
[error] 
[error] Error: An unexpected error has occurred.
[debug] [2026-02-22T03:22:36.432Z] Error: write EPIPE
    at afterWriteDispatched (node:internal/stream_base_commons:159:15)
    at writeGeneric (node:internal/stream_base_commons:150:3)
    at Socket._writeGeneric (node:net:966:11)
    at Socket._write (node:net:978:8)
    at writeOrBuffer (node:internal/streams/writable:572:12)
    at _write (node:internal/streams/writable:501:10)
    at Writable.write (node:internal/streams/writable:510:10)
    at Console.log (/Users/tcjr/Library/pnpm/global/5/.pnpm/winston@3.11.0/node_modules/winston/lib/winston/transports/console.js:79:23)
    at Console._write (/Users/tcjr/Library/pnpm/global/5/.pnpm/winston-transport@4.6.0/node_modules/winston-transport/index.js:103:17)
    at doWrite (/Users/tcjr/Library/pnpm/global/5/.pnpm/readable-stream@3.6.2/node_modules/readable-stream/lib/_stream_writable.js:390:139)
[error] 
[error] Error: An unexpected error has occurred.
[debug] [2026-02-22T03:22:36.432Z] Error: write EPIPE
    at afterWriteDispatched (node:internal/stream_base_commons:159:15)
    at writeGeneric (node:internal/stream_base_commons:150:3)
    at Socket._writeGeneric (node:net:966:11)
    at Socket._write (node:net:978:8)
    at writeOrBuffer (node:internal/streams/writable:572:12)
    at _write (node:internal/streams/writable:501:10)
    at Writable.write (node:internal/streams/writable:510:10)
    at Console.log (/Users/tcjr/Library/pnpm/global/5/.pnpm/winston@3.11.0/node_modules/winston/lib/winston/transports/console.js:79:23)
    at Console._write (/Users/tcjr/Library/pnpm/global/5/.pnpm/winston-transport@4.6.0/node_modules/winston-transport/index.js:103:17)
    at doWrite (/Users/tcjr/Library/pnpm/global/5/.pnpm/readable-stream@3.6.2/node_modules/readable-stream/lib/_stream_writable.js:390:139)
[error] 
[error] Error: An unexpected error has occurred.
[debug] [2026-02-22T03:22:36.432Z] Error: write EPIPE
    at afterWriteDispatched (node:internal/stream_base_commons:159:15)
    at writeGeneric (node:internal/stream_base_commons:150:3)
    at Socket._writeGeneric (node:net:966:11)
    at Socket._write (node:net:978:8)
    at writeOrBuffer (node:internal/streams/writable:572:12)
    at _write (node:internal/streams/writable:501:10)
    at Writable.write (node:internal/streams/writable:510:10)
    at Console.log (/Users/tcjr/Library/pnpm/global/5/.pnpm/winston@3.11.0/node_modules/winston/lib/winston/transports/console.js:79:23)
    at Console._write (/Users/tcjr/Library/pnpm/global/5/.pnpm/winston-transport@4.6.0/node_modules/winston-transport/index.js:103:17)
    at doWrite (/Users/tcjr/Library/pnpm/global/5/.pnpm/readable-stream@3.6.2/node_modules/readable-stream/lib/_stream_writable.js:390:139)
[error] 
[error] Error: An unexpected error has occurred.
[debug] [2026-02-22T03:22:36.432Z] Error: write EPIPE
    at afterWriteDispatched (node:internal/stream_base_commons:159:15)
    at writeGeneric (node:internal/stream_base_commons:150:3)
    at Socket._writeGeneric (node:net:966:11)
    at Socket._write (node:net:978:8)
    at writeOrBuffer (node:internal/streams/writable:572:12)
    at _write (node:internal/streams/writable:501:10)
    at Writable.write (node:internal/streams/writable:510:10)
    at Console.log (/Users/tcjr/Library/pnpm/global/5/.pnpm/winston@3.11.0/node_modules/winston/lib/winston/transports/console.js:79:23)
    at Console._write (/Users/tcjr/Library/pnpm/global/5/.pnpm/winston-transport@4.6.0/node_modules/winston-transport/index.js:103:17)
    at doWrite (/Users/tcjr/Library/pnpm/global/5/.pnpm/readable-stream@3.6.2/node_modules/readable-stream/lib/_stream_writable.js:390:139)
[error] 
[error] Error: An unexpected error has occurred.
[debug] [2026-02-22T03:22:36.432Z] Error: write EPIPE
    at afterWriteDispatched (node:internal/stream_base_commons:159:15)
    at writeGeneric (node:internal/stream_base_commons:150:3)
    at Socket._writeGeneric (node:net:966:11)
    at Socket._write (node:net:978:8)
    at writeOrBuffer (node:internal/streams/writable:572:12)
    at _write (node:internal/streams/writable:501:10)
    at Writable.write (node:internal/streams/writable:510:10)
    at Console.log (/Users/tcjr/Library/pnpm/global/5/.pnpm/winston@3.11.0/node_modules/winston/lib/winston/transports/console.js:79:23)
    at Console._write (/Users/tcjr/Library/pnpm/global/5/.pnpm/winston-transport@4.6.0/node_modules/winston-transport/index.js:103:17)
    at doWrite (/Users/tcjr/Library/pnpm/global/5/.pnpm/readable-stream@3.6.2/node_modules/readable-stream/lib/_stream_writable.js:390:139)
[error] 
[error] Error: An unexpected error has occurred.
[debug] [2026-02-22T03:22:36.432Z] Error: write EPIPE
    at afterWriteDispatched (node:internal/stream_base_commons:159:15)
    at writeGeneric (node:internal/stream_base_commons:150:3)
    at Socket._writeGeneric (node:net:966:11)
    at Socket._write (node:net:978:8)
    at writeOrBuffer (node:internal/streams/writable:572:12)
    at _write (node:internal/streams/writable:501:10)
    at Writable.write (node:internal/streams/writable:510:10)
    at Console.log (/Users/tcjr/Library/pnpm/global/5/.pnpm/winston@3.11.0/node_modules/winston/lib/winston/transports/console.js:79:23)
    at Console._write (/Users/tcjr/Library/pnpm/global/5/.pnpm/winston-transport@4.6.0/node_modules/winston-transport/index.js:103:17)
    at doWrite (/Users/tcjr/Library/pnpm/global/5/.pnpm/readable-stream@3.6.2/node_modules/readable-stream/lib/_stream_writable.js:390:139)
[error] 
[error] Error: An unexpected error has occurred.
[debug] [2026-02-22T03:22:36.432Z] Error: write EPIPE
    at afterWriteDispatched (node:internal/stream_base_commons:159:15)
    at writeGeneric (node:internal/stream_base_commons:150:3)
    at Socket._writeGeneric (node:net:966:11)
    at Socket._write (node:net:978:8)
    at writeOrBuffer (node:internal/streams/writable:572:12)
    at _write (node:internal/streams/writable:501:10)
    at Writable.write (node:internal/streams/writable:510:10)
    at Console.log (/Users/tcjr/Library/pnpm/global/5/.pnpm/winston@3.11.0/node_modules/winston/lib/winston/transports/console.js:79:23)
    at Console._write (/Users/tcjr/Library/pnpm/global/5/.pnpm/winston-transport@4.6.0/node_modules/winston-transport/index.js:103:17)
    at doWrite (/Users/tcjr/Library/pnpm/global/5/.pnpm/readable-stream@3.6.2/node_modules/readable-stream/lib/_stream_writable.js:390:139)
[error] 
[error] Error: An unexpected error has occurred.
[debug] [2026-02-22T03:22:36.433Z] Error: write EPIPE
    at afterWriteDispatched (node:internal/stream_base_commons:159:15)
    at writeGeneric (node:internal/stream_base_commons:150:3)
    at Socket._writeGeneric (node:net:966:11)
    at Socket._write (node:net:978:8)
    at writeOrBuffer (node:internal/streams/writable:572:12)
    at _write (node:internal/streams/writable:501:10)
    at Writable.write (node:internal/streams/writable:510:10)
    at Console.log (/Users/tcjr/Library/pnpm/global/5/.pnpm/winston@3.11.0/node_modules/winston/lib/winston/transports/console.js:79:23)
    at Console._write (/Users/tcjr/Library/pnpm/global/5/.pnpm/winston-transport@4.6.0/node_modules/winston-transport/index.js:103:17)
    at doWrite (/Users/tcjr/Library/pnpm/global/5/.pnpm/readable-stream@3.6.2/node_modules/readable-stream/lib/_stream_writable.js:390:139)
[error] 
[error] Error: An unexpected error has occurred.
[debug] [2026-02-22T03:22:36.433Z] Error: write EPIPE
    at afterWriteDispatched (node:internal/stream_base_commons:159:15)
    at writeGeneric (node:internal/stream_base_commons:150:3)
    at Socket._writeGeneric (node:net:966:11)
    at Socket._write (node:net:978:8)
    at writeOrBuffer (node:internal/streams/writable:572:12)
    at _write (node:internal/streams/writable:501:10)
    at Writable.write (node:internal/streams/writable:510:10)
    at Console.log (/Users/tcjr/Library/pnpm/global/5/.pnpm/winston@3.11.0/node_modules/winston/lib/winston/transports/console.js:79:23)
    at Console._write (/Users/tcjr/Library/pnpm/global/5/.pnpm/winston-transport@4.6.0/node_modules/winston-transport/index.js:103:17)
    at doWrite (/Users/tcjr/Library/pnpm/global/5/.pnpm/readable-stream@3.6.2/node_modules/readable-stream/lib/_stream_writable.js:390:139)
[error] 
[error] Error: An unexpected error has occurred.
[debug] [2026-02-22T03:22:36.433Z] Error: write EPIPE
    at afterWriteDispatched (node:internal/stream_base_commons:159:15)
    at writeGeneric (node:internal/stream_base_commons:150:3)
    at Socket._writeGeneric (node:net:966:11)
    at Socket._write (node:net:978:8)
    at writeOrBuffer (node:internal/streams/writable:572:12)
    at _write (node:internal/streams/writable:501:10)
    at Writable.write (node:internal/streams/writable:510:10)
    at Console.log (/Users/tcjr/Library/pnpm/global/5/.pnpm/winston@3.11.0/node_modules/winston/lib/winston/transports/console.js:79:23)
    at Console._write (/Users/tcjr/Library/pnpm/global/5/.pnpm/winston-transport@4.6.0/node_modules/winston-transport/index.js:103:17)
    at doWrite (/Users/tcjr/Library/pnpm/global/5/.pnpm/readable-stream@3.6.2/node_modules/readable-stream/lib/_stream_writable.js:390:139)
[error] 
[error] Error: An unexpected error has occurred.
[debug] [2026-02-22T03:22:36.433Z] Error: write EPIPE
    at afterWriteDispatched (node:internal/stream_base_commons:159:15)
    at writeGeneric (node:internal/stream_base_commons:150:3)
    at Socket._writeGeneric (node:net:966:11)
    at Socket._write (node:net:978:8)
    at writeOrBuffer (node:internal/streams/writable:572:12)
    at _write (node:internal/streams/writable:501:10)
    at Writable.write (node:internal/streams/writable:510:10)
    at Console.log (/Users/tcjr/Library/pnpm/global/5/.pnpm/winston@3.11.0/node_modules/winston/lib/winston/transports/console.js:79:23)
    at Console._write (/Users/tcjr/Library/pnpm/global/5/.pnpm/winston-transport@4.6.0/node_modules/winston-transport/index.js:103:17)
    at doWrite (/Users/tcjr/Library/pnpm/global/5/.pnpm/readable-stream@3.6.2/node_modules/readable-stream/lib/_stream_writable.js:390:139)
[error] 
[error] Error: An unexpected error has occurred.
[debug] [2026-02-22T03:22:36.433Z] Error: write EPIPE
    at afterWriteDispatched (node:internal/stream_base_commons:159:15)
    at writeGeneric (node:internal/stream_base_commons:150:3)
    at Socket._writeGeneric (node:net:966:11)
    at Socket._write (node:net:978:8)
    at writeOrBuffer (node:internal/streams/writable:572:12)
    at _write (node:internal/streams/writable:501:10)
    at Writable.write (node:internal/streams/writable:510:10)
    at Console.log (/Users/tcjr/Library/pnpm/global/5/.pnpm/winston@3.11.0/node_modules/winston/lib/winston/transports/console.js:79:23)
    at Console._write (/Users/tcjr/Library/pnpm/global/5/.pnpm/winston-transport@4.6.0/node_modules/winston-transport/index.js:103:17)
    at doWrite (/Users/tcjr/Library/pnpm/global/5/.pnpm/readable-stream@3.6.2/node_modules/readable-stream/lib/_stream_writable.js:390:139)
[error] 
[error] Error: An unexpected error has occurred.
[debug] [2026-02-22T03:22:36.433Z] Error: write EPIPE
    at afterWriteDispatched (node:internal/stream_base_commons:159:15)
    at writeGeneric (node:internal/stream_base_commons:150:3)
    at Socket._writeGeneric (node:net:966:11)
    at Socket._write (node:net:978:8)
    at writeOrBuffer (node:internal/streams/writable:572:12)
    at _write (node:internal/streams/writable:501:10)
    at Writable.write (node:internal/streams/writable:510:10)
    at Console.log (/Users/tcjr/Library/pnpm/global/5/.pnpm/winston@3.11.0/node_modules/winston/lib/winston/transports/console.js:79:23)
    at Console._write (/Users/tcjr/Library/pnpm/global/5/.pnpm/winston-transport@4.6.0/node_modules/winston-transport/index.js:103:17)
    at doWrite (/Users/tcjr/Library/pnpm/global/5/.pnpm/readable-stream@3.6.2/node_modules/readable-stream/lib/_stream_writable.js:390:139)
[error] 
[error] Error: An unexpected error has occurred.
[debug] [2026-02-22T03:22:36.433Z] Error: write EPIPE
    at afterWriteDispatched (node:internal/stream_base_commons:159:15)
    at writeGeneric (node:internal/stream_base_commons:150:3)
    at Socket._writeGeneric (node:net:966:11)
    at Socket._write (node:net:978:8)
    at writeOrBuffer (node:internal/streams/writable:572:12)
    at _write (node:internal/streams/writable:501:10)
    at Writable.write (node:internal/streams/writable:510:10)
    at Console.log (/Users/tcjr/Library/pnpm/global/5/.pnpm/winston@3.11.0/node_modules/winston/lib/winston/transports/console.js:79:23)
    at Console._write (/Users/tcjr/Library/pnpm/global/5/.pnpm/winston-transport@4.6.0/node_modules/winston-transport/index.js:103:17)
    at doWrite (/Users/tcjr/Library/pnpm/global/5/.pnpm/readable-stream@3.6.2/node_modules/readable-stream/lib/_stream_writable.js:390:139)
[error] 
[error] Error: An unexpected error has occurred.
[debug] [2026-02-22T03:22:36.434Z] Error: write EPIPE
    at afterWriteDispatched (node:internal/stream_base_commons:159:15)
    at writeGeneric (node:internal/stream_base_commons:150:3)
    at Socket._writeGeneric (node:net:966:11)
    at Socket._write (node:net:978:8)
    at writeOrBuffer (node:internal/streams/writable:572:12)
    at _write (node:internal/streams/writable:501:10)
    at Writable.write (node:internal/streams/writable:510:10)
    at Console.log (/Users/tcjr/Library/pnpm/global/5/.pnpm/winston@3.11.0/node_modules/winston/lib/winston/transports/console.js:79:23)
    at Console._write (/Users/tcjr/Library/pnpm/global/5/.pnpm/winston-transport@4.6.0/node_modules/winston-transport/index.js:103:17)
    at doWrite (/Users/tcjr/Library/pnpm/global/5/.pnpm/readable-stream@3.6.2/node_modules/readable-stream/lib/_stream_writable.js:390:139)
[error] 
[error] Error: An unexpected error has occurred.
[debug] [2026-02-22T03:22:36.434Z] Error: write EPIPE
    at afterWriteDispatched (node:internal/stream_base_commons:159:15)
    at writeGeneric (node:internal/stream_base_commons:150:3)
    at Socket._writeGeneric (node:net:966:11)
    at Socket._write (node:net:978:8)
    at writeOrBuffer (node:internal/streams/writable:572:12)
    at _write (node:internal/streams/writable:501:10)
    at Writable.write (node:internal/streams/writable:510:10)
    at Console.log (/Users/tcjr/Library/pnpm/global/5/.pnpm/winston@3.11.0/node_modules/winston/lib/winston/transports/console.js:79:23)
    at Console._write (/Users/tcjr/Library/pnpm/global/5/.pnpm/winston-transport@4.6.0/node_modules/winston-transport/index.js:103:17)
    at doWrite (/Users/tcjr/Library/pnpm/global/5/.pnpm/readable-stream@3.6.2/node_modules/readable-stream/lib/_stream_writable.js:390:139)
[error] 
[error] Error: An unexpected error has occurred.
[debug] [2026-02-22T03:22:36.434Z] Error: write EPIPE
    at afterWriteDispatched (node:internal/stream_base_commons:159:15)
    at writeGeneric (node:internal/stream_base_commons:150:3)
    at Socket._writeGeneric (node:net:966:11)
    at Socket._write (node:net:978:8)
    at writeOrBuffer (node:internal/streams/writable:572:12)
    at _write (node:internal/streams/writable:501:10)
    at Writable.write (node:internal/streams/writable:510:10)
    at Console.log (/Users/tcjr/Library/pnpm/global/5/.pnpm/winston@3.11.0/node_modules/winston/lib/winston/transports/console.js:79:23)
    at Console._write (/Users/tcjr/Library/pnpm/global/5/.pnpm/winston-transport@4.6.0/node_modules/winston-transport/index.js:103:17)
    at doWrite (/Users/tcjr/Library/pnpm/global/5/.pnpm/readable-stream@3.6.2/node_modules/readable-stream/lib/_stream_writable.js:390:139)
[error] 
[error] Error: An unexpected error has occurred.
[debug] [2026-02-22T03:22:36.434Z] Error: write EPIPE
    at afterWriteDispatched (node:internal/stream_base_commons:159:15)
    at writeGeneric (node:internal/stream_base_commons:150:3)
    at Socket._writeGeneric (node:net:966:11)
    at Socket._write (node:net:978:8)
    at writeOrBuffer (node:internal/streams/writable:572:12)
    at _write (node:internal/streams/writable:501:10)
    at Writable.write (node:internal/streams/writable:510:10)
    at Console.log (/Users/tcjr/Library/pnpm/global/5/.pnpm/winston@3.11.0/node_modules/winston/lib/winston/transports/console.js:79:23)
    at Console._write (/Users/tcjr/Library/pnpm/global/5/.pnpm/winston-transport@4.6.0/node_modules/winston-transport/index.js:103:17)
    at doWrite (/Users/tcjr/Library/pnpm/global/5/.pnpm/readable-stream@3.6.2/node_modules/readable-stream/lib/_stream_writable.js:390:139)
[error] 
[error] Error: An unexpected error has occurred.
[debug] [2026-02-22T03:22:36.434Z] Error: write EPIPE
    at afterWriteDispatched (node:internal/stream_base_commons:159:15)
    at writeGeneric (node:internal/stream_base_commons:150:3)
    at Socket._writeGeneric (node:net:966:11)
    at Socket._write (node:net:978:8)
    at writeOrBuffer (node:internal/streams/writable:572:12)
    at _write (node:internal/streams/writable:501:10)
    at Writable.write (node:internal/streams/writable:510:10)
    at Console.log (/Users/tcjr/Library/pnpm/global/5/.pnpm/winston@3.11.0/node_modules/winston/lib/winston/transports/console.js:79:23)
    at Console._write (/Users/tcjr/Library/pnpm/global/5/.pnpm/winston-transport@4.6.0/node_modules/winston-transport/index.js:103:17)
    at doWrite (/Users/tcjr/Library/pnpm/global/5/.pnpm/readable-stream@3.6.2/node_modules/readable-stream/lib/_stream_writable.js:390:139)
[error] 
[error] Error: An unexpected error has occurred.
[debug] [2026-02-22T03:22:36.434Z] Error: write EPIPE
    at afterWriteDispatched (node:internal/stream_base_commons:159:15)
    at writeGeneric (node:internal/stream_base_commons:150:3)
    at Socket._writeGeneric (node:net:966:11)
    at Socket._write (node:net:978:8)
    at writeOrBuffer (node:internal/streams/writable:572:12)
    at _write (node:internal/streams/writable:501:10)
    at Writable.write (node:internal/streams/writable:510:10)
    at Console.log (/Users/tcjr/Library/pnpm/global/5/.pnpm/winston@3.11.0/node_modules/winston/lib/winston/transports/console.js:79:23)
    at Console._write (/Users/tcjr/Library/pnpm/global/5/.pnpm/winston-transport@4.6.0/node_modules/winston-transport/index.js:103:17)
    at doWrite (/Users/tcjr/Library/pnpm/global/5/.pnpm/readable-stream@3.6.2/node_modules/readable-stream/lib/_stream_writable.js:390:139)
[error] 
[error] Error: An unexpected error has occurred.
[debug] [2026-02-22T03:22:36.435Z] Error: write EPIPE
    at afterWriteDispatched (node:internal/stream_base_commons:159:15)
    at writeGeneric (node:internal/stream_base_commons:150:3)
    at Socket._writeGeneric (node:net:966:11)
    at Socket._write (node:net:978:8)
    at writeOrBuffer (node:internal/streams/writable:572:12)
    at _write (node:internal/streams/writable:501:10)
    at Writable.write (node:internal/streams/writable:510:10)
    at Console.log (/Users/tcjr/Library/pnpm/global/5/.pnpm/winston@3.11.0/node_modules/winston/lib/winston/transports/console.js:79:23)
    at Console._write (/Users/tcjr/Library/pnpm/global/5/.pnpm/winston-transport@4.6.0/node_modules/winston-transport/index.js:103:17)
    at doWrite (/Users/tcjr/Library/pnpm/global/5/.pnpm/readable-stream@3.6.2/node_modules/readable-stream/lib/_stream_writable.js:390:139)
[error] 
[error] Error: An unexpected error has occurred.
[debug] [2026-02-22T03:22:36.435Z] Error: write EPIPE
    at afterWriteDispatched (node:internal/stream_base_commons:159:15)
    at writeGeneric (node:internal/stream_base_commons:150:3)
    at Socket._writeGeneric (node:net:966:11)
    at Socket._write (node:net:978:8)
    at writeOrBuffer (node:internal/streams/writable:572:12)
    at _write (node:internal/streams/writable:501:10)
    at Writable.write (node:internal/streams/writable:510:10)
    at Console.log (/Users/tcjr/Library/pnpm/global/5/.pnpm/winston@3.11.0/node_modules/winston/lib/winston/transports/console.js:79:23)
    at Console._write (/Users/tcjr/Library/pnpm/global/5/.pnpm/winston-transport@4.6.0/node_modules/winston-transport/index.js:103:17)
    at doWrite (/Users/tcjr/Library/pnpm/global/5/.pnpm/readable-stream@3.6.2/node_modules/readable-stream/lib/_stream_writable.js:390:139)
[error] 
[error] Error: An unexpected error has occurred.
[debug] [2026-02-22T03:22:36.435Z] Error: write EPIPE
    at afterWriteDispatched (node:internal/stream_base_commons:159:15)
    at writeGeneric (node:internal/stream_base_commons:150:3)
    at Socket._writeGeneric (node:net:966:11)
    at Socket._write (node:net:978:8)
    at writeOrBuffer (node:internal/streams/writable:572:12)
    at _write (node:internal/streams/writable:501:10)
    at Writable.write (node:internal/streams/writable:510:10)
    at Console.log (/Users/tcjr/Library/pnpm/global/5/.pnpm/winston@3.11.0/node_modules/winston/lib/winston/transports/console.js:79:23)
    at Console._write (/Users/tcjr/Library/pnpm/global/5/.pnpm/winston-transport@4.6.0/node_modules/winston-transport/index.js:103:17)
    at doWrite (/Users/tcjr/Library/pnpm/global/5/.pnpm/readable-stream@3.6.2/node_modules/readable-stream/lib/_stream_writable.js:390:139)
[error] 
[error] Error: An unexpected error has occurred.
[debug] [2026-02-22T03:22:36.435Z] Error: write EPIPE
    at afterWriteDispatched (node:internal/stream_base_commons:159:15)
    at writeGeneric (node:internal/stream_base_commons:150:3)
    at Socket._writeGeneric (node:net:966:11)
    at Socket._write (node:net:978:8)
    at writeOrBuffer (node:internal/streams/writable:572:12)
    at _write (node:internal/streams/writable:501:10)
    at Writable.write (node:internal/streams/writable:510:10)
    at Console.log (/Users/tcjr/Library/pnpm/global/5/.pnpm/winston@3.11.0/node_modules/winston/lib/winston/transports/console.js:79:23)
    at Console._write (/Users/tcjr/Library/pnpm/global/5/.pnpm/winston-transport@4.6.0/node_modules/winston-transport/index.js:103:17)
    at doWrite (/Users/tcjr/Library/pnpm/global/5/.pnpm/readable-stream@3.6.2/node_modules/readable-stream/lib/_stream_writable.js:390:139)
[error] 
[error] Error: An unexpected error has occurred.
[debug] [2026-02-22T03:22:36.435Z] Error: write EPIPE
    at afterWriteDispatched (node:internal/stream_base_commons:159:15)
    at writeGeneric (node:internal/stream_base_commons:150:3)
    at Socket._writeGeneric (node:net:966:11)
    at Socket._write (node:net:978:8)
    at writeOrBuffer (node:internal/streams/writable:572:12)
    at _write (node:internal/streams/writable:501:10)
    at Writable.write (node:internal/streams/writable:510:10)
    at Console.log (/Users/tcjr/Library/pnpm/global/5/.pnpm/winston@3.11.0/node_modules/winston/lib/winston/transports/console.js:79:23)
    at Console._write (/Users/tcjr/Library/pnpm/global/5/.pnpm/winston-transport@4.6.0/node_modules/winston-transport/index.js:103:17)
    at doWrite (/Users/tcjr/Library/pnpm/global/5/.pnpm/readable-stream@3.6.2/node_modules/readable-stream/lib/_stream_writable.js:390:139)
[error] 
[error] Error: An unexpected error has occurred.
[debug] [2026-02-22T03:22:36.435Z] Error: write EPIPE
    at afterWriteDispatched (node:internal/stream_base_commons:159:15)
    at writeGeneric (node:internal/stream_base_commons:150:3)
    at Socket._writeGeneric (node:net:966:11)
    at Socket._write (node:net:978:8)
    at writeOrBuffer (node:internal/streams/writable:572:12)
    at _write (node:internal/streams/writable:501:10)
    at Writable.write (node:internal/streams/writable:510:10)
    at Console.log (/Users/tcjr/Library/pnpm/global/5/.pnpm/winston@3.11.0/node_modules/winston/lib/winston/transports/console.js:79:23)
    at Console._write (/Users/tcjr/Library/pnpm/global/5/.pnpm/winston-transport@4.6.0/node_modules/winston-transport/index.js:103:17)
    at doWrite (/Users/tcjr/Library/pnpm/global/5/.pnpm/readable-stream@3.6.2/node_modules/readable-stream/lib/_stream_writable.js:390:139)
[error] 
[error] Error: An unexpected error has occurred.
[debug] [2026-02-22T03:22:36.435Z] Error: write EPIPE
    at afterWriteDispatched (node:internal/stream_base_commons:159:15)
    at writeGeneric (node:internal/stream_base_commons:150:3)
    at Socket._writeGeneric (node:net:966:11)
    at Socket._write (node:net:978:8)
    at writeOrBuffer (node:internal/streams/writable:572:12)
    at _write (node:internal/streams/writable:501:10)
    at Writable.write (node:internal/streams/writable:510:10)
    at Console.log (/Users/tcjr/Library/pnpm/global/5/.pnpm/winston@3.11.0/node_modules/winston/lib/winston/transports/console.js:79:23)
    at Console._write (/Users/tcjr/Library/pnpm/global/5/.pnpm/winston-transport@4.6.0/node_modules/winston-transport/index.js:103:17)
    at doWrite (/Users/tcjr/Library/pnpm/global/5/.pnpm/readable-stream@3.6.2/node_modules/readable-stream/lib/_stream_writable.js:390:139)
[error] 
[error] Error: An unexpected error has occurred.
[debug] [2026-02-22T03:22:36.436Z] Error: write EPIPE
    at afterWriteDispatched (node:internal/stream_base_commons:159:15)
    at writeGeneric (node:internal/stream_base_commons:150:3)
    at Socket._writeGeneric (node:net:966:11)
    at Socket._write (node:net:978:8)
    at writeOrBuffer (node:internal/streams/writable:572:12)
    at _write (node:internal/streams/writable:501:10)
    at Writable.write (node:internal/streams/writable:510:10)
    at Console.log (/Users/tcjr/Library/pnpm/global/5/.pnpm/winston@3.11.0/node_modules/winston/lib/winston/transports/console.js:79:23)
    at Console._write (/Users/tcjr/Library/pnpm/global/5/.pnpm/winston-transport@4.6.0/node_modules/winston-transport/index.js:103:17)
    at doWrite (/Users/tcjr/Library/pnpm/global/5/.pnpm/readable-stream@3.6.2/node_modules/readable-stream/lib/_stream_writable.js:390:139)
[error] 
[error] Error: An unexpected error has occurred.
[debug] [2026-02-22T03:22:36.436Z] Error: write EPIPE
    at afterWriteDispatched (node:internal/stream_base_commons:159:15)
    at writeGeneric (node:internal/stream_base_commons:150:3)
    at Socket._writeGeneric (node:net:966:11)
    at Socket._write (node:net:978:8)
    at writeOrBuffer (node:internal/streams/writable:572:12)
    at _write (node:internal/streams/writable:501:10)
    at Writable.write (node:internal/streams/writable:510:10)
    at Console.log (/Users/tcjr/Library/pnpm/global/5/.pnpm/winston@3.11.0/node_modules/winston/lib/winston/transports/console.js:79:23)
    at Console._write (/Users/tcjr/Library/pnpm/global/5/.pnpm/winston-transport@4.6.0/node_modules/winston-transport/index.js:103:17)
    at doWrite (/Users/tcjr/Library/pnpm/global/5/.pnpm/readable-stream@3.6.2/node_modules/readable-stream/lib/_stream_writable.js:390:139)
[error] 
[error] Error: An unexpected error has occurred.
[debug] [2026-02-22T03:22:36.436Z] Error: write EPIPE
    at afterWriteDispatched (node:internal/stream_base_commons:159:15)
    at writeGeneric (node:internal/stream_base_commons:150:3)
    at Socket._writeGeneric (node:net:966:11)
    at Socket._write (node:net:978:8)
    at writeOrBuffer (node:internal/streams/writable:572:12)
    at _write (node:internal/streams/writable:501:10)
    at Writable.write (node:internal/streams/writable:510:10)
    at Console.log (/Users/tcjr/Library/pnpm/global/5/.pnpm/winston@3.11.0/node_modules/winston/lib/winston/transports/console.js:79:23)
    at Console._write (/Users/tcjr/Library/pnpm/global/5/.pnpm/winston-transport@4.6.0/node_modules/winston-transport/index.js:103:17)
    at doWrite (/Users/tcjr/Library/pnpm/global/5/.pnpm/readable-stream@3.6.2/node_modules/readable-stream/lib/_stream_writable.js:390:139)
[error] 
[error] Error: An unexpected error has occurred.
[debug] [2026-02-22T03:22:36.436Z] Error: write EPIPE
    at afterWriteDispatched (node:internal/stream_base_commons:159:15)
    at writeGeneric (node:internal/stream_base_commons:150:3)
    at Socket._writeGeneric (node:net:966:11)
    at Socket._write (node:net:978:8)
    at writeOrBuffer (node:internal/streams/writable:572:12)
    at _write (node:internal/streams/writable:501:10)
    at Writable.write (node:internal/streams/writable:510:10)
    at Console.log (/Users/tcjr/Library/pnpm/global/5/.pnpm/winston@3.11.0/node_modules/winston/lib/winston/transports/console.js:79:23)
    at Console._write (/Users/tcjr/Library/pnpm/global/5/.pnpm/winston-transport@4.6.0/node_modules/winston-transport/index.js:103:17)
    at doWrite (/Users/tcjr/Library/pnpm/global/5/.pnpm/readable-stream@3.6.2/node_modules/readable-stream/lib/_stream_writable.js:390:139)
[error] 
[error] Error: An unexpected error has occurred.
[debug] [2026-02-22T03:22:36.436Z] Error: write EPIPE
    at afterWriteDispatched (node:internal/stream_base_commons:159:15)
    at writeGeneric (node:internal/stream_base_commons:150:3)
    at Socket._writeGeneric (node:net:966:11)
    at Socket._write (node:net:978:8)
    at writeOrBuffer (node:internal/streams/writable:572:12)
    at _write (node:internal/streams/writable:501:10)
    at Writable.write (node:internal/streams/writable:510:10)
    at Console.log (/Users/tcjr/Library/pnpm/global/5/.pnpm/winston@3.11.0/node_modules/winston/lib/winston/transports/console.js:79:23)
    at Console._write (/Users/tcjr/Library/pnpm/global/5/.pnpm/winston-transport@4.6.0/node_modules/winston-transport/index.js:103:17)
    at doWrite (/Users/tcjr/Library/pnpm/global/5/.pnpm/readable-stream@3.6.2/node_modules/readable-stream/lib/_stream_writable.js:390:139)
[error] 
[error] Error: An unexpected error has occurred.
[debug] [2026-02-22T03:22:36.436Z] Error: write EPIPE
    at afterWriteDispatched (node:internal/stream_base_commons:159:15)
    at writeGeneric (node:internal/stream_base_commons:150:3)
    at Socket._writeGeneric (node:net:966:11)
    at Socket._write (node:net:978:8)
    at writeOrBuffer (node:internal/streams/writable:572:12)
    at _write (node:internal/streams/writable:501:10)
    at Writable.write (node:internal/streams/writable:510:10)
    at Console.log (/Users/tcjr/Library/pnpm/global/5/.pnpm/winston@3.11.0/node_modules/winston/lib/winston/transports/console.js:79:23)
    at Console._write (/Users/tcjr/Library/pnpm/global/5/.pnpm/winston-transport@4.6.0/node_modules/winston-transport/index.js:103:17)
    at doWrite (/Users/tcjr/Library/pnpm/global/5/.pnpm/readable-stream@3.6.2/node_modules/readable-stream/lib/_stream_writable.js:390:139)
[error] 
[error] Error: An unexpected error has occurred.
[debug] [2026-02-22T03:22:36.436Z] Error: write EPIPE
    at afterWriteDispatched (node:internal/stream_base_commons:159:15)
    at writeGeneric (node:internal/stream_base_commons:150:3)
    at Socket._writeGeneric (node:net:966:11)
    at Socket._write (node:net:978:8)
    at writeOrBuffer (node:internal/streams/writable:572:12)
    at _write (node:internal/streams/writable:501:10)
    at Writable.write (node:internal/streams/writable:510:10)
    at Console.log (/Users/tcjr/Library/pnpm/global/5/.pnpm/winston@3.11.0/node_modules/winston/lib/winston/transports/console.js:79:23)
    at Console._write (/Users/tcjr/Library/pnpm/global/5/.pnpm/winston-transport@4.6.0/node_modules/winston-transport/index.js:103:17)
    at doWrite (/Users/tcjr/Library/pnpm/global/5/.pnpm/readable-stream@3.6.2/node_modules/readable-stream/lib/_stream_writable.js:390:139)
[error] 
[error] Error: An unexpected error has occurred.
[debug] [2026-02-22T03:22:36.436Z] Error: write EPIPE
    at afterWriteDispatched (node:internal/stream_base_commons:159:15)
    at writeGeneric (node:internal/stream_base_commons:150:3)
    at Socket._writeGeneric (node:net:966:11)
    at Socket._write (node:net:978:8)
    at writeOrBuffer (node:internal/streams/writable:572:12)
    at _write (node:internal/streams/writable:501:10)
    at Writable.write (node:internal/streams/writable:510:10)
    at Console.log (/Users/tcjr/Library/pnpm/global/5/.pnpm/winston@3.11.0/node_modules/winston/lib/winston/transports/console.js:79:23)
    at Console._write (/Users/tcjr/Library/pnpm/global/5/.pnpm/winston-transport@4.6.0/node_modules/winston-transport/index.js:103:17)
    at doWrite (/Users/tcjr/Library/pnpm/global/5/.pnpm/readable-stream@3.6.2/node_modules/readable-stream/lib/_stream_writable.js:390:139)
[error] 
[error] Error: An unexpected error has occurred.
[debug] [2026-02-22T03:22:36.437Z] Error: write EPIPE
    at afterWriteDispatched (node:internal/stream_base_commons:159:15)
    at writeGeneric (node:internal/stream_base_commons:150:3)
    at Socket._writeGeneric (node:net:966:11)
    at Socket._write (node:net:978:8)
    at writeOrBuffer (node:internal/streams/writable:572:12)
    at _write (node:internal/streams/writable:501:10)
    at Writable.write (node:internal/streams/writable:510:10)
    at Console.log (/Users/tcjr/Library/pnpm/global/5/.pnpm/winston@3.11.0/node_modules/winston/lib/winston/transports/console.js:79:23)
    at Console._write (/Users/tcjr/Library/pnpm/global/5/.pnpm/winston-transport@4.6.0/node_modules/winston-transport/index.js:103:17)
    at doWrite (/Users/tcjr/Library/pnpm/global/5/.pnpm/readable-stream@3.6.2/node_modules/readable-stream/lib/_stream_writable.js:390:139)
[error] 
[error] Error: An unexpected error has occurred.
[debug] [2026-02-22T03:22:36.437Z] Error: write EPIPE
    at afterWriteDispatched (node:internal/stream_base_commons:159:15)
    at writeGeneric (node:internal/stream_base_commons:150:3)
    at Socket._writeGeneric (node:net:966:11)
    at Socket._write (node:net:978:8)
    at writeOrBuffer (node:internal/streams/writable:572:12)
    at _write (node:internal/streams/writable:501:10)
    at Writable.write (node:internal/streams/writable:510:10)
    at Console.log (/Users/tcjr/Library/pnpm/global/5/.pnpm/winston@3.11.0/node_modules/winston/lib/winston/transports/console.js:79:23)
    at Console._write (/Users/tcjr/Library/pnpm/global/5/.pnpm/winston-transport@4.6.0/node_modules/winston-transport/index.js:103:17)
    at doWrite (/Users/tcjr/Library/pnpm/global/5/.pnpm/readable-stream@3.6.2/node_modules/readable-stream/lib/_stream_writable.js:390:139)
[error] 
[error] Error: An unexpected error has occurred.
[debug] [2026-02-22T03:22:36.437Z] Error: write EPIPE
    at afterWriteDispatched (node:internal/stream_base_commons:159:15)
    at writeGeneric (node:internal/stream_base_commons:150:3)
    at Socket._writeGeneric (node:net:966:11)
    at Socket._write (node:net:978:8)
    at writeOrBuffer (node:internal/streams/writable:572:12)
    at _write (node:internal/streams/writable:501:10)
    at Writable.write (node:internal/streams/writable:510:10)
    at Console.log (/Users/tcjr/Library/pnpm/global/5/.pnpm/winston@3.11.0/node_modules/winston/lib/winston/transports/console.js:79:23)
    at Console._write (/Users/tcjr/Library/pnpm/global/5/.pnpm/winston-transport@4.6.0/node_modules/winston-transport/index.js:103:17)
    at doWrite (/Users/tcjr/Library/pnpm/global/5/.pnpm/readable-stream@3.6.2/node_modules/readable-stream/lib/_stream_writable.js:390:139)
[error] 
[error] Error: An unexpected error has occurred.
[debug] [2026-02-22T03:22:36.437Z] Error: write EPIPE
    at afterWriteDispatched (node:internal/stream_base_commons:159:15)
    at writeGeneric (node:internal/stream_base_commons:150:3)
    at Socket._writeGeneric (node:net:966:11)
    at Socket._write (node:net:978:8)
    at writeOrBuffer (node:internal/streams/writable:572:12)
    at _write (node:internal/streams/writable:501:10)
    at Writable.write (node:internal/streams/writable:510:10)
    at Console.log (/Users/tcjr/Library/pnpm/global/5/.pnpm/winston@3.11.0/node_modules/winston/lib/winston/transports/console.js:79:23)
    at Console._write (/Users/tcjr/Library/pnpm/global/5/.pnpm/winston-transport@4.6.0/node_modules/winston-transport/index.js:103:17)
    at doWrite (/Users/tcjr/Library/pnpm/global/5/.pnpm/readable-stream@3.6.2/node_modules/readable-stream/lib/_stream_writable.js:390:139)
[error] 
[error] Error: An unexpected error has occurred.
[debug] [2026-02-22T03:22:36.437Z] Error: write EPIPE
    at afterWriteDispatched (node:internal/stream_base_commons:159:15)
    at writeGeneric (node:internal/stream_base_commons:150:3)
    at Socket._writeGeneric (node:net:966:11)
    at Socket._write (node:net:978:8)
    at writeOrBuffer (node:internal/streams/writable:572:12)
    at _write (node:internal/streams/writable:501:10)
    at Writable.write (node:internal/streams/writable:510:10)
    at Console.log (/Users/tcjr/Library/pnpm/global/5/.pnpm/winston@3.11.0/node_modules/winston/lib/winston/transports/console.js:79:23)
    at Console._write (/Users/tcjr/Library/pnpm/global/5/.pnpm/winston-transport@4.6.0/node_modules/winston-transport/index.js:103:17)
    at doWrite (/Users/tcjr/Library/pnpm/global/5/.pnpm/readable-stream@3.6.2/node_modules/readable-stream/lib/_stream_writable.js:390:139)
[error] 
[error] Error: An unexpected error has occurred.
[debug] [2026-02-22T03:22:36.437Z] Error: write EPIPE
    at afterWriteDispatched (node:internal/stream_base_commons:159:15)
    at writeGeneric (node:internal/stream_base_commons:150:3)
    at Socket._writeGeneric (node:net:966:11)
    at Socket._write (node:net:978:8)
    at writeOrBuffer (node:internal/streams/writable:572:12)
    at _write (node:internal/streams/writable:501:10)
    at Writable.write (node:internal/streams/writable:510:10)
    at Console.log (/Users/tcjr/Library/pnpm/global/5/.pnpm/winston@3.11.0/node_modules/winston/lib/winston/transports/console.js:79:23)
    at Console._write (/Users/tcjr/Library/pnpm/global/5/.pnpm/winston-transport@4.6.0/node_modules/winston-transport/index.js:103:17)
    at doWrite (/Users/tcjr/Library/pnpm/global/5/.pnpm/readable-stream@3.6.2/node_modules/readable-stream/lib/_stream_writable.js:390:139)
[error] 
[error] Error: An unexpected error has occurred.
[debug] [2026-02-22T03:22:36.437Z] Error: write EPIPE
    at afterWriteDispatched (node:internal/stream_base_commons:159:15)
    at writeGeneric (node:internal/stream_base_commons:150:3)
    at Socket._writeGeneric (node:net:966:11)
    at Socket._write (node:net:978:8)
    at writeOrBuffer (node:internal/streams/writable:572:12)
    at _write (node:internal/streams/writable:501:10)
    at Writable.write (node:internal/streams/writable:510:10)
    at Console.log (/Users/tcjr/Library/pnpm/global/5/.pnpm/winston@3.11.0/node_modules/winston/lib/winston/transports/console.js:79:23)
    at Console._write (/Users/tcjr/Library/pnpm/global/5/.pnpm/winston-transport@4.6.0/node_modules/winston-transport/index.js:103:17)
    at doWrite (/Users/tcjr/Library/pnpm/global/5/.pnpm/readable-stream@3.6.2/node_modules/readable-stream/lib/_stream_writable.js:390:139)
[error] 
[error] Error: An unexpected error has occurred.
[debug] [2026-02-22T03:22:36.438Z] Error: write EPIPE
    at afterWriteDispatched (node:internal/stream_base_commons:159:15)
    at writeGeneric (node:internal/stream_base_commons:150:3)
    at Socket._writeGeneric (node:net:966:11)
    at Socket._write (node:net:978:8)
    at writeOrBuffer (node:internal/streams/writable:572:12)
    at _write (node:internal/streams/writable:501:10)
    at Writable.write (node:internal/streams/writable:510:10)
    at Console.log (/Users/tcjr/Library/pnpm/global/5/.pnpm/winston@3.11.0/node_modules/winston/lib/winston/transports/console.js:79:23)
    at Console._write (/Users/tcjr/Library/pnpm/global/5/.pnpm/winston-transport@4.6.0/node_modules/winston-transport/index.js:103:17)
    at doWrite (/Users/tcjr/Library/pnpm/global/5/.pnpm/readable-stream@3.6.2/node_modules/readable-stream/lib/_stream_writable.js:390:139)
[error] 
[error] Error: An unexpected error has occurred.
[debug] [2026-02-22T03:22:36.438Z] Error: write EPIPE
    at afterWriteDispatched (node:internal/stream_base_commons:159:15)
    at writeGeneric (node:internal/stream_base_commons:150:3)
    at Socket._writeGeneric (node:net:966:11)
    at Socket._write (node:net:978:8)
    at writeOrBuffer (node:internal/streams/writable:572:12)
    at _write (node:internal/streams/writable:501:10)
    at Writable.write (node:internal/streams/writable:510:10)
    at Console.log (/Users/tcjr/Library/pnpm/global/5/.pnpm/winston@3.11.0/node_modules/winston/lib/winston/transports/console.js:79:23)
    at Console._write (/Users/tcjr/Library/pnpm/global/5/.pnpm/winston-transport@4.6.0/node_modules/winston-transport/index.js:103:17)
    at doWrite (/Users/tcjr/Library/pnpm/global/5/.pnpm/readable-stream@3.6.2/node_modules/readable-stream/lib/_stream_writable.js:390:139)
[error] 
[error] Error: An unexpected error has occurred.
[debug] [2026-02-22T03:22:36.438Z] Error: write EPIPE
    at afterWriteDispatched (node:internal/stream_base_commons:159:15)
    at writeGeneric (node:internal/stream_base_commons:150:3)
    at Socket._writeGeneric (node:net:966:11)
    at Socket._write (node:net:978:8)
    at writeOrBuffer (node:internal/streams/writable:572:12)
    at _write (node:internal/streams/writable:501:10)
    at Writable.write (node:internal/streams/writable:510:10)
    at Console.log (/Users/tcjr/Library/pnpm/global/5/.pnpm/winston@3.11.0/node_modules/winston/lib/winston/transports/console.js:79:23)
    at Console._write (/Users/tcjr/Library/pnpm/global/5/.pnpm/winston-transport@4.6.0/node_modules/winston-transport/index.js:103:17)
    at doWrite (/Users/tcjr/Library/pnpm/global/5/.pnpm/readable-stream@3.6.2/node_modules/readable-stream/lib/_stream_writable.js:390:139)
[error] 
[error] Error: An unexpected error has occurred.
[debug] [2026-02-22T03:22:36.438Z] Error: write EPIPE
    at afterWriteDispatched (node:internal/stream_base_commons:159:15)
    at writeGeneric (node:internal/stream_base_commons:150:3)
    at Socket._writeGeneric (node:net:966:11)
    at Socket._write (node:net:978:8)
    at writeOrBuffer (node:internal/streams/writable:572:12)
    at _write (node:internal/streams/writable:501:10)
    at Writable.write (node:internal/streams/writable:510:10)
    at Console.log (/Users/tcjr/Library/pnpm/global/5/.pnpm/winston@3.11.0/node_modules/winston/lib/winston/transports/console.js:79:23)
    at Console._write (/Users/tcjr/Library/pnpm/global/5/.pnpm/winston-transport@4.6.0/node_modules/winston-transport/index.js:103:17)
    at doWrite (/Users/tcjr/Library/pnpm/global/5/.pnpm/readable-stream@3.6.2/node_modules/readable-stream/lib/_stream_writable.js:390:139)
[error] 
[error] Error: An unexpected error has occurred.
[debug] [2026-02-22T03:22:36.439Z] Error: write EPIPE
    at afterWriteDispatched (node:internal/stream_base_commons:159:15)
    at writeGeneric (node:internal/stream_base_commons:150:3)
    at Socket._writeGeneric (node:net:966:11)
    at Socket._write (node:net:978:8)
    at writeOrBuffer (node:internal/streams/writable:572:12)
    at _write (node:internal/streams/writable:501:10)
    at Writable.write (node:internal/streams/writable:510:10)
    at Console.log (/Users/tcjr/Library/pnpm/global/5/.pnpm/winston@3.11.0/node_modules/winston/lib/winston/transports/console.js:79:23)
    at Console._write (/Users/tcjr/Library/pnpm/global/5/.pnpm/winston-transport@4.6.0/node_modules/winston-transport/index.js:103:17)
    at doWrite (/Users/tcjr/Library/pnpm/global/5/.pnpm/readable-stream@3.6.2/node_modules/readable-stream/lib/_stream_writable.js:390:139)
[error] 
[error] Error: An unexpected error has occurred.
[debug] [2026-02-22T03:22:36.439Z] Error: write EPIPE
    at afterWriteDispatched (node:internal/stream_base_commons:159:15)
    at writeGeneric (node:internal/stream_base_commons:150:3)
    at Socket._writeGeneric (node:net:966:11)
    at Socket._write (node:net:978:8)
    at writeOrBuffer (node:internal/streams/writable:572:12)
    at _write (node:internal/streams/writable:501:10)
    at Writable.write (node:internal/streams/writable:510:10)
    at Console.log (/Users/tcjr/Library/pnpm/global/5/.pnpm/winston@3.11.0/node_modules/winston/lib/winston/transports/console.js:79:23)
    at Console._write (/Users/tcjr/Library/pnpm/global/5/.pnpm/winston-transport@4.6.0/node_modules/winston-transport/index.js:103:17)
    at doWrite (/Users/tcjr/Library/pnpm/global/5/.pnpm/readable-stream@3.6.2/node_modules/readable-stream/lib/_stream_writable.js:390:139)
[error] 
[error] Error: An unexpected error has occurred.
[debug] [2026-02-22T03:22:36.439Z] Error: write EPIPE
    at afterWriteDispatched (node:internal/stream_base_commons:159:15)
    at writeGeneric (node:internal/stream_base_commons:150:3)
    at Socket._writeGeneric (node:net:966:11)
    at Socket._write (node:net:978:8)
    at writeOrBuffer (node:internal/streams/writable:572:12)
    at _write (node:internal/streams/writable:501:10)
    at Writable.write (node:internal/streams/writable:510:10)
    at Console.log (/Users/tcjr/Library/pnpm/global/5/.pnpm/winston@3.11.0/node_modules/winston/lib/winston/transports/console.js:79:23)
    at Console._write (/Users/tcjr/Library/pnpm/global/5/.pnpm/winston-transport@4.6.0/node_modules/winston-transport/index.js:103:17)
    at doWrite (/Users/tcjr/Library/pnpm/global/5/.pnpm/readable-stream@3.6.2/node_modules/readable-stream/lib/_stream_writable.js:390:139)
[error] 
[error] Error: An unexpected error has occurred.
[debug] [2026-02-22T03:22:36.440Z] Error: write EPIPE
    at afterWriteDispatched (node:internal/stream_base_commons:159:15)
    at writeGeneric (node:internal/stream_base_commons:150:3)
    at Socket._writeGeneric (node:net:966:11)
    at Socket._write (node:net:978:8)
    at writeOrBuffer (node:internal/streams/writable:572:12)
    at _write (node:internal/streams/writable:501:10)
    at Writable.write (node:internal/streams/writable:510:10)
    at Console.log (/Users/tcjr/Library/pnpm/global/5/.pnpm/winston@3.11.0/node_modules/winston/lib/winston/transports/console.js:79:23)
    at Console._write (/Users/tcjr/Library/pnpm/global/5/.pnpm/winston-transport@4.6.0/node_modules/winston-transport/index.js:103:17)
    at doWrite (/Users/tcjr/Library/pnpm/global/5/.pnpm/readable-stream@3.6.2/node_modules/readable-stream/lib/_stream_writable.js:390:139)
[error] 
[error] Error: An unexpected error has occurred.
[debug] [2026-02-22T03:22:36.440Z] Error: write EPIPE
    at afterWriteDispatched (node:internal/stream_base_commons:159:15)
    at writeGeneric (node:internal/stream_base_commons:150:3)
    at Socket._writeGeneric (node:net:966:11)
    at Socket._write (node:net:978:8)
    at writeOrBuffer (node:internal/streams/writable:572:12)
    at _write (node:internal/streams/writable:501:10)
    at Writable.write (node:internal/streams/writable:510:10)
    at Console.log (/Users/tcjr/Library/pnpm/global/5/.pnpm/winston@3.11.0/node_modules/winston/lib/winston/transports/console.js:79:23)
    at Console._write (/Users/tcjr/Library/pnpm/global/5/.pnpm/winston-transport@4.6.0/node_modules/winston-transport/index.js:103:17)
    at doWrite (/Users/tcjr/Library/pnpm/global/5/.pnpm/readable-stream@3.6.2/node_modules/readable-stream/lib/_stream_writable.js:390:139)
[error] 
[error] Error: An unexpected error has occurred.
[debug] [2026-02-22T03:22:36.440Z] Error: write EPIPE
    at afterWriteDispatched (node:internal/stream_base_commons:159:15)
    at writeGeneric (node:internal/stream_base_commons:150:3)
    at Socket._writeGeneric (node:net:966:11)
    at Socket._write (node:net:978:8)
    at writeOrBuffer (node:internal/streams/writable:572:12)
    at _write (node:internal/streams/writable:501:10)
    at Writable.write (node:internal/streams/writable:510:10)
    at Console.log (/Users/tcjr/Library/pnpm/global/5/.pnpm/winston@3.11.0/node_modules/winston/lib/winston/transports/console.js:79:23)
    at Console._write (/Users/tcjr/Library/pnpm/global/5/.pnpm/winston-transport@4.6.0/node_modules/winston-transport/index.js:103:17)
    at doWrite (/Users/tcjr/Library/pnpm/global/5/.pnpm/readable-stream@3.6.2/node_modules/readable-stream/lib/_stream_writable.js:390:139)
[error] 
[error] Error: An unexpected error has occurred.
[debug] [2026-02-22T03:22:36.440Z] Error: write EPIPE
    at afterWriteDispatched (node:internal/stream_base_commons:159:15)
    at writeGeneric (node:internal/stream_base_commons:150:3)
    at Socket._writeGeneric (node:net:966:11)
    at Socket._write (node:net:978:8)
    at writeOrBuffer (node:internal/streams/writable:572:12)
    at _write (node:internal/streams/writable:501:10)
    at Writable.write (node:internal/streams/writable:510:10)
    at Console.log (/Users/tcjr/Library/pnpm/global/5/.pnpm/winston@3.11.0/node_modules/winston/lib/winston/transports/console.js:79:23)
    at Console._write (/Users/tcjr/Library/pnpm/global/5/.pnpm/winston-transport@4.6.0/node_modules/winston-transport/index.js:103:17)
    at doWrite (/Users/tcjr/Library/pnpm/global/5/.pnpm/readable-stream@3.6.2/node_modules/readable-stream/lib/_stream_writable.js:390:139)
[error] 
[error] Error: An unexpected error has occurred.
[debug] [2026-02-22T03:22:36.440Z] Error: write EPIPE
    at afterWriteDispatched (node:internal/stream_base_commons:159:15)
    at writeGeneric (node:internal/stream_base_commons:150:3)
    at Socket._writeGeneric (node:net:966:11)
    at Socket._write (node:net:978:8)
    at writeOrBuffer (node:internal/streams/writable:572:12)
    at _write (node:internal/streams/writable:501:10)
    at Writable.write (node:internal/streams/writable:510:10)
    at Console.log (/Users/tcjr/Library/pnpm/global/5/.pnpm/winston@3.11.0/node_modules/winston/lib/winston/transports/console.js:79:23)
    at Console._write (/Users/tcjr/Library/pnpm/global/5/.pnpm/winston-transport@4.6.0/node_modules/winston-transport/index.js:103:17)
    at doWrite (/Users/tcjr/Library/pnpm/global/5/.pnpm/readable-stream@3.6.2/node_modules/readable-stream/lib/_stream_writable.js:390:139)
[error] 
[error] Error: An unexpected error has occurred.
[debug] [2026-02-22T03:22:36.441Z] Error: write EPIPE
    at afterWriteDispatched (node:internal/stream_base_commons:159:15)
    at writeGeneric (node:internal/stream_base_commons:150:3)
    at Socket._writeGeneric (node:net:966:11)
    at Socket._write (node:net:978:8)
    at writeOrBuffer (node:internal/streams/writable:572:12)
    at _write (node:internal/streams/writable:501:10)
    at Writable.write (node:internal/streams/writable:510:10)
    at Console.log (/Users/tcjr/Library/pnpm/global/5/.pnpm/winston@3.11.0/node_modules/winston/lib/winston/transports/console.js:79:23)
    at Console._write (/Users/tcjr/Library/pnpm/global/5/.pnpm/winston-transport@4.6.0/node_modules/winston-transport/index.js:103:17)
    at doWrite (/Users/tcjr/Library/pnpm/global/5/.pnpm/readable-stream@3.6.2/node_modules/readable-stream/lib/_stream_writable.js:390:139)
[error] 
[error] Error: An unexpected error has occurred.
[debug] [2026-02-22T03:22:36.441Z] Error: write EPIPE
    at afterWriteDispatched (node:internal/stream_base_commons:159:15)
    at writeGeneric (node:internal/stream_base_commons:150:3)
    at Socket._writeGeneric (node:net:966:11)
    at Socket._write (node:net:978:8)
    at writeOrBuffer (node:internal/streams/writable:572:12)
    at _write (node:internal/streams/writable:501:10)
    at Writable.write (node:internal/streams/writable:510:10)
    at Console.log (/Users/tcjr/Library/pnpm/global/5/.pnpm/winston@3.11.0/node_modules/winston/lib/winston/transports/console.js:79:23)
    at Console._write (/Users/tcjr/Library/pnpm/global/5/.pnpm/winston-transport@4.6.0/node_modules/winston-transport/index.js:103:17)
    at doWrite (/Users/tcjr/Library/pnpm/global/5/.pnpm/readable-stream@3.6.2/node_modules/readable-stream/lib/_stream_writable.js:390:139)
[error] 
[error] Error: An unexpected error has occurred.
[debug] [2026-02-22T03:22:36.441Z] Error: write EPIPE
    at afterWriteDispatched (node:internal/stream_base_commons:159:15)
    at writeGeneric (node:internal/stream_base_commons:150:3)
    at Socket._writeGeneric (node:net:966:11)
    at Socket._write (node:net:978:8)
    at writeOrBuffer (node:internal/streams/writable:572:12)
    at _write (node:internal/streams/writable:501:10)
    at Writable.write (node:internal/streams/writable:510:10)
    at Console.log (/Users/tcjr/Library/pnpm/global/5/.pnpm/winston@3.11.0/node_modules/winston/lib/winston/transports/console.js:79:23)
    at Console._write (/Users/tcjr/Library/pnpm/global/5/.pnpm/winston-transport@4.6.0/node_modules/winston-transport/index.js:103:17)
    at doWrite (/Users/tcjr/Library/pnpm/global/5/.pnpm/readable-stream@3.6.2/node_modules/readable-stream/lib/_stream_writable.js:390:139)
[error] 
[error] Error: An unexpected error has occurred.
[debug] [2026-02-22T03:22:36.441Z] Error: write EPIPE
    at afterWriteDispatched (node:internal/stream_base_commons:159:15)
    at writeGeneric (node:internal/stream_base_commons:150:3)
    at Socket._writeGeneric (node:net:966:11)
    at Socket._write (node:net:978:8)
    at writeOrBuffer (node:internal/streams/writable:572:12)
    at _write (node:internal/streams/writable:501:10)
    at Writable.write (node:internal/streams/writable:510:10)
    at Console.log (/Users/tcjr/Library/pnpm/global/5/.pnpm/winston@3.11.0/node_modules/winston/lib/winston/transports/console.js:79:23)
    at Console._write (/Users/tcjr/Library/pnpm/global/5/.pnpm/winston-transport@4.6.0/node_modules/winston-transport/index.js:103:17)
    at doWrite (/Users/tcjr/Library/pnpm/global/5/.pnpm/readable-stream@3.6.2/node_modules/readable-stream/lib/_stream_writable.js:390:139)
[error] 
[error] Error: An unexpected error has occurred.
[debug] [2026-02-22T03:22:36.441Z] Error: write EPIPE
    at afterWriteDispatched (node:internal/stream_base_commons:159:15)
    at writeGeneric (node:internal/stream_base_commons:150:3)
    at Socket._writeGeneric (node:net:966:11)
    at Socket._write (node:net:978:8)
    at writeOrBuffer (node:internal/streams/writable:572:12)
    at _write (node:internal/streams/writable:501:10)
    at Writable.write (node:internal/streams/writable:510:10)
    at Console.log (/Users/tcjr/Library/pnpm/global/5/.pnpm/winston@3.11.0/node_modules/winston/lib/winston/transports/console.js:79:23)
    at Console._write (/Users/tcjr/Library/pnpm/global/5/.pnpm/winston-transport@4.6.0/node_modules/winston-transport/index.js:103:17)
    at doWrite (/Users/tcjr/Library/pnpm/global/5/.pnpm/readable-stream@3.6.2/node_modules/readable-stream/lib/_stream_writable.js:390:139)
[error] 
[error] Error: An unexpected error has occurred.
[debug] [2026-02-22T03:22:36.441Z] Error: write EPIPE
    at afterWriteDispatched (node:internal/stream_base_commons:159:15)
    at writeGeneric (node:internal/stream_base_commons:150:3)
    at Socket._writeGeneric (node:net:966:11)
    at Socket._write (node:net:978:8)
    at writeOrBuffer (node:internal/streams/writable:572:12)
    at _write (node:internal/streams/writable:501:10)
    at Writable.write (node:internal/streams/writable:510:10)
    at Console.log (/Users/tcjr/Library/pnpm/global/5/.pnpm/winston@3.11.0/node_modules/winston/lib/winston/transports/console.js:79:23)
    at Console._write (/Users/tcjr/Library/pnpm/global/5/.pnpm/winston-transport@4.6.0/node_modules/winston-transport/index.js:103:17)
    at doWrite (/Users/tcjr/Library/pnpm/global/5/.pnpm/readable-stream@3.6.2/node_modules/readable-stream/lib/_stream_writable.js:390:139)
[error] 
[error] Error: An unexpected error has occurred.
[debug] [2026-02-22T03:22:36.442Z] Error: write EPIPE
    at afterWriteDispatched (node:internal/stream_base_commons:159:15)
    at writeGeneric (node:internal/stream_base_commons:150:3)
    at Socket._writeGeneric (node:net:966:11)
    at Socket._write (node:net:978:8)
    at writeOrBuffer (node:internal/streams/writable:572:12)
    at _write (node:internal/streams/writable:501:10)
    at Writable.write (node:internal/streams/writable:510:10)
    at Console.log (/Users/tcjr/Library/pnpm/global/5/.pnpm/winston@3.11.0/node_modules/winston/lib/winston/transports/console.js:79:23)
    at Console._write (/Users/tcjr/Library/pnpm/global/5/.pnpm/winston-transport@4.6.0/node_modules/winston-transport/index.js:103:17)
    at doWrite (/Users/tcjr/Library/pnpm/global/5/.pnpm/readable-stream@3.6.2/node_modules/readable-stream/lib/_stream_writable.js:390:139)
[error] 
[error] Error: An unexpected error has occurred.
[debug] [2026-02-22T03:22:36.442Z] Error: write EPIPE
    at afterWriteDispatched (node:internal/stream_base_commons:159:15)
    at writeGeneric (node:internal/stream_base_commons:150:3)
    at Socket._writeGeneric (node:net:966:11)
    at Socket._write (node:net:978:8)
    at writeOrBuffer (node:internal/streams/writable:572:12)
    at _write (node:internal/streams/writable:501:10)
    at Writable.write (node:internal/streams/writable:510:10)
    at Console.log (/Users/tcjr/Library/pnpm/global/5/.pnpm/winston@3.11.0/node_modules/winston/lib/winston/transports/console.js:79:23)
    at Console._write (/Users/tcjr/Library/pnpm/global/5/.pnpm/winston-transport@4.6.0/node_modules/winston-transport/index.js:103:17)
    at doWrite (/Users/tcjr/Library/pnpm/global/5/.pnpm/readable-stream@3.6.2/node_modules/readable-stream/lib/_stream_writable.js:390:139)
[error] 
[error] Error: An unexpected error has occurred.
[debug] [2026-02-22T03:22:36.442Z] Error: write EPIPE
    at afterWriteDispatched (node:internal/stream_base_commons:159:15)
    at writeGeneric (node:internal/stream_base_commons:150:3)
    at Socket._writeGeneric (node:net:966:11)
    at Socket._write (node:net:978:8)
    at writeOrBuffer (node:internal/streams/writable:572:12)
    at _write (node:internal/streams/writable:501:10)
    at Writable.write (node:internal/streams/writable:510:10)
    at Console.log (/Users/tcjr/Library/pnpm/global/5/.pnpm/winston@3.11.0/node_modules/winston/lib/winston/transports/console.js:79:23)
    at Console._write (/Users/tcjr/Library/pnpm/global/5/.pnpm/winston-transport@4.6.0/node_modules/winston-transport/index.js:103:17)
    at doWrite (/Users/tcjr/Library/pnpm/global/5/.pnpm/readable-stream@3.6.2/node_modules/readable-stream/lib/_stream_writable.js:390:139)
[error] 
[error] Error: An unexpected error has occurred.
[debug] [2026-02-22T03:22:36.442Z] Error: write EPIPE
    at afterWriteDispatched (node:internal/stream_base_commons:159:15)
    at writeGeneric (node:internal/stream_base_commons:150:3)
    at Socket._writeGeneric (node:net:966:11)
    at Socket._write (node:net:978:8)
    at writeOrBuffer (node:internal/streams/writable:572:12)
    at _write (node:internal/streams/writable:501:10)
    at Writable.write (node:internal/streams/writable:510:10)
    at Console.log (/Users/tcjr/Library/pnpm/global/5/.pnpm/winston@3.11.0/node_modules/winston/lib/winston/transports/console.js:79:23)
    at Console._write (/Users/tcjr/Library/pnpm/global/5/.pnpm/winston-transport@4.6.0/node_modules/winston-transport/index.js:103:17)
    at doWrite (/Users/tcjr/Library/pnpm/global/5/.pnpm/readable-stream@3.6.2/node_modules/readable-stream/lib/_stream_writable.js:390:139)
[error] 
[error] Error: An unexpected error has occurred.
[debug] [2026-02-22T03:22:36.442Z] Error: write EPIPE
    at afterWriteDispatched (node:internal/stream_base_commons:159:15)
    at writeGeneric (node:internal/stream_base_commons:150:3)
    at Socket._writeGeneric (node:net:966:11)
    at Socket._write (node:net:978:8)
    at writeOrBuffer (node:internal/streams/writable:572:12)
    at _write (node:internal/streams/writable:501:10)
    at Writable.write (node:internal/streams/writable:510:10)
    at Console.log (/Users/tcjr/Library/pnpm/global/5/.pnpm/winston@3.11.0/node_modules/winston/lib/winston/transports/console.js:79:23)
    at Console._write (/Users/tcjr/Library/pnpm/global/5/.pnpm/winston-transport@4.6.0/node_modules/winston-transport/index.js:103:17)
    at doWrite (/Users/tcjr/Library/pnpm/global/5/.pnpm/readable-stream@3.6.2/node_modules/readable-stream/lib/_stream_writable.js:390:139)
[error] 
[error] Error: An unexpected error has occurred.
[debug] [2026-02-22T03:22:36.442Z] Error: write EPIPE
    at afterWriteDispatched (node:internal/stream_base_commons:159:15)
    at writeGeneric (node:internal/stream_base_commons:150:3)
    at Socket._writeGeneric (node:net:966:11)
    at Socket._write (node:net:978:8)
    at writeOrBuffer (node:internal/streams/writable:572:12)
    at _write (node:internal/streams/writable:501:10)
    at Writable.write (node:internal/streams/writable:510:10)
    at Console.log (/Users/tcjr/Library/pnpm/global/5/.pnpm/winston@3.11.0/node_modules/winston/lib/winston/transports/console.js:79:23)
    at Console._write (/Users/tcjr/Library/pnpm/global/5/.pnpm/winston-transport@4.6.0/node_modules/winston-transport/index.js:103:17)
    at doWrite (/Users/tcjr/Library/pnpm/global/5/.pnpm/readable-stream@3.6.2/node_modules/readable-stream/lib/_stream_writable.js:390:139)
[error] 
[error] Error: An unexpected error has occurred.
[debug] [2026-02-22T03:22:36.443Z] Error: write EPIPE
    at afterWriteDispatched (node:internal/stream_base_commons:159:15)
    at writeGeneric (node:internal/stream_base_commons:150:3)
    at Socket._writeGeneric (node:net:966:11)
    at Socket._write (node:net:978:8)
    at writeOrBuffer (node:internal/streams/writable:572:12)
    at _write (node:internal/streams/writable:501:10)
    at Writable.write (node:internal/streams/writable:510:10)
    at Console.log (/Users/tcjr/Library/pnpm/global/5/.pnpm/winston@3.11.0/node_modules/winston/lib/winston/transports/console.js:79:23)
    at Console._write (/Users/tcjr/Library/pnpm/global/5/.pnpm/winston-transport@4.6.0/node_modules/winston-transport/index.js:103:17)
    at doWrite (/Users/tcjr/Library/pnpm/global/5/.pnpm/readable-stream@3.6.2/node_modules/readable-stream/lib/_stream_writable.js:390:139)
[error] 
[error] Error: An unexpected error has occurred.
[debug] [2026-02-22T03:22:36.443Z] Error: write EPIPE
    at afterWriteDispatched (node:internal/stream_base_commons:159:15)
    at writeGeneric (node:internal/stream_base_commons:150:3)
    at Socket._writeGeneric (node:net:966:11)
    at Socket._write (node:net:978:8)
    at writeOrBuffer (node:internal/streams/writable:572:12)
    at _write (node:internal/streams/writable:501:10)
    at Writable.write (node:internal/streams/writable:510:10)
    at Console.log (/Users/tcjr/Library/pnpm/global/5/.pnpm/winston@3.11.0/node_modules/winston/lib/winston/transports/console.js:79:23)
    at Console._write (/Users/tcjr/Library/pnpm/global/5/.pnpm/winston-transport@4.6.0/node_modules/winston-transport/index.js:103:17)
    at doWrite (/Users/tcjr/Library/pnpm/global/5/.pnpm/readable-stream@3.6.2/node_modules/readable-stream/lib/_stream_writable.js:390:139)
[error] 
[error] Error: An unexpected error has occurred.
[debug] [2026-02-22T03:22:36.443Z] Error: write EPIPE
    at afterWriteDispatched (node:internal/stream_base_commons:159:15)
    at writeGeneric (node:internal/stream_base_commons:150:3)
    at Socket._writeGeneric (node:net:966:11)
    at Socket._write (node:net:978:8)
    at writeOrBuffer (node:internal/streams/writable:572:12)
    at _write (node:internal/streams/writable:501:10)
    at Writable.write (node:internal/streams/writable:510:10)
    at Console.log (/Users/tcjr/Library/pnpm/global/5/.pnpm/winston@3.11.0/node_modules/winston/lib/winston/transports/console.js:79:23)
    at Console._write (/Users/tcjr/Library/pnpm/global/5/.pnpm/winston-transport@4.6.0/node_modules/winston-transport/index.js:103:17)
    at doWrite (/Users/tcjr/Library/pnpm/global/5/.pnpm/readable-stream@3.6.2/node_modules/readable-stream/lib/_stream_writable.js:390:139)
[error] 
[error] Error: An unexpected error has occurred.
[debug] [2026-02-22T03:22:36.443Z] Error: write EPIPE
    at afterWriteDispatched (node:internal/stream_base_commons:159:15)
    at writeGeneric (node:internal/stream_base_commons:150:3)
    at Socket._writeGeneric (node:net:966:11)
    at Socket._write (node:net:978:8)
    at writeOrBuffer (node:internal/streams/writable:572:12)
    at _write (node:internal/streams/writable:501:10)
    at Writable.write (node:internal/streams/writable:510:10)
    at Console.log (/Users/tcjr/Library/pnpm/global/5/.pnpm/winston@3.11.0/node_modules/winston/lib/winston/transports/console.js:79:23)
    at Console._write (/Users/tcjr/Library/pnpm/global/5/.pnpm/winston-transport@4.6.0/node_modules/winston-transport/index.js:103:17)
    at doWrite (/Users/tcjr/Library/pnpm/global/5/.pnpm/readable-stream@3.6.2/node_modules/readable-stream/lib/_stream_writable.js:390:139)
[error] 
[error] Error: An unexpected error has occurred.
[debug] [2026-02-22T03:22:36.443Z] Error: write EPIPE
    at afterWriteDispatched (node:internal/stream_base_commons:159:15)
    at writeGeneric (node:internal/stream_base_commons:150:3)
    at Socket._writeGeneric (node:net:966:11)
    at Socket._write (node:net:978:8)
    at writeOrBuffer (node:internal/streams/writable:572:12)
    at _write (node:internal/streams/writable:501:10)
    at Writable.write (node:internal/streams/writable:510:10)
    at Console.log (/Users/tcjr/Library/pnpm/global/5/.pnpm/winston@3.11.0/node_modules/winston/lib/winston/transports/console.js:79:23)
    at Console._write (/Users/tcjr/Library/pnpm/global/5/.pnpm/winston-transport@4.6.0/node_modules/winston-transport/index.js:103:17)
    at doWrite (/Users/tcjr/Library/pnpm/global/5/.pnpm/readable-stream@3.6.2/node_modules/readable-stream/lib/_stream_writable.js:390:139)
[error] 
[error] Error: An unexpected error has occurred.
[debug] [2026-02-22T03:22:36.444Z] Error: write EPIPE
    at afterWriteDispatched (node:internal/stream_base_commons:159:15)
    at writeGeneric (node:internal/stream_base_commons:150:3)
    at Socket._writeGeneric (node:net:966:11)
    at Socket._write (node:net:978:8)
    at writeOrBuffer (node:internal/streams/writable:572:12)
    at _write (node:internal/streams/writable:501:10)
    at Writable.write (node:internal/streams/writable:510:10)
    at Console.log (/Users/tcjr/Library/pnpm/global/5/.pnpm/winston@3.11.0/node_modules/winston/lib/winston/transports/console.js:79:23)
    at Console._write (/Users/tcjr/Library/pnpm/global/5/.pnpm/winston-transport@4.6.0/node_modules/winston-transport/index.js:103:17)
    at doWrite (/Users/tcjr/Library/pnpm/global/5/.pnpm/readable-stream@3.6.2/node_modules/readable-stream/lib/_stream_writable.js:390:139)
[error] 
[error] Error: An unexpected error has occurred.
[debug] [2026-02-22T03:22:36.444Z] Error: write EPIPE
    at afterWriteDispatched (node:internal/stream_base_commons:159:15)
    at writeGeneric (node:internal/stream_base_commons:150:3)
    at Socket._writeGeneric (node:net:966:11)
    at Socket._write (node:net:978:8)
    at writeOrBuffer (node:internal/streams/writable:572:12)
    at _write (node:internal/streams/writable:501:10)
    at Writable.write (node:internal/streams/writable:510:10)
    at Console.log (/Users/tcjr/Library/pnpm/global/5/.pnpm/winston@3.11.0/node_modules/winston/lib/winston/transports/console.js:79:23)
    at Console._write (/Users/tcjr/Library/pnpm/global/5/.pnpm/winston-transport@4.6.0/node_modules/winston-transport/index.js:103:17)
    at doWrite (/Users/tcjr/Library/pnpm/global/5/.pnpm/readable-stream@3.6.2/node_modules/readable-stream/lib/_stream_writable.js:390:139)
[error] 
[error] Error: An unexpected error has occurred.
[debug] [2026-02-22T03:22:36.445Z] Error: write EPIPE
    at afterWriteDispatched (node:internal/stream_base_commons:159:15)
    at writeGeneric (node:internal/stream_base_commons:150:3)
    at Socket._writeGeneric (node:net:966:11)
    at Socket._write (node:net:978:8)
    at writeOrBuffer (node:internal/streams/writable:572:12)
    at _write (node:internal/streams/writable:501:10)
    at Writable.write (node:internal/streams/writable:510:10)
    at Console.log (/Users/tcjr/Library/pnpm/global/5/.pnpm/winston@3.11.0/node_modules/winston/lib/winston/transports/console.js:79:23)
    at Console._write (/Users/tcjr/Library/pnpm/global/5/.pnpm/winston-transport@4.6.0/node_modules/winston-transport/index.js:103:17)
    at doWrite (/Users/tcjr/Library/pnpm/global/5/.pnpm/readable-stream@3.6.2/node_modules/readable-stream/lib/_stream_writable.js:390:139)
[error] 
[error] Error: An unexpected error has occurred.
[debug] [2026-02-22T03:22:36.445Z] Error: write EPIPE
    at afterWriteDispatched (node:internal/stream_base_commons:159:15)
    at writeGeneric (node:internal/stream_base_commons:150:3)
    at Socket._writeGeneric (node:net:966:11)
    at Socket._write (node:net:978:8)
    at writeOrBuffer (node:internal/streams/writable:572:12)
    at _write (node:internal/streams/writable:501:10)
    at Writable.write (node:internal/streams/writable:510:10)
    at Console.log (/Users/tcjr/Library/pnpm/global/5/.pnpm/winston@3.11.0/node_modules/winston/lib/winston/transports/console.js:79:23)
    at Console._write (/Users/tcjr/Library/pnpm/global/5/.pnpm/winston-transport@4.6.0/node_modules/winston-transport/index.js:103:17)
    at doWrite (/Users/tcjr/Library/pnpm/global/5/.pnpm/readable-stream@3.6.2/node_modules/readable-stream/lib/_stream_writable.js:390:139)
[error] 
[error] Error: An unexpected error has occurred.
[debug] [2026-02-22T03:22:36.445Z] Error: write EPIPE
    at afterWriteDispatched (node:internal/stream_base_commons:159:15)
    at writeGeneric (node:internal/stream_base_commons:150:3)
    at Socket._writeGeneric (node:net:966:11)
    at Socket._write (node:net:978:8)
    at writeOrBuffer (node:internal/streams/writable:572:12)
    at _write (node:internal/streams/writable:501:10)
    at Writable.write (node:internal/streams/writable:510:10)
    at Console.log (/Users/tcjr/Library/pnpm/global/5/.pnpm/winston@3.11.0/node_modules/winston/lib/winston/transports/console.js:79:23)
    at Console._write (/Users/tcjr/Library/pnpm/global/5/.pnpm/winston-transport@4.6.0/node_modules/winston-transport/index.js:103:17)
    at doWrite (/Users/tcjr/Library/pnpm/global/5/.pnpm/readable-stream@3.6.2/node_modules/readable-stream/lib/_stream_writable.js:390:139)
[error] 
[error] Error: An unexpected error has occurred.
[debug] [2026-02-22T03:22:36.445Z] Error: write EPIPE
    at afterWriteDispatched (node:internal/stream_base_commons:159:15)
    at writeGeneric (node:internal/stream_base_commons:150:3)
    at Socket._writeGeneric (node:net:966:11)
    at Socket._write (node:net:978:8)
    at writeOrBuffer (node:internal/streams/writable:572:12)
    at _write (node:internal/streams/writable:501:10)
    at Writable.write (node:internal/streams/writable:510:10)
    at Console.log (/Users/tcjr/Library/pnpm/global/5/.pnpm/winston@3.11.0/node_modules/winston/lib/winston/transports/console.js:79:23)
    at Console._write (/Users/tcjr/Library/pnpm/global/5/.pnpm/winston-transport@4.6.0/node_modules/winston-transport/index.js:103:17)
    at doWrite (/Users/tcjr/Library/pnpm/global/5/.pnpm/readable-stream@3.6.2/node_modules/readable-stream/lib/_stream_writable.js:390:139)
[error] 
[error] Error: An unexpected error has occurred.
[debug] [2026-02-22T03:22:36.445Z] Error: write EPIPE
    at afterWriteDispatched (node:internal/stream_base_commons:159:15)
    at writeGeneric (node:internal/stream_base_commons:150:3)
    at Socket._writeGeneric (node:net:966:11)
    at Socket._write (node:net:978:8)
    at writeOrBuffer (node:internal/streams/writable:572:12)
    at _write (node:internal/streams/writable:501:10)
    at Writable.write (node:internal/streams/writable:510:10)
    at Console.log (/Users/tcjr/Library/pnpm/global/5/.pnpm/winston@3.11.0/node_modules/winston/lib/winston/transports/console.js:79:23)
    at Console._write (/Users/tcjr/Library/pnpm/global/5/.pnpm/winston-transport@4.6.0/node_modules/winston-transport/index.js:103:17)
    at doWrite (/Users/tcjr/Library/pnpm/global/5/.pnpm/readable-stream@3.6.2/node_modules/readable-stream/lib/_stream_writable.js:390:139)
[error] 
[error] Error: An unexpected error has occurred.
[debug] [2026-02-22T03:22:36.445Z] Error: write EPIPE
    at afterWriteDispatched (node:internal/stream_base_commons:159:15)
    at writeGeneric (node:internal/stream_base_commons:150:3)
    at Socket._writeGeneric (node:net:966:11)
    at Socket._write (node:net:978:8)
    at writeOrBuffer (node:internal/streams/writable:572:12)
    at _write (node:internal/streams/writable:501:10)
    at Writable.write (node:internal/streams/writable:510:10)
    at Console.log (/Users/tcjr/Library/pnpm/global/5/.pnpm/winston@3.11.0/node_modules/winston/lib/winston/transports/console.js:79:23)
    at Console._write (/Users/tcjr/Library/pnpm/global/5/.pnpm/winston-transport@4.6.0/node_modules/winston-transport/index.js:103:17)
    at doWrite (/Users/tcjr/Library/pnpm/global/5/.pnpm/readable-stream@3.6.2/node_modules/readable-stream/lib/_stream_writable.js:390:139)
[error] 
[error] Error: An unexpected error has occurred.
[debug] [2026-02-22T03:22:36.445Z] Error: write EPIPE
    at afterWriteDispatched (node:internal/stream_base_commons:159:15)
    at writeGeneric (node:internal/stream_base_commons:150:3)
    at Socket._writeGeneric (node:net:966:11)
    at Socket._write (node:net:978:8)
    at writeOrBuffer (node:internal/streams/writable:572:12)
    at _write (node:internal/streams/writable:501:10)
    at Writable.write (node:internal/streams/writable:510:10)
    at Console.log (/Users/tcjr/Library/pnpm/global/5/.pnpm/winston@3.11.0/node_modules/winston/lib/winston/transports/console.js:79:23)
    at Console._write (/Users/tcjr/Library/pnpm/global/5/.pnpm/winston-transport@4.6.0/node_modules/winston-transport/index.js:103:17)
    at doWrite (/Users/tcjr/Library/pnpm/global/5/.pnpm/readable-stream@3.6.2/node_modules/readable-stream/lib/_stream_writable.js:390:139)
[error] 
[error] Error: An unexpected error has occurred.
[debug] [2026-02-22T03:22:36.446Z] Error: write EPIPE
    at afterWriteDispatched (node:internal/stream_base_commons:159:15)
    at writeGeneric (node:internal/stream_base_commons:150:3)
    at Socket._writeGeneric (node:net:966:11)
    at Socket._write (node:net:978:8)
    at writeOrBuffer (node:internal/streams/writable:572:12)
    at _write (node:internal/streams/writable:501:10)
    at Writable.write (node:internal/streams/writable:510:10)
    at Console.log (/Users/tcjr/Library/pnpm/global/5/.pnpm/winston@3.11.0/node_modules/winston/lib/winston/transports/console.js:79:23)
    at Console._write (/Users/tcjr/Library/pnpm/global/5/.pnpm/winston-transport@4.6.0/node_modules/winston-transport/index.js:103:17)
    at doWrite (/Users/tcjr/Library/pnpm/global/5/.pnpm/readable-stream@3.6.2/node_modules/readable-stream/lib/_stream_writable.js:390:139)
[error] 
[error] Error: An unexpected error has occurred.
[debug] [2026-02-22T03:22:36.446Z] Error: write EPIPE
    at afterWriteDispatched (node:internal/stream_base_commons:159:15)
    at writeGeneric (node:internal/stream_base_commons:150:3)
    at Socket._writeGeneric (node:net:966:11)
    at Socket._write (node:net:978:8)
    at writeOrBuffer (node:internal/streams/writable:572:12)
    at _write (node:internal/streams/writable:501:10)
    at Writable.write (node:internal/streams/writable:510:10)
    at Console.log (/Users/tcjr/Library/pnpm/global/5/.pnpm/winston@3.11.0/node_modules/winston/lib/winston/transports/console.js:79:23)
    at Console._write (/Users/tcjr/Library/pnpm/global/5/.pnpm/winston-transport@4.6.0/node_modules/winston-transport/index.js:103:17)
    at doWrite (/Users/tcjr/Library/pnpm/global/5/.pnpm/readable-stream@3.6.2/node_modules/readable-stream/lib/_stream_writable.js:390:139)
[error] 
[error] Error: An unexpected error has occurred.
[debug] [2026-02-22T03:22:36.446Z] Error: write EPIPE
    at afterWriteDispatched (node:internal/stream_base_commons:159:15)
    at writeGeneric (node:internal/stream_base_commons:150:3)
    at Socket._writeGeneric (node:net:966:11)
    at Socket._write (node:net:978:8)
    at writeOrBuffer (node:internal/streams/writable:572:12)
    at _write (node:internal/streams/writable:501:10)
    at Writable.write (node:internal/streams/writable:510:10)
    at Console.log (/Users/tcjr/Library/pnpm/global/5/.pnpm/winston@3.11.0/node_modules/winston/lib/winston/transports/console.js:79:23)
    at Console._write (/Users/tcjr/Library/pnpm/global/5/.pnpm/winston-transport@4.6.0/node_modules/winston-transport/index.js:103:17)
    at doWrite (/Users/tcjr/Library/pnpm/global/5/.pnpm/readable-stream@3.6.2/node_modules/readable-stream/lib/_stream_writable.js:390:139)
[error] 
[error] Error: An unexpected error has occurred.
[debug] [2026-02-22T03:22:36.446Z] Error: write EPIPE
    at afterWriteDispatched (node:internal/stream_base_commons:159:15)
    at writeGeneric (node:internal/stream_base_commons:150:3)
    at Socket._writeGeneric (node:net:966:11)
    at Socket._write (node:net:978:8)
    at writeOrBuffer (node:internal/streams/writable:572:12)
    at _write (node:internal/streams/writable:501:10)
    at Writable.write (node:internal/streams/writable:510:10)
    at Console.log (/Users/tcjr/Library/pnpm/global/5/.pnpm/winston@3.11.0/node_modules/winston/lib/winston/transports/console.js:79:23)
    at Console._write (/Users/tcjr/Library/pnpm/global/5/.pnpm/winston-transport@4.6.0/node_modules/winston-transport/index.js:103:17)
    at doWrite (/Users/tcjr/Library/pnpm/global/5/.pnpm/readable-stream@3.6.2/node_modules/readable-stream/lib/_stream_writable.js:390:139)
[error] 
[error] Error: An unexpected error has occurred.
[debug] [2026-02-22T03:22:36.446Z] Error: write EPIPE
    at afterWriteDispatched (node:internal/stream_base_commons:159:15)
    at writeGeneric (node:internal/stream_base_commons:150:3)
    at Socket._writeGeneric (node:net:966:11)
    at Socket._write (node:net:978:8)
    at writeOrBuffer (node:internal/streams/writable:572:12)
    at _write (node:internal/streams/writable:501:10)
    at Writable.write (node:internal/streams/writable:510:10)
    at Console.log (/Users/tcjr/Library/pnpm/global/5/.pnpm/winston@3.11.0/node_modules/winston/lib/winston/transports/console.js:79:23)
    at Console._write (/Users/tcjr/Library/pnpm/global/5/.pnpm/winston-transport@4.6.0/node_modules/winston-transport/index.js:103:17)
    at doWrite (/Users/tcjr/Library/pnpm/global/5/.pnpm/readable-stream@3.6.2/node_modules/readable-stream/lib/_stream_writable.js:390:139)
[error] 
[error] Error: An unexpected error has occurred.
[debug] [2026-02-22T03:22:36.446Z] Error: write EPIPE
    at afterWriteDispatched (node:internal/stream_base_commons:159:15)
    at writeGeneric (node:internal/stream_base_commons:150:3)
    at Socket._writeGeneric (node:net:966:11)
    at Socket._write (node:net:978:8)
    at writeOrBuffer (node:internal/streams/writable:572:12)
    at _write (node:internal/streams/writable:501:10)
    at Writable.write (node:internal/streams/writable:510:10)
    at Console.log (/Users/tcjr/Library/pnpm/global/5/.pnpm/winston@3.11.0/node_modules/winston/lib/winston/transports/console.js:79:23)
    at Console._write (/Users/tcjr/Library/pnpm/global/5/.pnpm/winston-transport@4.6.0/node_modules/winston-transport/index.js:103:17)
    at doWrite (/Users/tcjr/Library/pnpm/global/5/.pnpm/readable-stream@3.6.2/node_modules/readable-stream/lib/_stream_writable.js:390:139)
[error] 
[error] Error: An unexpected error has occurred.
[debug] [2026-02-22T03:22:36.447Z] Error: write EPIPE
    at afterWriteDispatched (node:internal/stream_base_commons:159:15)
    at writeGeneric (node:internal/stream_base_commons:150:3)
    at Socket._writeGeneric (node:net:966:11)
    at Socket._write (node:net:978:8)
    at writeOrBuffer (node:internal/streams/writable:572:12)
    at _write (node:internal/streams/writable:501:10)
    at Writable.write (node:internal/streams/writable:510:10)
    at Console.log (/Users/tcjr/Library/pnpm/global/5/.pnpm/winston@3.11.0/node_modules/winston/lib/winston/transports/console.js:79:23)
    at Console._write (/Users/tcjr/Library/pnpm/global/5/.pnpm/winston-transport@4.6.0/node_modules/winston-transport/index.js:103:17)
    at doWrite (/Users/tcjr/Library/pnpm/global/5/.pnpm/readable-stream@3.6.2/node_modules/readable-stream/lib/_stream_writable.js:390:139)
[error] 
[error] Error: An unexpected error has occurred.
[debug] [2026-02-22T03:22:36.447Z] Error: write EPIPE
    at afterWriteDispatched (node:internal/stream_base_commons:159:15)
    at writeGeneric (node:internal/stream_base_commons:150:3)
    at Socket._writeGeneric (node:net:966:11)
    at Socket._write (node:net:978:8)
    at writeOrBuffer (node:internal/streams/writable:572:12)
    at _write (node:internal/streams/writable:501:10)
    at Writable.write (node:internal/streams/writable:510:10)
    at Console.log (/Users/tcjr/Library/pnpm/global/5/.pnpm/winston@3.11.0/node_modules/winston/lib/winston/transports/console.js:79:23)
    at Console._write (/Users/tcjr/Library/pnpm/global/5/.pnpm/winston-transport@4.6.0/node_modules/winston-transport/index.js:103:17)
    at doWrite (/Users/tcjr/Library/pnpm/global/5/.pnpm/readable-stream@3.6.2/node_modules/readable-stream/lib/_stream_writable.js:390:139)
[error] 
[error] Error: An unexpected error has occurred.
[debug] [2026-02-22T03:22:36.447Z] Error: write EPIPE
    at afterWriteDispatched (node:internal/stream_base_commons:159:15)
    at writeGeneric (node:internal/stream_base_commons:150:3)
    at Socket._writeGeneric (node:net:966:11)
    at Socket._write (node:net:978:8)
    at writeOrBuffer (node:internal/streams/writable:572:12)
    at _write (node:internal/streams/writable:501:10)
    at Writable.write (node:internal/streams/writable:510:10)
    at Console.log (/Users/tcjr/Library/pnpm/global/5/.pnpm/winston@3.11.0/node_modules/winston/lib/winston/transports/console.js:79:23)
    at Console._write (/Users/tcjr/Library/pnpm/global/5/.pnpm/winston-transport@4.6.0/node_modules/winston-transport/index.js:103:17)
    at doWrite (/Users/tcjr/Library/pnpm/global/5/.pnpm/readable-stream@3.6.2/node_modules/readable-stream/lib/_stream_writable.js:390:139)
[error] 
[error] Error: An unexpected error has occurred.
[debug] [2026-02-22T03:22:36.447Z] Error: write EPIPE
    at afterWriteDispatched (node:internal/stream_base_commons:159:15)
    at writeGeneric (node:internal/stream_base_commons:150:3)
    at Socket._writeGeneric (node:net:966:11)
    at Socket._write (node:net:978:8)
    at writeOrBuffer (node:internal/streams/writable:572:12)
    at _write (node:internal/streams/writable:501:10)
    at Writable.write (node:internal/streams/writable:510:10)
    at Console.log (/Users/tcjr/Library/pnpm/global/5/.pnpm/winston@3.11.0/node_modules/winston/lib/winston/transports/console.js:79:23)
    at Console._write (/Users/tcjr/Library/pnpm/global/5/.pnpm/winston-transport@4.6.0/node_modules/winston-transport/index.js:103:17)
    at doWrite (/Users/tcjr/Library/pnpm/global/5/.pnpm/readable-stream@3.6.2/node_modules/readable-stream/lib/_stream_writable.js:390:139)
[error] 
[error] Error: An unexpected error has occurred.
[debug] [2026-02-22T03:22:36.447Z] Error: write EPIPE
    at afterWriteDispatched (node:internal/stream_base_commons:159:15)
    at writeGeneric (node:internal/stream_base_commons:150:3)
    at Socket._writeGeneric (node:net:966:11)
    at Socket._write (node:net:978:8)
    at writeOrBuffer (node:internal/streams/writable:572:12)
    at _write (node:internal/streams/writable:501:10)
    at Writable.write (node:internal/streams/writable:510:10)
    at Console.log (/Users/tcjr/Library/pnpm/global/5/.pnpm/winston@3.11.0/node_modules/winston/lib/winston/transports/console.js:79:23)
    at Console._write (/Users/tcjr/Library/pnpm/global/5/.pnpm/winston-transport@4.6.0/node_modules/winston-transport/index.js:103:17)
    at doWrite (/Users/tcjr/Library/pnpm/global/5/.pnpm/readable-stream@3.6.2/node_modules/readable-stream/lib/_stream_writable.js:390:139)
[error] 
[error] Error: An unexpected error has occurred.
[debug] [2026-02-22T03:22:36.447Z] Error: write EPIPE
    at afterWriteDispatched (node:internal/stream_base_commons:159:15)
    at writeGeneric (node:internal/stream_base_commons:150:3)
    at Socket._writeGeneric (node:net:966:11)
    at Socket._write (node:net:978:8)
    at writeOrBuffer (node:internal/streams/writable:572:12)
    at _write (node:internal/streams/writable:501:10)
    at Writable.write (node:internal/streams/writable:510:10)
    at Console.log (/Users/tcjr/Library/pnpm/global/5/.pnpm/winston@3.11.0/node_modules/winston/lib/winston/transports/console.js:79:23)
    at Console._write (/Users/tcjr/Library/pnpm/global/5/.pnpm/winston-transport@4.6.0/node_modules/winston-transport/index.js:103:17)
    at doWrite (/Users/tcjr/Library/pnpm/global/5/.pnpm/readable-stream@3.6.2/node_modules/readable-stream/lib/_stream_writable.js:390:139)
[error] 
[error] Error: An unexpected error has occurred.
[debug] [2026-02-22T03:22:36.447Z] Error: write EPIPE
    at afterWriteDispatched (node:internal/stream_base_commons:159:15)
    at writeGeneric (node:internal/stream_base_commons:150:3)
    at Socket._writeGeneric (node:net:966:11)
    at Socket._write (node:net:978:8)
    at writeOrBuffer (node:internal/streams/writable:572:12)
    at _write (node:internal/streams/writable:501:10)
    at Writable.write (node:internal/streams/writable:510:10)
    at Console.log (/Users/tcjr/Library/pnpm/global/5/.pnpm/winston@3.11.0/node_modules/winston/lib/winston/transports/console.js:79:23)
    at Console._write (/Users/tcjr/Library/pnpm/global/5/.pnpm/winston-transport@4.6.0/node_modules/winston-transport/index.js:103:17)
    at doWrite (/Users/tcjr/Library/pnpm/global/5/.pnpm/readable-stream@3.6.2/node_modules/readable-stream/lib/_stream_writable.js:390:139)
[error] 
[error] Error: An unexpected error has occurred.
[debug] [2026-02-22T03:22:36.448Z] Error: write EPIPE
    at afterWriteDispatched (node:internal/stream_base_commons:159:15)
    at writeGeneric (node:internal/stream_base_commons:150:3)
    at Socket._writeGeneric (node:net:966:11)
    at Socket._write (node:net:978:8)
    at writeOrBuffer (node:internal/streams/writable:572:12)
    at _write (node:internal/streams/writable:501:10)
    at Writable.write (node:internal/streams/writable:510:10)
    at Console.log (/Users/tcjr/Library/pnpm/global/5/.pnpm/winston@3.11.0/node_modules/winston/lib/winston/transports/console.js:79:23)
    at Console._write (/Users/tcjr/Library/pnpm/global/5/.pnpm/winston-transport@4.6.0/node_modules/winston-transport/index.js:103:17)
    at doWrite (/Users/tcjr/Library/pnpm/global/5/.pnpm/readable-stream@3.6.2/node_modules/readable-stream/lib/_stream_writable.js:390:139)
[error] 
[error] Error: An unexpected error has occurred.
[debug] [2026-02-22T03:22:36.448Z] Error: write EPIPE
    at afterWriteDispatched (node:internal/stream_base_commons:159:15)
    at writeGeneric (node:internal/stream_base_commons:150:3)
    at Socket._writeGeneric (node:net:966:11)
    at Socket._write (node:net:978:8)
    at writeOrBuffer (node:internal/streams/writable:572:12)
    at _write (node:internal/streams/writable:501:10)
    at Writable.write (node:internal/streams/writable:510:10)
    at Console.log (/Users/tcjr/Library/pnpm/global/5/.pnpm/winston@3.11.0/node_modules/winston/lib/winston/transports/console.js:79:23)
    at Console._write (/Users/tcjr/Library/pnpm/global/5/.pnpm/winston-transport@4.6.0/node_modules/winston-transport/index.js:103:17)
    at doWrite (/Users/tcjr/Library/pnpm/global/5/.pnpm/readable-stream@3.6.2/node_modules/readable-stream/lib/_stream_writable.js:390:139)
[error] 
[error] Error: An unexpected error has occurred.
[debug] [2026-02-22T03:22:36.448Z] Error: write EPIPE
    at afterWriteDispatched (node:internal/stream_base_commons:159:15)
    at writeGeneric (node:internal/stream_base_commons:150:3)
    at Socket._writeGeneric (node:net:966:11)
    at Socket._write (node:net:978:8)
    at writeOrBuffer (node:internal/streams/writable:572:12)
    at _write (node:internal/streams/writable:501:10)
    at Writable.write (node:internal/streams/writable:510:10)
    at Console.log (/Users/tcjr/Library/pnpm/global/5/.pnpm/winston@3.11.0/node_modules/winston/lib/winston/transports/console.js:79:23)
    at Console._write (/Users/tcjr/Library/pnpm/global/5/.pnpm/winston-transport@4.6.0/node_modules/winston-transport/index.js:103:17)
    at doWrite (/Users/tcjr/Library/pnpm/global/5/.pnpm/readable-stream@3.6.2/node_modules/readable-stream/lib/_stream_writable.js:390:139)
[error] 
[error] Error: An unexpected error has occurred.
[debug] [2026-02-22T03:22:36.448Z] Error: write EPIPE
    at afterWriteDispatched (node:internal/stream_base_commons:159:15)
    at writeGeneric (node:internal/stream_base_commons:150:3)
    at Socket._writeGeneric (node:net:966:11)
    at Socket._write (node:net:978:8)
    at writeOrBuffer (node:internal/streams/writable:572:12)
    at _write (node:internal/streams/writable:501:10)
    at Writable.write (node:internal/streams/writable:510:10)
    at Console.log (/Users/tcjr/Library/pnpm/global/5/.pnpm/winston@3.11.0/node_modules/winston/lib/winston/transports/console.js:79:23)
    at Console._write (/Users/tcjr/Library/pnpm/global/5/.pnpm/winston-transport@4.6.0/node_modules/winston-transport/index.js:103:17)
    at doWrite (/Users/tcjr/Library/pnpm/global/5/.pnpm/readable-stream@3.6.2/node_modules/readable-stream/lib/_stream_writable.js:390:139)
[error] 
[error] Error: An unexpected error has occurred.
[debug] [2026-02-22T03:22:36.448Z] Error: write EPIPE
    at afterWriteDispatched (node:internal/stream_base_commons:159:15)
    at writeGeneric (node:internal/stream_base_commons:150:3)
    at Socket._writeGeneric (node:net:966:11)
    at Socket._write (node:net:978:8)
    at writeOrBuffer (node:internal/streams/writable:572:12)
    at _write (node:internal/streams/writable:501:10)
    at Writable.write (node:internal/streams/writable:510:10)
    at Console.log (/Users/tcjr/Library/pnpm/global/5/.pnpm/winston@3.11.0/node_modules/winston/lib/winston/transports/console.js:79:23)
    at Console._write (/Users/tcjr/Library/pnpm/global/5/.pnpm/winston-transport@4.6.0/node_modules/winston-transport/index.js:103:17)
    at doWrite (/Users/tcjr/Library/pnpm/global/5/.pnpm/readable-stream@3.6.2/node_modules/readable-stream/lib/_stream_writable.js:390:139)
[error] 
[error] Error: An unexpected error has occurred.
[debug] [2026-02-22T03:22:36.449Z] Error: write EPIPE
    at afterWriteDispatched (node:internal/stream_base_commons:159:15)
    at writeGeneric (node:internal/stream_base_commons:150:3)
    at Socket._writeGeneric (node:net:966:11)
    at Socket._write (node:net:978:8)
    at writeOrBuffer (node:internal/streams/writable:572:12)
    at _write (node:internal/streams/writable:501:10)
    at Writable.write (node:internal/streams/writable:510:10)
    at Console.log (/Users/tcjr/Library/pnpm/global/5/.pnpm/winston@3.11.0/node_modules/winston/lib/winston/transports/console.js:79:23)
    at Console._write (/Users/tcjr/Library/pnpm/global/5/.pnpm/winston-transport@4.6.0/node_modules/winston-transport/index.js:103:17)
    at doWrite (/Users/tcjr/Library/pnpm/global/5/.pnpm/readable-stream@3.6.2/node_modules/readable-stream/lib/_stream_writable.js:390:139)
[error] 
[error] Error: An unexpected error has occurred.
[debug] [2026-02-22T03:22:36.449Z] Error: write EPIPE
    at afterWriteDispatched (node:internal/stream_base_commons:159:15)
    at writeGeneric (node:internal/stream_base_commons:150:3)
    at Socket._writeGeneric (node:net:966:11)
    at Socket._write (node:net:978:8)
    at writeOrBuffer (node:internal/streams/writable:572:12)
    at _write (node:internal/streams/writable:501:10)
    at Writable.write (node:internal/streams/writable:510:10)
    at Console.log (/Users/tcjr/Library/pnpm/global/5/.pnpm/winston@3.11.0/node_modules/winston/lib/winston/transports/console.js:79:23)
    at Console._write (/Users/tcjr/Library/pnpm/global/5/.pnpm/winston-transport@4.6.0/node_modules/winston-transport/index.js:103:17)
    at doWrite (/Users/tcjr/Library/pnpm/global/5/.pnpm/readable-stream@3.6.2/node_modules/readable-stream/lib/_stream_writable.js:390:139)
[error] 
[error] Error: An unexpected error has occurred.
[debug] [2026-02-22T03:22:36.449Z] Error: write EPIPE
    at afterWriteDispatched (node:internal/stream_base_commons:159:15)
    at writeGeneric (node:internal/stream_base_commons:150:3)
    at Socket._writeGeneric (node:net:966:11)
    at Socket._write (node:net:978:8)
    at writeOrBuffer (node:internal/streams/writable:572:12)
    at _write (node:internal/streams/writable:501:10)
    at Writable.write (node:internal/streams/writable:510:10)
    at Console.log (/Users/tcjr/Library/pnpm/global/5/.pnpm/winston@3.11.0/node_modules/winston/lib/winston/transports/console.js:79:23)
    at Console._write (/Users/tcjr/Library/pnpm/global/5/.pnpm/winston-transport@4.6.0/node_modules/winston-transport/index.js:103:17)
    at doWrite (/Users/tcjr/Library/pnpm/global/5/.pnpm/readable-stream@3.6.2/node_modules/readable-stream/lib/_stream_writable.js:390:139)
[error] 
[error] Error: An unexpected error has occurred.
[debug] [2026-02-22T03:22:36.449Z] Error: write EPIPE
    at afterWriteDispatched (node:internal/stream_base_commons:159:15)
    at writeGeneric (node:internal/stream_base_commons:150:3)
    at Socket._writeGeneric (node:net:966:11)
    at Socket._write (node:net:978:8)
    at writeOrBuffer (node:internal/streams/writable:572:12)
    at _write (node:internal/streams/writable:501:10)
    at Writable.write (node:internal/streams/writable:510:10)
    at Console.log (/Users/tcjr/Library/pnpm/global/5/.pnpm/winston@3.11.0/node_modules/winston/lib/winston/transports/console.js:79:23)
    at Console._write (/Users/tcjr/Library/pnpm/global/5/.pnpm/winston-transport@4.6.0/node_modules/winston-transport/index.js:103:17)
    at doWrite (/Users/tcjr/Library/pnpm/global/5/.pnpm/readable-stream@3.6.2/node_modules/readable-stream/lib/_stream_writable.js:390:139)
[error] 
[error] Error: An unexpected error has occurred.
[debug] [2026-02-22T03:22:36.449Z] Error: write EPIPE
    at afterWriteDispatched (node:internal/stream_base_commons:159:15)
    at writeGeneric (node:internal/stream_base_commons:150:3)
    at Socket._writeGeneric (node:net:966:11)
    at Socket._write (node:net:978:8)
    at writeOrBuffer (node:internal/streams/writable:572:12)
    at _write (node:internal/streams/writable:501:10)
    at Writable.write (node:internal/streams/writable:510:10)
    at Console.log (/Users/tcjr/Library/pnpm/global/5/.pnpm/winston@3.11.0/node_modules/winston/lib/winston/transports/console.js:79:23)
    at Console._write (/Users/tcjr/Library/pnpm/global/5/.pnpm/winston-transport@4.6.0/node_modules/winston-transport/index.js:103:17)
    at doWrite (/Users/tcjr/Library/pnpm/global/5/.pnpm/readable-stream@3.6.2/node_modules/readable-stream/lib/_stream_writable.js:390:139)
[error] 
[error] Error: An unexpected error has occurred.
[debug] [2026-02-22T03:22:36.449Z] Error: write EPIPE
    at afterWriteDispatched (node:internal/stream_base_commons:159:15)
    at writeGeneric (node:internal/stream_base_commons:150:3)
    at Socket._writeGeneric (node:net:966:11)
    at Socket._write (node:net:978:8)
    at writeOrBuffer (node:internal/streams/writable:572:12)
    at _write (node:internal/streams/writable:501:10)
    at Writable.write (node:internal/streams/writable:510:10)
    at Console.log (/Users/tcjr/Library/pnpm/global/5/.pnpm/winston@3.11.0/node_modules/winston/lib/winston/transports/console.js:79:23)
    at Console._write (/Users/tcjr/Library/pnpm/global/5/.pnpm/winston-transport@4.6.0/node_modules/winston-transport/index.js:103:17)
    at doWrite (/Users/tcjr/Library/pnpm/global/5/.pnpm/readable-stream@3.6.2/node_modules/readable-stream/lib/_stream_writable.js:390:139)
[error] 
[error] Error: An unexpected error has occurred.
[debug] [2026-02-22T03:22:36.449Z] Error: write EPIPE
    at afterWriteDispatched (node:internal/stream_base_commons:159:15)
    at writeGeneric (node:internal/stream_base_commons:150:3)
    at Socket._writeGeneric (node:net:966:11)
    at Socket._write (node:net:978:8)
    at writeOrBuffer (node:internal/streams/writable:572:12)
    at _write (node:internal/streams/writable:501:10)
    at Writable.write (node:internal/streams/writable:510:10)
    at Console.log (/Users/tcjr/Library/pnpm/global/5/.pnpm/winston@3.11.0/node_modules/winston/lib/winston/transports/console.js:79:23)
    at Console._write (/Users/tcjr/Library/pnpm/global/5/.pnpm/winston-transport@4.6.0/node_modules/winston-transport/index.js:103:17)
    at doWrite (/Users/tcjr/Library/pnpm/global/5/.pnpm/readable-stream@3.6.2/node_modules/readable-stream/lib/_stream_writable.js:390:139)
[error] 
[error] Error: An unexpected error has occurred.
[debug] [2026-02-22T03:22:36.449Z] Error: write EPIPE
    at afterWriteDispatched (node:internal/stream_base_commons:159:15)
    at writeGeneric (node:internal/stream_base_commons:150:3)
    at Socket._writeGeneric (node:net:966:11)
    at Socket._write (node:net:978:8)
    at writeOrBuffer (node:internal/streams/writable:572:12)
    at _write (node:internal/streams/writable:501:10)
    at Writable.write (node:internal/streams/writable:510:10)
    at Console.log (/Users/tcjr/Library/pnpm/global/5/.pnpm/winston@3.11.0/node_modules/winston/lib/winston/transports/console.js:79:23)
    at Console._write (/Users/tcjr/Library/pnpm/global/5/.pnpm/winston-transport@4.6.0/node_modules/winston-transport/index.js:103:17)
    at doWrite (/Users/tcjr/Library/pnpm/global/5/.pnpm/readable-stream@3.6.2/node_modules/readable-stream/lib/_stream_writable.js:390:139)
[error] 
[error] Error: An unexpected error has occurred.
[debug] [2026-02-22T03:22:36.450Z] Error: write EPIPE
    at afterWriteDispatched (node:internal/stream_base_commons:159:15)
    at writeGeneric (node:internal/stream_base_commons:150:3)
    at Socket._writeGeneric (node:net:966:11)
    at Socket._write (node:net:978:8)
    at writeOrBuffer (node:internal/streams/writable:572:12)
    at _write (node:internal/streams/writable:501:10)
    at Writable.write (node:internal/streams/writable:510:10)
    at Console.log (/Users/tcjr/Library/pnpm/global/5/.pnpm/winston@3.11.0/node_modules/winston/lib/winston/transports/console.js:79:23)
    at Console._write (/Users/tcjr/Library/pnpm/global/5/.pnpm/winston-transport@4.6.0/node_modules/winston-transport/index.js:103:17)
    at doWrite (/Users/tcjr/Library/pnpm/global/5/.pnpm/readable-stream@3.6.2/node_modules/readable-stream/lib/_stream_writable.js:390:139)
[error] 
[error] Error: An unexpected error has occurred.
[debug] [2026-02-22T03:22:36.450Z] Error: write EPIPE
    at afterWriteDispatched (node:internal/stream_base_commons:159:15)
    at writeGeneric (node:internal/stream_base_commons:150:3)
    at Socket._writeGeneric (node:net:966:11)
    at Socket._write (node:net:978:8)
    at writeOrBuffer (node:internal/streams/writable:572:12)
    at _write (node:internal/streams/writable:501:10)
    at Writable.write (node:internal/streams/writable:510:10)
    at Console.log (/Users/tcjr/Library/pnpm/global/5/.pnpm/winston@3.11.0/node_modules/winston/lib/winston/transports/console.js:79:23)
    at Console._write (/Users/tcjr/Library/pnpm/global/5/.pnpm/winston-transport@4.6.0/node_modules/winston-transport/index.js:103:17)
    at doWrite (/Users/tcjr/Library/pnpm/global/5/.pnpm/readable-stream@3.6.2/node_modules/readable-stream/lib/_stream_writable.js:390:139)
[error] 
[error] Error: An unexpected error has occurred.
[debug] [2026-02-22T03:22:36.450Z] Error: write EPIPE
    at afterWriteDispatched (node:internal/stream_base_commons:159:15)
    at writeGeneric (node:internal/stream_base_commons:150:3)
    at Socket._writeGeneric (node:net:966:11)
    at Socket._write (node:net:978:8)
    at writeOrBuffer (node:internal/streams/writable:572:12)
    at _write (node:internal/streams/writable:501:10)
    at Writable.write (node:internal/streams/writable:510:10)
    at Console.log (/Users/tcjr/Library/pnpm/global/5/.pnpm/winston@3.11.0/node_modules/winston/lib/winston/transports/console.js:79:23)
    at Console._write (/Users/tcjr/Library/pnpm/global/5/.pnpm/winston-transport@4.6.0/node_modules/winston-transport/index.js:103:17)
    at doWrite (/Users/tcjr/Library/pnpm/global/5/.pnpm/readable-stream@3.6.2/node_modules/readable-stream/lib/_stream_writable.js:390:139)
[error] 
[error] Error: An unexpected error has occurred.
[debug] [2026-02-22T03:22:36.450Z] Error: write EPIPE
    at afterWriteDispatched (node:internal/stream_base_commons:159:15)
    at writeGeneric (node:internal/stream_base_commons:150:3)
    at Socket._writeGeneric (node:net:966:11)
    at Socket._write (node:net:978:8)
    at writeOrBuffer (node:internal/streams/writable:572:12)
    at _write (node:internal/streams/writable:501:10)
    at Writable.write (node:internal/streams/writable:510:10)
    at Console.log (/Users/tcjr/Library/pnpm/global/5/.pnpm/winston@3.11.0/node_modules/winston/lib/winston/transports/console.js:79:23)
    at Console._write (/Users/tcjr/Library/pnpm/global/5/.pnpm/winston-transport@4.6.0/node_modules/winston-transport/index.js:103:17)
    at doWrite (/Users/tcjr/Library/pnpm/global/5/.pnpm/readable-stream@3.6.2/node_modules/readable-stream/lib/_stream_writable.js:390:139)
[error] 
[error] Error: An unexpected error has occurred.
[debug] [2026-02-22T03:22:36.450Z] Error: write EPIPE
    at afterWriteDispatched (node:internal/stream_base_commons:159:15)
    at writeGeneric (node:internal/stream_base_commons:150:3)
    at Socket._writeGeneric (node:net:966:11)
    at Socket._write (node:net:978:8)
    at writeOrBuffer (node:internal/streams/writable:572:12)
    at _write (node:internal/streams/writable:501:10)
    at Writable.write (node:internal/streams/writable:510:10)
    at Console.log (/Users/tcjr/Library/pnpm/global/5/.pnpm/winston@3.11.0/node_modules/winston/lib/winston/transports/console.js:79:23)
    at Console._write (/Users/tcjr/Library/pnpm/global/5/.pnpm/winston-transport@4.6.0/node_modules/winston-transport/index.js:103:17)
    at doWrite (/Users/tcjr/Library/pnpm/global/5/.pnpm/readable-stream@3.6.2/node_modules/readable-stream/lib/_stream_writable.js:390:139)
[error] 
[error] Error: An unexpected error has occurred.
[debug] [2026-02-22T03:22:36.450Z] Error: write EPIPE
    at afterWriteDispatched (node:internal/stream_base_commons:159:15)
    at writeGeneric (node:internal/stream_base_commons:150:3)
    at Socket._writeGeneric (node:net:966:11)
    at Socket._write (node:net:978:8)
    at writeOrBuffer (node:internal/streams/writable:572:12)
    at _write (node:internal/streams/writable:501:10)
    at Writable.write (node:internal/streams/writable:510:10)
    at Console.log (/Users/tcjr/Library/pnpm/global/5/.pnpm/winston@3.11.0/node_modules/winston/lib/winston/transports/console.js:79:23)
    at Console._write (/Users/tcjr/Library/pnpm/global/5/.pnpm/winston-transport@4.6.0/node_modules/winston-transport/index.js:103:17)
    at doWrite (/Users/tcjr/Library/pnpm/global/5/.pnpm/readable-stream@3.6.2/node_modules/readable-stream/lib/_stream_writable.js:390:139)
[error] 
[error] Error: An unexpected error has occurred.
[debug] [2026-02-22T03:22:36.451Z] Error: write EPIPE
    at afterWriteDispatched (node:internal/stream_base_commons:159:15)
    at writeGeneric (node:internal/stream_base_commons:150:3)
    at Socket._writeGeneric (node:net:966:11)
    at Socket._write (node:net:978:8)
    at writeOrBuffer (node:internal/streams/writable:572:12)
    at _write (node:internal/streams/writable:501:10)
    at Writable.write (node:internal/streams/writable:510:10)
    at Console.log (/Users/tcjr/Library/pnpm/global/5/.pnpm/winston@3.11.0/node_modules/winston/lib/winston/transports/console.js:79:23)
    at Console._write (/Users/tcjr/Library/pnpm/global/5/.pnpm/winston-transport@4.6.0/node_modules/winston-transport/index.js:103:17)
    at doWrite (/Users/tcjr/Library/pnpm/global/5/.pnpm/readable-stream@3.6.2/node_modules/readable-stream/lib/_stream_writable.js:390:139)
[error] 
[error] Error: An unexpected error has occurred.
[debug] [2026-02-22T03:22:36.451Z] Error: write EPIPE
    at afterWriteDispatched (node:internal/stream_base_commons:159:15)
    at writeGeneric (node:internal/stream_base_commons:150:3)
    at Socket._writeGeneric (node:net:966:11)
    at Socket._write (node:net:978:8)
    at writeOrBuffer (node:internal/streams/writable:572:12)
    at _write (node:internal/streams/writable:501:10)
    at Writable.write (node:internal/streams/writable:510:10)
    at Console.log (/Users/tcjr/Library/pnpm/global/5/.pnpm/winston@3.11.0/node_modules/winston/lib/winston/transports/console.js:79:23)
    at Console._write (/Users/tcjr/Library/pnpm/global/5/.pnpm/winston-transport@4.6.0/node_modules/winston-transport/index.js:103:17)
    at doWrite (/Users/tcjr/Library/pnpm/global/5/.pnpm/readable-stream@3.6.2/node_modules/readable-stream/lib/_stream_writable.js:390:139)
[error] 
[error] Error: An unexpected error has occurred.
[debug] [2026-02-22T03:22:36.451Z] Error: write EPIPE
    at afterWriteDispatched (node:internal/stream_base_commons:159:15)
    at writeGeneric (node:internal/stream_base_commons:150:3)
    at Socket._writeGeneric (node:net:966:11)
    at Socket._write (node:net:978:8)
    at writeOrBuffer (node:internal/streams/writable:572:12)
    at _write (node:internal/streams/writable:501:10)
    at Writable.write (node:internal/streams/writable:510:10)
    at Console.log (/Users/tcjr/Library/pnpm/global/5/.pnpm/winston@3.11.0/node_modules/winston/lib/winston/transports/console.js:79:23)
    at Console._write (/Users/tcjr/Library/pnpm/global/5/.pnpm/winston-transport@4.6.0/node_modules/winston-transport/index.js:103:17)
    at doWrite (/Users/tcjr/Library/pnpm/global/5/.pnpm/readable-stream@3.6.2/node_modules/readable-stream/lib/_stream_writable.js:390:139)
[error] 
[error] Error: An unexpected error has occurred.
[debug] [2026-02-22T03:22:36.451Z] Error: write EPIPE
    at afterWriteDispatched (node:internal/stream_base_commons:159:15)
    at writeGeneric (node:internal/stream_base_commons:150:3)
    at Socket._writeGeneric (node:net:966:11)
    at Socket._write (node:net:978:8)
    at writeOrBuffer (node:internal/streams/writable:572:12)
    at _write (node:internal/streams/writable:501:10)
    at Writable.write (node:internal/streams/writable:510:10)
    at Console.log (/Users/tcjr/Library/pnpm/global/5/.pnpm/winston@3.11.0/node_modules/winston/lib/winston/transports/console.js:79:23)
    at Console._write (/Users/tcjr/Library/pnpm/global/5/.pnpm/winston-transport@4.6.0/node_modules/winston-transport/index.js:103:17)
    at doWrite (/Users/tcjr/Library/pnpm/global/5/.pnpm/readable-stream@3.6.2/node_modules/readable-stream/lib/_stream_writable.js:390:139)
[error] 
[error] Error: An unexpected error has occurred.
[debug] [2026-02-22T03:22:36.451Z] Error: write EPIPE
    at afterWriteDispatched (node:internal/stream_base_commons:159:15)
    at writeGeneric (node:internal/stream_base_commons:150:3)
    at Socket._writeGeneric (node:net:966:11)
    at Socket._write (node:net:978:8)
    at writeOrBuffer (node:internal/streams/writable:572:12)
    at _write (node:internal/streams/writable:501:10)
    at Writable.write (node:internal/streams/writable:510:10)
    at Console.log (/Users/tcjr/Library/pnpm/global/5/.pnpm/winston@3.11.0/node_modules/winston/lib/winston/transports/console.js:79:23)
    at Console._write (/Users/tcjr/Library/pnpm/global/5/.pnpm/winston-transport@4.6.0/node_modules/winston-transport/index.js:103:17)
    at doWrite (/Users/tcjr/Library/pnpm/global/5/.pnpm/readable-stream@3.6.2/node_modules/readable-stream/lib/_stream_writable.js:390:139)
[error] 
[error] Error: An unexpected error has occurred.
[debug] [2026-02-22T03:22:36.451Z] Error: write EPIPE
    at afterWriteDispatched (node:internal/stream_base_commons:159:15)
    at writeGeneric (node:internal/stream_base_commons:150:3)
    at Socket._writeGeneric (node:net:966:11)
    at Socket._write (node:net:978:8)
    at writeOrBuffer (node:internal/streams/writable:572:12)
    at _write (node:internal/streams/writable:501:10)
    at Writable.write (node:internal/streams/writable:510:10)
    at Console.log (/Users/tcjr/Library/pnpm/global/5/.pnpm/winston@3.11.0/node_modules/winston/lib/winston/transports/console.js:79:23)
    at Console._write (/Users/tcjr/Library/pnpm/global/5/.pnpm/winston-transport@4.6.0/node_modules/winston-transport/index.js:103:17)
    at doWrite (/Users/tcjr/Library/pnpm/global/5/.pnpm/readable-stream@3.6.2/node_modules/readable-stream/lib/_stream_writable.js:390:139)
[error] 
[error] Error: An unexpected error has occurred.
[debug] [2026-02-22T03:22:36.453Z] Error: write EPIPE
    at afterWriteDispatched (node:internal/stream_base_commons:159:15)
    at writeGeneric (node:internal/stream_base_commons:150:3)
    at Socket._writeGeneric (node:net:966:11)
    at Socket._write (node:net:978:8)
    at writeOrBuffer (node:internal/streams/writable:572:12)
    at _write (node:internal/streams/writable:501:10)
    at Writable.write (node:internal/streams/writable:510:10)
    at Console.log (/Users/tcjr/Library/pnpm/global/5/.pnpm/winston@3.11.0/node_modules/winston/lib/winston/transports/console.js:79:23)
    at Console._write (/Users/tcjr/Library/pnpm/global/5/.pnpm/winston-transport@4.6.0/node_modules/winston-transport/index.js:103:17)
    at doWrite (/Users/tcjr/Library/pnpm/global/5/.pnpm/readable-stream@3.6.2/node_modules/readable-stream/lib/_stream_writable.js:390:139)
[error] 
[error] Error: An unexpected error has occurred.
[debug] [2026-02-22T03:22:36.453Z] Error: write EPIPE
    at afterWriteDispatched (node:internal/stream_base_commons:159:15)
    at writeGeneric (node:internal/stream_base_commons:150:3)
    at Socket._writeGeneric (node:net:966:11)
    at Socket._write (node:net:978:8)
    at writeOrBuffer (node:internal/streams/writable:572:12)
    at _write (node:internal/streams/writable:501:10)
    at Writable.write (node:internal/streams/writable:510:10)
    at Console.log (/Users/tcjr/Library/pnpm/global/5/.pnpm/winston@3.11.0/node_modules/winston/lib/winston/transports/console.js:79:23)
    at Console._write (/Users/tcjr/Library/pnpm/global/5/.pnpm/winston-transport@4.6.0/node_modules/winston-transport/index.js:103:17)
    at doWrite (/Users/tcjr/Library/pnpm/global/5/.pnpm/readable-stream@3.6.2/node_modules/readable-stream/lib/_stream_writable.js:390:139)
[error] 
[error] Error: An unexpected error has occurred.
[debug] [2026-02-22T03:22:36.453Z] Error: write EPIPE
    at afterWriteDispatched (node:internal/stream_base_commons:159:15)
    at writeGeneric (node:internal/stream_base_commons:150:3)
    at Socket._writeGeneric (node:net:966:11)
    at Socket._write (node:net:978:8)
    at writeOrBuffer (node:internal/streams/writable:572:12)
    at _write (node:internal/streams/writable:501:10)
    at Writable.write (node:internal/streams/writable:510:10)
    at Console.log (/Users/tcjr/Library/pnpm/global/5/.pnpm/winston@3.11.0/node_modules/winston/lib/winston/transports/console.js:79:23)
    at Console._write (/Users/tcjr/Library/pnpm/global/5/.pnpm/winston-transport@4.6.0/node_modules/winston-transport/index.js:103:17)
    at doWrite (/Users/tcjr/Library/pnpm/global/5/.pnpm/readable-stream@3.6.2/node_modules/readable-stream/lib/_stream_writable.js:390:139)
[error] 
[error] Error: An unexpected error has occurred.
[debug] [2026-02-22T03:22:36.453Z] Error: write EPIPE
    at afterWriteDispatched (node:internal/stream_base_commons:159:15)
    at writeGeneric (node:internal/stream_base_commons:150:3)
    at Socket._writeGeneric (node:net:966:11)
    at Socket._write (node:net:978:8)
    at writeOrBuffer (node:internal/streams/writable:572:12)
    at _write (node:internal/streams/writable:501:10)
    at Writable.write (node:internal/streams/writable:510:10)
    at Console.log (/Users/tcjr/Library/pnpm/global/5/.pnpm/winston@3.11.0/node_modules/winston/lib/winston/transports/console.js:79:23)
    at Console._write (/Users/tcjr/Library/pnpm/global/5/.pnpm/winston-transport@4.6.0/node_modules/winston-transport/index.js:103:17)
    at doWrite (/Users/tcjr/Library/pnpm/global/5/.pnpm/readable-stream@3.6.2/node_modules/readable-stream/lib/_stream_writable.js:390:139)
[error] 
[error] Error: An unexpected error has occurred.
[debug] [2026-02-22T03:22:36.453Z] Error: write EPIPE
    at afterWriteDispatched (node:internal/stream_base_commons:159:15)
    at writeGeneric (node:internal/stream_base_commons:150:3)
    at Socket._writeGeneric (node:net:966:11)
    at Socket._write (node:net:978:8)
    at writeOrBuffer (node:internal/streams/writable:572:12)
    at _write (node:internal/streams/writable:501:10)
    at Writable.write (node:internal/streams/writable:510:10)
    at Console.log (/Users/tcjr/Library/pnpm/global/5/.pnpm/winston@3.11.0/node_modules/winston/lib/winston/transports/console.js:79:23)
    at Console._write (/Users/tcjr/Library/pnpm/global/5/.pnpm/winston-transport@4.6.0/node_modules/winston-transport/index.js:103:17)
    at doWrite (/Users/tcjr/Library/pnpm/global/5/.pnpm/readable-stream@3.6.2/node_modules/readable-stream/lib/_stream_writable.js:390:139)
[error] 
[error] Error: An unexpected error has occurred.
[debug] [2026-02-22T03:22:36.454Z] Error: write EPIPE
    at afterWriteDispatched (node:internal/stream_base_commons:159:15)
    at writeGeneric (node:internal/stream_base_commons:150:3)
    at Socket._writeGeneric (node:net:966:11)
    at Socket._write (node:net:978:8)
    at writeOrBuffer (node:internal/streams/writable:572:12)
    at _write (node:internal/streams/writable:501:10)
    at Writable.write (node:internal/streams/writable:510:10)
    at Console.log (/Users/tcjr/Library/pnpm/global/5/.pnpm/winston@3.11.0/node_modules/winston/lib/winston/transports/console.js:79:23)
    at Console._write (/Users/tcjr/Library/pnpm/global/5/.pnpm/winston-transport@4.6.0/node_modules/winston-transport/index.js:103:17)
    at doWrite (/Users/tcjr/Library/pnpm/global/5/.pnpm/readable-stream@3.6.2/node_modules/readable-stream/lib/_stream_writable.js:390:139)
[error] 
[error] Error: An unexpected error has occurred.
[debug] [2026-02-22T03:22:36.454Z] Error: write EPIPE
    at afterWriteDispatched (node:internal/stream_base_commons:159:15)
    at writeGeneric (node:internal/stream_base_commons:150:3)
    at Socket._writeGeneric (node:net:966:11)
    at Socket._write (node:net:978:8)
    at writeOrBuffer (node:internal/streams/writable:572:12)
    at _write (node:internal/streams/writable:501:10)
    at Writable.write (node:internal/streams/writable:510:10)
    at Console.log (/Users/tcjr/Library/pnpm/global/5/.pnpm/winston@3.11.0/node_modules/winston/lib/winston/transports/console.js:79:23)
    at Console._write (/Users/tcjr/Library/pnpm/global/5/.pnpm/winston-transport@4.6.0/node_modules/winston-transport/index.js:103:17)
    at doWrite (/Users/tcjr/Library/pnpm/global/5/.pnpm/readable-stream@3.6.2/node_modules/readable-stream/lib/_stream_writable.js:390:139)
[error] 
[error] Error: An unexpected error has occurred.
[debug] [2026-02-22T03:22:36.454Z] Error: write EPIPE
    at afterWriteDispatched (node:internal/stream_base_commons:159:15)
    at writeGeneric (node:internal/stream_base_commons:150:3)
    at Socket._writeGeneric (node:net:966:11)
    at Socket._write (node:net:978:8)
    at writeOrBuffer (node:internal/streams/writable:572:12)
    at _write (node:internal/streams/writable:501:10)
    at Writable.write (node:internal/streams/writable:510:10)
    at Console.log (/Users/tcjr/Library/pnpm/global/5/.pnpm/winston@3.11.0/node_modules/winston/lib/winston/transports/console.js:79:23)
    at Console._write (/Users/tcjr/Library/pnpm/global/5/.pnpm/winston-transport@4.6.0/node_modules/winston-transport/index.js:103:17)
    at doWrite (/Users/tcjr/Library/pnpm/global/5/.pnpm/readable-stream@3.6.2/node_modules/readable-stream/lib/_stream_writable.js:390:139)
[error] 
[error] Error: An unexpected error has occurred.
[debug] [2026-02-22T03:22:36.454Z] Error: write EPIPE
    at afterWriteDispatched (node:internal/stream_base_commons:159:15)
    at writeGeneric (node:internal/stream_base_commons:150:3)
    at Socket._writeGeneric (node:net:966:11)
    at Socket._write (node:net:978:8)
    at writeOrBuffer (node:internal/streams/writable:572:12)
    at _write (node:internal/streams/writable:501:10)
    at Writable.write (node:internal/streams/writable:510:10)
    at Console.log (/Users/tcjr/Library/pnpm/global/5/.pnpm/winston@3.11.0/node_modules/winston/lib/winston/transports/console.js:79:23)
    at Console._write (/Users/tcjr/Library/pnpm/global/5/.pnpm/winston-transport@4.6.0/node_modules/winston-transport/index.js:103:17)
    at doWrite (/Users/tcjr/Library/pnpm/global/5/.pnpm/readable-stream@3.6.2/node_modules/readable-stream/lib/_stream_writable.js:390:139)
[error] 
[error] Error: An unexpected error has occurred.
[debug] [2026-02-22T03:22:36.454Z] Error: write EPIPE
    at afterWriteDispatched (node:internal/stream_base_commons:159:15)
    at writeGeneric (node:internal/stream_base_commons:150:3)
    at Socket._writeGeneric (node:net:966:11)
    at Socket._write (node:net:978:8)
    at writeOrBuffer (node:internal/streams/writable:572:12)
    at _write (node:internal/streams/writable:501:10)
    at Writable.write (node:internal/streams/writable:510:10)
    at Console.log (/Users/tcjr/Library/pnpm/global/5/.pnpm/winston@3.11.0/node_modules/winston/lib/winston/transports/console.js:79:23)
    at Console._write (/Users/tcjr/Library/pnpm/global/5/.pnpm/winston-transport@4.6.0/node_modules/winston-transport/index.js:103:17)
    at doWrite (/Users/tcjr/Library/pnpm/global/5/.pnpm/readable-stream@3.6.2/node_modules/readable-stream/lib/_stream_writable.js:390:139)
[error] 
[error] Error: An unexpected error has occurred.
[debug] [2026-02-22T03:22:36.454Z] Error: write EPIPE
    at afterWriteDispatched (node:internal/stream_base_commons:159:15)
    at writeGeneric (node:internal/stream_base_commons:150:3)
    at Socket._writeGeneric (node:net:966:11)
    at Socket._write (node:net:978:8)
    at writeOrBuffer (node:internal/streams/writable:572:12)
    at _write (node:internal/streams/writable:501:10)
    at Writable.write (node:internal/streams/writable:510:10)
    at Console.log (/Users/tcjr/Library/pnpm/global/5/.pnpm/winston@3.11.0/node_modules/winston/lib/winston/transports/console.js:79:23)
    at Console._write (/Users/tcjr/Library/pnpm/global/5/.pnpm/winston-transport@4.6.0/node_modules/winston-transport/index.js:103:17)
    at doWrite (/Users/tcjr/Library/pnpm/global/5/.pnpm/readable-stream@3.6.2/node_modules/readable-stream/lib/_stream_writable.js:390:139)
[error] 
[error] Error: An unexpected error has occurred.
[debug] [2026-02-22T03:22:36.455Z] Error: write EPIPE
    at afterWriteDispatched (node:internal/stream_base_commons:159:15)
    at writeGeneric (node:internal/stream_base_commons:150:3)
    at Socket._writeGeneric (node:net:966:11)
    at Socket._write (node:net:978:8)
    at writeOrBuffer (node:internal/streams/writable:572:12)
    at _write (node:internal/streams/writable:501:10)
    at Writable.write (node:internal/streams/writable:510:10)
    at Console.log (/Users/tcjr/Library/pnpm/global/5/.pnpm/winston@3.11.0/node_modules/winston/lib/winston/transports/console.js:79:23)
    at Console._write (/Users/tcjr/Library/pnpm/global/5/.pnpm/winston-transport@4.6.0/node_modules/winston-transport/index.js:103:17)
    at doWrite (/Users/tcjr/Library/pnpm/global/5/.pnpm/readable-stream@3.6.2/node_modules/readable-stream/lib/_stream_writable.js:390:139)
[error] 
[error] Error: An unexpected error has occurred.
[debug] [2026-02-22T03:22:36.455Z] Error: write EPIPE
    at afterWriteDispatched (node:internal/stream_base_commons:159:15)
    at writeGeneric (node:internal/stream_base_commons:150:3)
    at Socket._writeGeneric (node:net:966:11)
    at Socket._write (node:net:978:8)
    at writeOrBuffer (node:internal/streams/writable:572:12)
    at _write (node:internal/streams/writable:501:10)
    at Writable.write (node:internal/streams/writable:510:10)
    at Console.log (/Users/tcjr/Library/pnpm/global/5/.pnpm/winston@3.11.0/node_modules/winston/lib/winston/transports/console.js:79:23)
    at Console._write (/Users/tcjr/Library/pnpm/global/5/.pnpm/winston-transport@4.6.0/node_modules/winston-transport/index.js:103:17)
    at doWrite (/Users/tcjr/Library/pnpm/global/5/.pnpm/readable-stream@3.6.2/node_modules/readable-stream/lib/_stream_writable.js:390:139)
[error] 
[error] Error: An unexpected error has occurred.
[debug] [2026-02-22T03:22:36.455Z] Error: write EPIPE
    at afterWriteDispatched (node:internal/stream_base_commons:159:15)
    at writeGeneric (node:internal/stream_base_commons:150:3)
    at Socket._writeGeneric (node:net:966:11)
    at Socket._write (node:net:978:8)
    at writeOrBuffer (node:internal/streams/writable:572:12)
    at _write (node:internal/streams/writable:501:10)
    at Writable.write (node:internal/streams/writable:510:10)
    at Console.log (/Users/tcjr/Library/pnpm/global/5/.pnpm/winston@3.11.0/node_modules/winston/lib/winston/transports/console.js:79:23)
    at Console._write (/Users/tcjr/Library/pnpm/global/5/.pnpm/winston-transport@4.6.0/node_modules/winston-transport/index.js:103:17)
    at doWrite (/Users/tcjr/Library/pnpm/global/5/.pnpm/readable-stream@3.6.2/node_modules/readable-stream/lib/_stream_writable.js:390:139)
[error] 
[error] Error: An unexpected error has occurred.
[debug] [2026-02-22T03:22:36.455Z] Error: write EPIPE
    at afterWriteDispatched (node:internal/stream_base_commons:159:15)
    at writeGeneric (node:internal/stream_base_commons:150:3)
    at Socket._writeGeneric (node:net:966:11)
    at Socket._write (node:net:978:8)
    at writeOrBuffer (node:internal/streams/writable:572:12)
    at _write (node:internal/streams/writable:501:10)
    at Writable.write (node:internal/streams/writable:510:10)
    at Console.log (/Users/tcjr/Library/pnpm/global/5/.pnpm/winston@3.11.0/node_modules/winston/lib/winston/transports/console.js:79:23)
    at Console._write (/Users/tcjr/Library/pnpm/global/5/.pnpm/winston-transport@4.6.0/node_modules/winston-transport/index.js:103:17)
    at doWrite (/Users/tcjr/Library/pnpm/global/5/.pnpm/readable-stream@3.6.2/node_modules/readable-stream/lib/_stream_writable.js:390:139)
[error] 
[error] Error: An unexpected error has occurred.
[debug] [2026-02-22T03:22:36.456Z] Error: write EPIPE
    at afterWriteDispatched (node:internal/stream_base_commons:159:15)
    at writeGeneric (node:internal/stream_base_commons:150:3)
    at Socket._writeGeneric (node:net:966:11)
    at Socket._write (node:net:978:8)
    at writeOrBuffer (node:internal/streams/writable:572:12)
    at _write (node:internal/streams/writable:501:10)
    at Writable.write (node:internal/streams/writable:510:10)
    at Console.log (/Users/tcjr/Library/pnpm/global/5/.pnpm/winston@3.11.0/node_modules/winston/lib/winston/transports/console.js:79:23)
    at Console._write (/Users/tcjr/Library/pnpm/global/5/.pnpm/winston-transport@4.6.0/node_modules/winston-transport/index.js:103:17)
    at doWrite (/Users/tcjr/Library/pnpm/global/5/.pnpm/readable-stream@3.6.2/node_modules/readable-stream/lib/_stream_writable.js:390:139)
[error] 
[error] Error: An unexpected error has occurred.
[debug] [2026-02-22T03:22:36.456Z] Error: write EPIPE
    at afterWriteDispatched (node:internal/stream_base_commons:159:15)
    at writeGeneric (node:internal/stream_base_commons:150:3)
    at Socket._writeGeneric (node:net:966:11)
    at Socket._write (node:net:978:8)
    at writeOrBuffer (node:internal/streams/writable:572:12)
    at _write (node:internal/streams/writable:501:10)
    at Writable.write (node:internal/streams/writable:510:10)
    at Console.log (/Users/tcjr/Library/pnpm/global/5/.pnpm/winston@3.11.0/node_modules/winston/lib/winston/transports/console.js:79:23)
    at Console._write (/Users/tcjr/Library/pnpm/global/5/.pnpm/winston-transport@4.6.0/node_modules/winston-transport/index.js:103:17)
    at doWrite (/Users/tcjr/Library/pnpm/global/5/.pnpm/readable-stream@3.6.2/node_modules/readable-stream/lib/_stream_writable.js:390:139)
[error] 
[error] Error: An unexpected error has occurred.
[debug] [2026-02-22T03:22:36.456Z] Error: write EPIPE
    at afterWriteDispatched (node:internal/stream_base_commons:159:15)
    at writeGeneric (node:internal/stream_base_commons:150:3)
    at Socket._writeGeneric (node:net:966:11)
    at Socket._write (node:net:978:8)
    at writeOrBuffer (node:internal/streams/writable:572:12)
    at _write (node:internal/streams/writable:501:10)
    at Writable.write (node:internal/streams/writable:510:10)
    at Console.log (/Users/tcjr/Library/pnpm/global/5/.pnpm/winston@3.11.0/node_modules/winston/lib/winston/transports/console.js:79:23)
    at Console._write (/Users/tcjr/Library/pnpm/global/5/.pnpm/winston-transport@4.6.0/node_modules/winston-transport/index.js:103:17)
    at doWrite (/Users/tcjr/Library/pnpm/global/5/.pnpm/readable-stream@3.6.2/node_modules/readable-stream/lib/_stream_writable.js:390:139)
[error] 
[error] Error: An unexpected error has occurred.
[debug] [2026-02-22T03:22:36.456Z] Error: write EPIPE
    at afterWriteDispatched (node:internal/stream_base_commons:159:15)
    at writeGeneric (node:internal/stream_base_commons:150:3)
    at Socket._writeGeneric (node:net:966:11)
    at Socket._write (node:net:978:8)
    at writeOrBuffer (node:internal/streams/writable:572:12)
    at _write (node:internal/streams/writable:501:10)
    at Writable.write (node:internal/streams/writable:510:10)
    at Console.log (/Users/tcjr/Library/pnpm/global/5/.pnpm/winston@3.11.0/node_modules/winston/lib/winston/transports/console.js:79:23)
    at Console._write (/Users/tcjr/Library/pnpm/global/5/.pnpm/winston-transport@4.6.0/node_modules/winston-transport/index.js:103:17)
    at doWrite (/Users/tcjr/Library/pnpm/global/5/.pnpm/readable-stream@3.6.2/node_modules/readable-stream/lib/_stream_writable.js:390:139)
[error] 
[error] Error: An unexpected error has occurred.
[debug] [2026-02-22T03:22:36.456Z] Error: write EPIPE
    at afterWriteDispatched (node:internal/stream_base_commons:159:15)
    at writeGeneric (node:internal/stream_base_commons:150:3)
    at Socket._writeGeneric (node:net:966:11)
    at Socket._write (node:net:978:8)
    at writeOrBuffer (node:internal/streams/writable:572:12)
    at _write (node:internal/streams/writable:501:10)
    at Writable.write (node:internal/streams/writable:510:10)
    at Console.log (/Users/tcjr/Library/pnpm/global/5/.pnpm/winston@3.11.0/node_modules/winston/lib/winston/transports/console.js:79:23)
    at Console._write (/Users/tcjr/Library/pnpm/global/5/.pnpm/winston-transport@4.6.0/node_modules/winston-transport/index.js:103:17)
    at doWrite (/Users/tcjr/Library/pnpm/global/5/.pnpm/readable-stream@3.6.2/node_modules/readable-stream/lib/_stream_writable.js:390:139)
[error] 
[error] Error: An unexpected error has occurred.
[debug] [2026-02-22T03:22:36.456Z] Error: write EPIPE
    at afterWriteDispatched (node:internal/stream_base_commons:159:15)
    at writeGeneric (node:internal/stream_base_commons:150:3)
    at Socket._writeGeneric (node:net:966:11)
    at Socket._write (node:net:978:8)
    at writeOrBuffer (node:internal/streams/writable:572:12)
    at _write (node:internal/streams/writable:501:10)
    at Writable.write (node:internal/streams/writable:510:10)
    at Console.log (/Users/tcjr/Library/pnpm/global/5/.pnpm/winston@3.11.0/node_modules/winston/lib/winston/transports/console.js:79:23)
    at Console._write (/Users/tcjr/Library/pnpm/global/5/.pnpm/winston-transport@4.6.0/node_modules/winston-transport/index.js:103:17)
    at doWrite (/Users/tcjr/Library/pnpm/global/5/.pnpm/readable-stream@3.6.2/node_modules/readable-stream/lib/_stream_writable.js:390:139)
[error] 
[error] Error: An unexpected error has occurred.
[debug] [2026-02-22T03:22:36.456Z] Error: write EPIPE
    at afterWriteDispatched (node:internal/stream_base_commons:159:15)
    at writeGeneric (node:internal/stream_base_commons:150:3)
    at Socket._writeGeneric (node:net:966:11)
    at Socket._write (node:net:978:8)
    at writeOrBuffer (node:internal/streams/writable:572:12)
    at _write (node:internal/streams/writable:501:10)
    at Writable.write (node:internal/streams/writable:510:10)
    at Console.log (/Users/tcjr/Library/pnpm/global/5/.pnpm/winston@3.11.0/node_modules/winston/lib/winston/transports/console.js:79:23)
    at Console._write (/Users/tcjr/Library/pnpm/global/5/.pnpm/winston-transport@4.6.0/node_modules/winston-transport/index.js:103:17)
    at doWrite (/Users/tcjr/Library/pnpm/global/5/.pnpm/readable-stream@3.6.2/node_modules/readable-stream/lib/_stream_writable.js:390:139)
[error] 
[error] Error: An unexpected error has occurred.
[debug] [2026-02-22T03:22:36.457Z] Error: write EPIPE
    at afterWriteDispatched (node:internal/stream_base_commons:159:15)
    at writeGeneric (node:internal/stream_base_commons:150:3)
    at Socket._writeGeneric (node:net:966:11)
    at Socket._write (node:net:978:8)
    at writeOrBuffer (node:internal/streams/writable:572:12)
    at _write (node:internal/streams/writable:501:10)
    at Writable.write (node:internal/streams/writable:510:10)
    at Console.log (/Users/tcjr/Library/pnpm/global/5/.pnpm/winston@3.11.0/node_modules/winston/lib/winston/transports/console.js:79:23)
    at Console._write (/Users/tcjr/Library/pnpm/global/5/.pnpm/winston-transport@4.6.0/node_modules/winston-transport/index.js:103:17)
    at doWrite (/Users/tcjr/Library/pnpm/global/5/.pnpm/readable-stream@3.6.2/node_modules/readable-stream/lib/_stream_writable.js:390:139)
[error] 
[error] Error: An unexpected error has occurred.
[debug] [2026-02-22T03:22:36.457Z] Error: write EPIPE
    at afterWriteDispatched (node:internal/stream_base_commons:159:15)
    at writeGeneric (node:internal/stream_base_commons:150:3)
    at Socket._writeGeneric (node:net:966:11)
    at Socket._write (node:net:978:8)
    at writeOrBuffer (node:internal/streams/writable:572:12)
    at _write (node:internal/streams/writable:501:10)
    at Writable.write (node:internal/streams/writable:510:10)
    at Console.log (/Users/tcjr/Library/pnpm/global/5/.pnpm/winston@3.11.0/node_modules/winston/lib/winston/transports/console.js:79:23)
    at Console._write (/Users/tcjr/Library/pnpm/global/5/.pnpm/winston-transport@4.6.0/node_modules/winston-transport/index.js:103:17)
    at doWrite (/Users/tcjr/Library/pnpm/global/5/.pnpm/readable-stream@3.6.2/node_modules/readable-stream/lib/_stream_writable.js:390:139)
[error] 
[error] Error: An unexpected error has occurred.
[debug] [2026-02-22T03:22:36.457Z] Error: write EPIPE
    at afterWriteDispatched (node:internal/stream_base_commons:159:15)
    at writeGeneric (node:internal/stream_base_commons:150:3)
    at Socket._writeGeneric (node:net:966:11)
    at Socket._write (node:net:978:8)
    at writeOrBuffer (node:internal/streams/writable:572:12)
    at _write (node:internal/streams/writable:501:10)
    at Writable.write (node:internal/streams/writable:510:10)
    at Console.log (/Users/tcjr/Library/pnpm/global/5/.pnpm/winston@3.11.0/node_modules/winston/lib/winston/transports/console.js:79:23)
    at Console._write (/Users/tcjr/Library/pnpm/global/5/.pnpm/winston-transport@4.6.0/node_modules/winston-transport/index.js:103:17)
    at doWrite (/Users/tcjr/Library/pnpm/global/5/.pnpm/readable-stream@3.6.2/node_modules/readable-stream/lib/_stream_writable.js:390:139)
[error] 
[error] Error: An unexpected error has occurred.
[debug] [2026-02-22T03:22:36.457Z] Error: write EPIPE
    at afterWriteDispatched (node:internal/stream_base_commons:159:15)
    at writeGeneric (node:internal/stream_base_commons:150:3)
    at Socket._writeGeneric (node:net:966:11)
    at Socket._write (node:net:978:8)
    at writeOrBuffer (node:internal/streams/writable:572:12)
    at _write (node:internal/streams/writable:501:10)
    at Writable.write (node:internal/streams/writable:510:10)
    at Console.log (/Users/tcjr/Library/pnpm/global/5/.pnpm/winston@3.11.0/node_modules/winston/lib/winston/transports/console.js:79:23)
    at Console._write (/Users/tcjr/Library/pnpm/global/5/.pnpm/winston-transport@4.6.0/node_modules/winston-transport/index.js:103:17)
    at doWrite (/Users/tcjr/Library/pnpm/global/5/.pnpm/readable-stream@3.6.2/node_modules/readable-stream/lib/_stream_writable.js:390:139)
[error] 
[error] Error: An unexpected error has occurred.
[debug] [2026-02-22T03:22:36.457Z] Error: write EPIPE
    at afterWriteDispatched (node:internal/stream_base_commons:159:15)
    at writeGeneric (node:internal/stream_base_commons:150:3)
    at Socket._writeGeneric (node:net:966:11)
    at Socket._write (node:net:978:8)
    at writeOrBuffer (node:internal/streams/writable:572:12)
    at _write (node:internal/streams/writable:501:10)
    at Writable.write (node:internal/streams/writable:510:10)
    at Console.log (/Users/tcjr/Library/pnpm/global/5/.pnpm/winston@3.11.0/node_modules/winston/lib/winston/transports/console.js:79:23)
    at Console._write (/Users/tcjr/Library/pnpm/global/5/.pnpm/winston-transport@4.6.0/node_modules/winston-transport/index.js:103:17)
    at doWrite (/Users/tcjr/Library/pnpm/global/5/.pnpm/readable-stream@3.6.2/node_modules/readable-stream/lib/_stream_writable.js:390:139)
[error] 
[error] Error: An unexpected error has occurred.
[debug] [2026-02-22T03:22:36.457Z] Error: write EPIPE
    at afterWriteDispatched (node:internal/stream_base_commons:159:15)
    at writeGeneric (node:internal/stream_base_commons:150:3)
    at Socket._writeGeneric (node:net:966:11)
    at Socket._write (node:net:978:8)
    at writeOrBuffer (node:internal/streams/writable:572:12)
    at _write (node:internal/streams/writable:501:10)
    at Writable.write (node:internal/streams/writable:510:10)
    at Console.log (/Users/tcjr/Library/pnpm/global/5/.pnpm/winston@3.11.0/node_modules/winston/lib/winston/transports/console.js:79:23)
    at Console._write (/Users/tcjr/Library/pnpm/global/5/.pnpm/winston-transport@4.6.0/node_modules/winston-transport/index.js:103:17)
    at doWrite (/Users/tcjr/Library/pnpm/global/5/.pnpm/readable-stream@3.6.2/node_modules/readable-stream/lib/_stream_writable.js:390:139)
[error] 
[error] Error: An unexpected error has occurred.
[debug] [2026-02-22T03:22:36.457Z] Error: write EPIPE
    at afterWriteDispatched (node:internal/stream_base_commons:159:15)
    at writeGeneric (node:internal/stream_base_commons:150:3)
    at Socket._writeGeneric (node:net:966:11)
    at Socket._write (node:net:978:8)
    at writeOrBuffer (node:internal/streams/writable:572:12)
    at _write (node:internal/streams/writable:501:10)
    at Writable.write (node:internal/streams/writable:510:10)
    at Console.log (/Users/tcjr/Library/pnpm/global/5/.pnpm/winston@3.11.0/node_modules/winston/lib/winston/transports/console.js:79:23)
    at Console._write (/Users/tcjr/Library/pnpm/global/5/.pnpm/winston-transport@4.6.0/node_modules/winston-transport/index.js:103:17)
    at doWrite (/Users/tcjr/Library/pnpm/global/5/.pnpm/readable-stream@3.6.2/node_modules/readable-stream/lib/_stream_writable.js:390:139)
[error] 
[error] Error: An unexpected error has occurred.
[debug] [2026-02-22T03:22:36.458Z] Error: write EPIPE
    at afterWriteDispatched (node:internal/stream_base_commons:159:15)
    at writeGeneric (node:internal/stream_base_commons:150:3)
    at Socket._writeGeneric (node:net:966:11)
    at Socket._write (node:net:978:8)
    at writeOrBuffer (node:internal/streams/writable:572:12)
    at _write (node:internal/streams/writable:501:10)
    at Writable.write (node:internal/streams/writable:510:10)
    at Console.log (/Users/tcjr/Library/pnpm/global/5/.pnpm/winston@3.11.0/node_modules/winston/lib/winston/transports/console.js:79:23)
    at Console._write (/Users/tcjr/Library/pnpm/global/5/.pnpm/winston-transport@4.6.0/node_modules/winston-transport/index.js:103:17)
    at doWrite (/Users/tcjr/Library/pnpm/global/5/.pnpm/readable-stream@3.6.2/node_modules/readable-stream/lib/_stream_writable.js:390:139)
[error] 
[error] Error: An unexpected error has occurred.
[debug] [2026-02-22T03:22:36.458Z] Error: write EPIPE
    at afterWriteDispatched (node:internal/stream_base_commons:159:15)
    at writeGeneric (node:internal/stream_base_commons:150:3)
    at Socket._writeGeneric (node:net:966:11)
    at Socket._write (node:net:978:8)
    at writeOrBuffer (node:internal/streams/writable:572:12)
    at _write (node:internal/streams/writable:501:10)
    at Writable.write (node:internal/streams/writable:510:10)
    at Console.log (/Users/tcjr/Library/pnpm/global/5/.pnpm/winston@3.11.0/node_modules/winston/lib/winston/transports/console.js:79:23)
    at Console._write (/Users/tcjr/Library/pnpm/global/5/.pnpm/winston-transport@4.6.0/node_modules/winston-transport/index.js:103:17)
    at doWrite (/Users/tcjr/Library/pnpm/global/5/.pnpm/readable-stream@3.6.2/node_modules/readable-stream/lib/_stream_writable.js:390:139)
[error] 
[error] Error: An unexpected error has occurred.
[debug] [2026-02-22T03:22:36.458Z] Error: write EPIPE
    at afterWriteDispatched (node:internal/stream_base_commons:159:15)
    at writeGeneric (node:internal/stream_base_commons:150:3)
    at Socket._writeGeneric (node:net:966:11)
    at Socket._write (node:net:978:8)
    at writeOrBuffer (node:internal/streams/writable:572:12)
    at _write (node:internal/streams/writable:501:10)
    at Writable.write (node:internal/streams/writable:510:10)
    at Console.log (/Users/tcjr/Library/pnpm/global/5/.pnpm/winston@3.11.0/node_modules/winston/lib/winston/transports/console.js:79:23)
    at Console._write (/Users/tcjr/Library/pnpm/global/5/.pnpm/winston-transport@4.6.0/node_modules/winston-transport/index.js:103:17)
    at doWrite (/Users/tcjr/Library/pnpm/global/5/.pnpm/readable-stream@3.6.2/node_modules/readable-stream/lib/_stream_writable.js:390:139)
[error] 
[error] Error: An unexpected error has occurred.
[debug] [2026-02-22T03:22:36.458Z] Error: write EPIPE
    at afterWriteDispatched (node:internal/stream_base_commons:159:15)
    at writeGeneric (node:internal/stream_base_commons:150:3)
    at Socket._writeGeneric (node:net:966:11)
    at Socket._write (node:net:978:8)
    at writeOrBuffer (node:internal/streams/writable:572:12)
    at _write (node:internal/streams/writable:501:10)
    at Writable.write (node:internal/streams/writable:510:10)
    at Console.log (/Users/tcjr/Library/pnpm/global/5/.pnpm/winston@3.11.0/node_modules/winston/lib/winston/transports/console.js:79:23)
    at Console._write (/Users/tcjr/Library/pnpm/global/5/.pnpm/winston-transport@4.6.0/node_modules/winston-transport/index.js:103:17)
    at doWrite (/Users/tcjr/Library/pnpm/global/5/.pnpm/readable-stream@3.6.2/node_modules/readable-stream/lib/_stream_writable.js:390:139)
[error] 
[error] Error: An unexpected error has occurred.
[debug] [2026-02-22T03:22:36.458Z] Error: write EPIPE
    at afterWriteDispatched (node:internal/stream_base_commons:159:15)
    at writeGeneric (node:internal/stream_base_commons:150:3)
    at Socket._writeGeneric (node:net:966:11)
    at Socket._write (node:net:978:8)
    at writeOrBuffer (node:internal/streams/writable:572:12)
    at _write (node:internal/streams/writable:501:10)
    at Writable.write (node:internal/streams/writable:510:10)
    at Console.log (/Users/tcjr/Library/pnpm/global/5/.pnpm/winston@3.11.0/node_modules/winston/lib/winston/transports/console.js:79:23)
    at Console._write (/Users/tcjr/Library/pnpm/global/5/.pnpm/winston-transport@4.6.0/node_modules/winston-transport/index.js:103:17)
    at doWrite (/Users/tcjr/Library/pnpm/global/5/.pnpm/readable-stream@3.6.2/node_modules/readable-stream/lib/_stream_writable.js:390:139)
[error] 
[error] Error: An unexpected error has occurred.
[debug] [2026-02-22T03:22:36.458Z] Error: write EPIPE
    at afterWriteDispatched (node:internal/stream_base_commons:159:15)
    at writeGeneric (node:internal/stream_base_commons:150:3)
    at Socket._writeGeneric (node:net:966:11)
    at Socket._write (node:net:978:8)
    at writeOrBuffer (node:internal/streams/writable:572:12)
    at _write (node:internal/streams/writable:501:10)
    at Writable.write (node:internal/streams/writable:510:10)
    at Console.log (/Users/tcjr/Library/pnpm/global/5/.pnpm/winston@3.11.0/node_modules/winston/lib/winston/transports/console.js:79:23)
    at Console._write (/Users/tcjr/Library/pnpm/global/5/.pnpm/winston-transport@4.6.0/node_modules/winston-transport/index.js:103:17)
    at doWrite (/Users/tcjr/Library/pnpm/global/5/.pnpm/readable-stream@3.6.2/node_modules/readable-stream/lib/_stream_writable.js:390:139)
[error] 
[error] Error: An unexpected error has occurred.
[debug] [2026-02-22T03:22:36.458Z] Error: write EPIPE
    at afterWriteDispatched (node:internal/stream_base_commons:159:15)
    at writeGeneric (node:internal/stream_base_commons:150:3)
    at Socket._writeGeneric (node:net:966:11)
    at Socket._write (node:net:978:8)
    at writeOrBuffer (node:internal/streams/writable:572:12)
    at _write (node:internal/streams/writable:501:10)
    at Writable.write (node:internal/streams/writable:510:10)
    at Console.log (/Users/tcjr/Library/pnpm/global/5/.pnpm/winston@3.11.0/node_modules/winston/lib/winston/transports/console.js:79:23)
    at Console._write (/Users/tcjr/Library/pnpm/global/5/.pnpm/winston-transport@4.6.0/node_modules/winston-transport/index.js:103:17)
    at doWrite (/Users/tcjr/Library/pnpm/global/5/.pnpm/readable-stream@3.6.2/node_modules/readable-stream/lib/_stream_writable.js:390:139)
[error] 
[error] Error: An unexpected error has occurred.
[debug] [2026-02-22T03:22:36.459Z] Error: write EPIPE
    at afterWriteDispatched (node:internal/stream_base_commons:159:15)
    at writeGeneric (node:internal/stream_base_commons:150:3)
    at Socket._writeGeneric (node:net:966:11)
    at Socket._write (node:net:978:8)
    at writeOrBuffer (node:internal/streams/writable:572:12)
    at _write (node:internal/streams/writable:501:10)
    at Writable.write (node:internal/streams/writable:510:10)
    at Console.log (/Users/tcjr/Library/pnpm/global/5/.pnpm/winston@3.11.0/node_modules/winston/lib/winston/transports/console.js:79:23)
    at Console._write (/Users/tcjr/Library/pnpm/global/5/.pnpm/winston-transport@4.6.0/node_modules/winston-transport/index.js:103:17)
    at doWrite (/Users/tcjr/Library/pnpm/global/5/.pnpm/readable-stream@3.6.2/node_modules/readable-stream/lib/_stream_writable.js:390:139)
[error] 
[error] Error: An unexpected error has occurred.
[debug] [2026-02-22T03:22:36.459Z] Error: write EPIPE
    at afterWriteDispatched (node:internal/stream_base_commons:159:15)
    at writeGeneric (node:internal/stream_base_commons:150:3)
    at Socket._writeGeneric (node:net:966:11)
    at Socket._write (node:net:978:8)
    at writeOrBuffer (node:internal/streams/writable:572:12)
    at _write (node:internal/streams/writable:501:10)
    at Writable.write (node:internal/streams/writable:510:10)
    at Console.log (/Users/tcjr/Library/pnpm/global/5/.pnpm/winston@3.11.0/node_modules/winston/lib/winston/transports/console.js:79:23)
    at Console._write (/Users/tcjr/Library/pnpm/global/5/.pnpm/winston-transport@4.6.0/node_modules/winston-transport/index.js:103:17)
    at doWrite (/Users/tcjr/Library/pnpm/global/5/.pnpm/readable-stream@3.6.2/node_modules/readable-stream/lib/_stream_writable.js:390:139)
[error] 
[error] Error: An unexpected error has occurred.
[debug] [2026-02-22T03:22:36.459Z] Error: write EPIPE
    at afterWriteDispatched (node:internal/stream_base_commons:159:15)
    at writeGeneric (node:internal/stream_base_commons:150:3)
    at Socket._writeGeneric (node:net:966:11)
    at Socket._write (node:net:978:8)
    at writeOrBuffer (node:internal/streams/writable:572:12)
    at _write (node:internal/streams/writable:501:10)
    at Writable.write (node:internal/streams/writable:510:10)
    at Console.log (/Users/tcjr/Library/pnpm/global/5/.pnpm/winston@3.11.0/node_modules/winston/lib/winston/transports/console.js:79:23)
    at Console._write (/Users/tcjr/Library/pnpm/global/5/.pnpm/winston-transport@4.6.0/node_modules/winston-transport/index.js:103:17)
    at doWrite (/Users/tcjr/Library/pnpm/global/5/.pnpm/readable-stream@3.6.2/node_modules/readable-stream/lib/_stream_writable.js:390:139)
[error] 
[error] Error: An unexpected error has occurred.
[debug] [2026-02-22T03:22:36.459Z] Error: write EPIPE
    at afterWriteDispatched (node:internal/stream_base_commons:159:15)
    at writeGeneric (node:internal/stream_base_commons:150:3)
    at Socket._writeGeneric (node:net:966:11)
    at Socket._write (node:net:978:8)
    at writeOrBuffer (node:internal/streams/writable:572:12)
    at _write (node:internal/streams/writable:501:10)
    at Writable.write (node:internal/streams/writable:510:10)
    at Console.log (/Users/tcjr/Library/pnpm/global/5/.pnpm/winston@3.11.0/node_modules/winston/lib/winston/transports/console.js:79:23)
    at Console._write (/Users/tcjr/Library/pnpm/global/5/.pnpm/winston-transport@4.6.0/node_modules/winston-transport/index.js:103:17)
    at doWrite (/Users/tcjr/Library/pnpm/global/5/.pnpm/readable-stream@3.6.2/node_modules/readable-stream/lib/_stream_writable.js:390:139)
[error] 
[error] Error: An unexpected error has occurred.
[debug] [2026-02-22T03:22:36.459Z] Error: write EPIPE
    at afterWriteDispatched (node:internal/stream_base_commons:159:15)
    at writeGeneric (node:internal/stream_base_commons:150:3)
    at Socket._writeGeneric (node:net:966:11)
    at Socket._write (node:net:978:8)
    at writeOrBuffer (node:internal/streams/writable:572:12)
    at _write (node:internal/streams/writable:501:10)
    at Writable.write (node:internal/streams/writable:510:10)
    at Console.log (/Users/tcjr/Library/pnpm/global/5/.pnpm/winston@3.11.0/node_modules/winston/lib/winston/transports/console.js:79:23)
    at Console._write (/Users/tcjr/Library/pnpm/global/5/.pnpm/winston-transport@4.6.0/node_modules/winston-transport/index.js:103:17)
    at doWrite (/Users/tcjr/Library/pnpm/global/5/.pnpm/readable-stream@3.6.2/node_modules/readable-stream/lib/_stream_writable.js:390:139)
[error] 
[error] Error: An unexpected error has occurred.
[debug] [2026-02-22T03:22:36.459Z] Error: write EPIPE
    at afterWriteDispatched (node:internal/stream_base_commons:159:15)
    at writeGeneric (node:internal/stream_base_commons:150:3)
    at Socket._writeGeneric (node:net:966:11)
    at Socket._write (node:net:978:8)
    at writeOrBuffer (node:internal/streams/writable:572:12)
    at _write (node:internal/streams/writable:501:10)
    at Writable.write (node:internal/streams/writable:510:10)
    at Console.log (/Users/tcjr/Library/pnpm/global/5/.pnpm/winston@3.11.0/node_modules/winston/lib/winston/transports/console.js:79:23)
    at Console._write (/Users/tcjr/Library/pnpm/global/5/.pnpm/winston-transport@4.6.0/node_modules/winston-transport/index.js:103:17)
    at doWrite (/Users/tcjr/Library/pnpm/global/5/.pnpm/readable-stream@3.6.2/node_modules/readable-stream/lib/_stream_writable.js:390:139)
[error] 
[error] Error: An unexpected error has occurred.
[debug] [2026-02-22T03:22:36.459Z] Error: write EPIPE
    at afterWriteDispatched (node:internal/stream_base_commons:159:15)
    at writeGeneric (node:internal/stream_base_commons:150:3)
    at Socket._writeGeneric (node:net:966:11)
    at Socket._write (node:net:978:8)
    at writeOrBuffer (node:internal/streams/writable:572:12)
    at _write (node:internal/streams/writable:501:10)
    at Writable.write (node:internal/streams/writable:510:10)
    at Console.log (/Users/tcjr/Library/pnpm/global/5/.pnpm/winston@3.11.0/node_modules/winston/lib/winston/transports/console.js:79:23)
    at Console._write (/Users/tcjr/Library/pnpm/global/5/.pnpm/winston-transport@4.6.0/node_modules/winston-transport/index.js:103:17)
    at doWrite (/Users/tcjr/Library/pnpm/global/5/.pnpm/readable-stream@3.6.2/node_modules/readable-stream/lib/_stream_writable.js:390:139)
[error] 
[error] Error: An unexpected error has occurred.
[debug] [2026-02-22T03:22:36.460Z] Error: write EPIPE
    at afterWriteDispatched (node:internal/stream_base_commons:159:15)
    at writeGeneric (node:internal/stream_base_commons:150:3)
    at Socket._writeGeneric (node:net:966:11)
    at Socket._write (node:net:978:8)
    at writeOrBuffer (node:internal/streams/writable:572:12)
    at _write (node:internal/streams/writable:501:10)
    at Writable.write (node:internal/streams/writable:510:10)
    at Console.log (/Users/tcjr/Library/pnpm/global/5/.pnpm/winston@3.11.0/node_modules/winston/lib/winston/transports/console.js:79:23)
    at Console._write (/Users/tcjr/Library/pnpm/global/5/.pnpm/winston-transport@4.6.0/node_modules/winston-transport/index.js:103:17)
    at doWrite (/Users/tcjr/Library/pnpm/global/5/.pnpm/readable-stream@3.6.2/node_modules/readable-stream/lib/_stream_writable.js:390:139)
[error] 
[error] Error: An unexpected error has occurred.
[debug] [2026-02-22T03:22:36.460Z] Error: write EPIPE
    at afterWriteDispatched (node:internal/stream_base_commons:159:15)
    at writeGeneric (node:internal/stream_base_commons:150:3)
    at Socket._writeGeneric (node:net:966:11)
    at Socket._write (node:net:978:8)
    at writeOrBuffer (node:internal/streams/writable:572:12)
    at _write (node:internal/streams/writable:501:10)
    at Writable.write (node:internal/streams/writable:510:10)
    at Console.log (/Users/tcjr/Library/pnpm/global/5/.pnpm/winston@3.11.0/node_modules/winston/lib/winston/transports/console.js:79:23)
    at Console._write (/Users/tcjr/Library/pnpm/global/5/.pnpm/winston-transport@4.6.0/node_modules/winston-transport/index.js:103:17)
    at doWrite (/Users/tcjr/Library/pnpm/global/5/.pnpm/readable-stream@3.6.2/node_modules/readable-stream/lib/_stream_writable.js:390:139)
[error] 
[error] Error: An unexpected error has occurred.
[debug] [2026-02-22T03:22:36.460Z] Error: write EPIPE
    at afterWriteDispatched (node:internal/stream_base_commons:159:15)
    at writeGeneric (node:internal/stream_base_commons:150:3)
    at Socket._writeGeneric (node:net:966:11)
    at Socket._write (node:net:978:8)
    at writeOrBuffer (node:internal/streams/writable:572:12)
    at _write (node:internal/streams/writable:501:10)
    at Writable.write (node:internal/streams/writable:510:10)
    at Console.log (/Users/tcjr/Library/pnpm/global/5/.pnpm/winston@3.11.0/node_modules/winston/lib/winston/transports/console.js:79:23)
    at Console._write (/Users/tcjr/Library/pnpm/global/5/.pnpm/winston-transport@4.6.0/node_modules/winston-transport/index.js:103:17)
    at doWrite (/Users/tcjr/Library/pnpm/global/5/.pnpm/readable-stream@3.6.2/node_modules/readable-stream/lib/_stream_writable.js:390:139)
[error] 
[error] Error: An unexpected error has occurred.
[debug] [2026-02-22T03:22:36.460Z] Error: write EPIPE
    at afterWriteDispatched (node:internal/stream_base_commons:159:15)
    at writeGeneric (node:internal/stream_base_commons:150:3)
    at Socket._writeGeneric (node:net:966:11)
    at Socket._write (node:net:978:8)
    at writeOrBuffer (node:internal/streams/writable:572:12)
    at _write (node:internal/streams/writable:501:10)
    at Writable.write (node:internal/streams/writable:510:10)
    at Console.log (/Users/tcjr/Library/pnpm/global/5/.pnpm/winston@3.11.0/node_modules/winston/lib/winston/transports/console.js:79:23)
    at Console._write (/Users/tcjr/Library/pnpm/global/5/.pnpm/winston-transport@4.6.0/node_modules/winston-transport/index.js:103:17)
    at doWrite (/Users/tcjr/Library/pnpm/global/5/.pnpm/readable-stream@3.6.2/node_modules/readable-stream/lib/_stream_writable.js:390:139)
[error] 
[error] Error: An unexpected error has occurred.
[debug] [2026-02-22T03:22:36.460Z] Error: write EPIPE
    at afterWriteDispatched (node:internal/stream_base_commons:159:15)
    at writeGeneric (node:internal/stream_base_commons:150:3)
    at Socket._writeGeneric (node:net:966:11)
    at Socket._write (node:net:978:8)
    at writeOrBuffer (node:internal/streams/writable:572:12)
    at _write (node:internal/streams/writable:501:10)
    at Writable.write (node:internal/streams/writable:510:10)
    at Console.log (/Users/tcjr/Library/pnpm/global/5/.pnpm/winston@3.11.0/node_modules/winston/lib/winston/transports/console.js:79:23)
    at Console._write (/Users/tcjr/Library/pnpm/global/5/.pnpm/winston-transport@4.6.0/node_modules/winston-transport/index.js:103:17)
    at doWrite (/Users/tcjr/Library/pnpm/global/5/.pnpm/readable-stream@3.6.2/node_modules/readable-stream/lib/_stream_writable.js:390:139)
[error] 
[error] Error: An unexpected error has occurred.
[debug] [2026-02-22T03:22:36.460Z] Error: write EPIPE
    at afterWriteDispatched (node:internal/stream_base_commons:159:15)
    at writeGeneric (node:internal/stream_base_commons:150:3)
    at Socket._writeGeneric (node:net:966:11)
    at Socket._write (node:net:978:8)
    at writeOrBuffer (node:internal/streams/writable:572:12)
    at _write (node:internal/streams/writable:501:10)
    at Writable.write (node:internal/streams/writable:510:10)
    at Console.log (/Users/tcjr/Library/pnpm/global/5/.pnpm/winston@3.11.0/node_modules/winston/lib/winston/transports/console.js:79:23)
    at Console._write (/Users/tcjr/Library/pnpm/global/5/.pnpm/winston-transport@4.6.0/node_modules/winston-transport/index.js:103:17)
    at doWrite (/Users/tcjr/Library/pnpm/global/5/.pnpm/readable-stream@3.6.2/node_modules/readable-stream/lib/_stream_writable.js:390:139)
[error] 
[error] Error: An unexpected error has occurred.
[debug] [2026-02-22T03:22:36.460Z] Error: write EPIPE
    at afterWriteDispatched (node:internal/stream_base_commons:159:15)
    at writeGeneric (node:internal/stream_base_commons:150:3)
    at Socket._writeGeneric (node:net:966:11)
    at Socket._write (node:net:978:8)
    at writeOrBuffer (node:internal/streams/writable:572:12)
    at _write (node:internal/streams/writable:501:10)
    at Writable.write (node:internal/streams/writable:510:10)
    at Console.log (/Users/tcjr/Library/pnpm/global/5/.pnpm/winston@3.11.0/node_modules/winston/lib/winston/transports/console.js:79:23)
    at Console._write (/Users/tcjr/Library/pnpm/global/5/.pnpm/winston-transport@4.6.0/node_modules/winston-transport/index.js:103:17)
    at doWrite (/Users/tcjr/Library/pnpm/global/5/.pnpm/readable-stream@3.6.2/node_modules/readable-stream/lib/_stream_writable.js:390:139)
[error] 
[error] Error: An unexpected error has occurred.
[debug] [2026-02-22T03:22:36.461Z] Error: write EPIPE
    at afterWriteDispatched (node:internal/stream_base_commons:159:15)
    at writeGeneric (node:internal/stream_base_commons:150:3)
    at Socket._writeGeneric (node:net:966:11)
    at Socket._write (node:net:978:8)
    at writeOrBuffer (node:internal/streams/writable:572:12)
    at _write (node:internal/streams/writable:501:10)
    at Writable.write (node:internal/streams/writable:510:10)
    at Console.log (/Users/tcjr/Library/pnpm/global/5/.pnpm/winston@3.11.0/node_modules/winston/lib/winston/transports/console.js:79:23)
    at Console._write (/Users/tcjr/Library/pnpm/global/5/.pnpm/winston-transport@4.6.0/node_modules/winston-transport/index.js:103:17)
    at doWrite (/Users/tcjr/Library/pnpm/global/5/.pnpm/readable-stream@3.6.2/node_modules/readable-stream/lib/_stream_writable.js:390:139)
[error] 
[error] Error: An unexpected error has occurred.
[debug] [2026-02-22T03:22:36.461Z] Error: write EPIPE
    at afterWriteDispatched (node:internal/stream_base_commons:159:15)
    at writeGeneric (node:internal/stream_base_commons:150:3)
    at Socket._writeGeneric (node:net:966:11)
    at Socket._write (node:net:978:8)
    at writeOrBuffer (node:internal/streams/writable:572:12)
    at _write (node:internal/streams/writable:501:10)
    at Writable.write (node:internal/streams/writable:510:10)
    at Console.log (/Users/tcjr/Library/pnpm/global/5/.pnpm/winston@3.11.0/node_modules/winston/lib/winston/transports/console.js:79:23)
    at Console._write (/Users/tcjr/Library/pnpm/global/5/.pnpm/winston-transport@4.6.0/node_modules/winston-transport/index.js:103:17)
    at doWrite (/Users/tcjr/Library/pnpm/global/5/.pnpm/readable-stream@3.6.2/node_modules/readable-stream/lib/_stream_writable.js:390:139)
[error] 
[error] Error: An unexpected error has occurred.
[debug] [2026-02-22T03:22:36.461Z] Error: write EPIPE
    at afterWriteDispatched (node:internal/stream_base_commons:159:15)
    at writeGeneric (node:internal/stream_base_commons:150:3)
    at Socket._writeGeneric (node:net:966:11)
    at Socket._write (node:net:978:8)
    at writeOrBuffer (node:internal/streams/writable:572:12)
    at _write (node:internal/streams/writable:501:10)
    at Writable.write (node:internal/streams/writable:510:10)
    at Console.log (/Users/tcjr/Library/pnpm/global/5/.pnpm/winston@3.11.0/node_modules/winston/lib/winston/transports/console.js:79:23)
    at Console._write (/Users/tcjr/Library/pnpm/global/5/.pnpm/winston-transport@4.6.0/node_modules/winston-transport/index.js:103:17)
    at doWrite (/Users/tcjr/Library/pnpm/global/5/.pnpm/readable-stream@3.6.2/node_modules/readable-stream/lib/_stream_writable.js:390:139)
[error] 
[error] Error: An unexpected error has occurred.
[debug] [2026-02-22T03:22:36.461Z] Error: write EPIPE
    at afterWriteDispatched (node:internal/stream_base_commons:159:15)
    at writeGeneric (node:internal/stream_base_commons:150:3)
    at Socket._writeGeneric (node:net:966:11)
    at Socket._write (node:net:978:8)
    at writeOrBuffer (node:internal/streams/writable:572:12)
    at _write (node:internal/streams/writable:501:10)
    at Writable.write (node:internal/streams/writable:510:10)
    at Console.log (/Users/tcjr/Library/pnpm/global/5/.pnpm/winston@3.11.0/node_modules/winston/lib/winston/transports/console.js:79:23)
    at Console._write (/Users/tcjr/Library/pnpm/global/5/.pnpm/winston-transport@4.6.0/node_modules/winston-transport/index.js:103:17)
    at doWrite (/Users/tcjr/Library/pnpm/global/5/.pnpm/readable-stream@3.6.2/node_modules/readable-stream/lib/_stream_writable.js:390:139)
[error] 
[error] Error: An unexpected error has occurred.
[debug] [2026-02-22T03:22:36.461Z] Error: write EPIPE
    at afterWriteDispatched (node:internal/stream_base_commons:159:15)
    at writeGeneric (node:internal/stream_base_commons:150:3)
    at Socket._writeGeneric (node:net:966:11)
    at Socket._write (node:net:978:8)
    at writeOrBuffer (node:internal/streams/writable:572:12)
    at _write (node:internal/streams/writable:501:10)
    at Writable.write (node:internal/streams/writable:510:10)
    at Console.log (/Users/tcjr/Library/pnpm/global/5/.pnpm/winston@3.11.0/node_modules/winston/lib/winston/transports/console.js:79:23)
    at Console._write (/Users/tcjr/Library/pnpm/global/5/.pnpm/winston-transport@4.6.0/node_modules/winston-transport/index.js:103:17)
    at doWrite (/Users/tcjr/Library/pnpm/global/5/.pnpm/readable-stream@3.6.2/node_modules/readable-stream/lib/_stream_writable.js:390:139)
[error] 
[error] Error: An unexpected error has occurred.
[debug] [2026-02-22T03:22:36.461Z] Error: write EPIPE
    at afterWriteDispatched (node:internal/stream_base_commons:159:15)
    at writeGeneric (node:internal/stream_base_commons:150:3)
    at Socket._writeGeneric (node:net:966:11)
    at Socket._write (node:net:978:8)
    at writeOrBuffer (node:internal/streams/writable:572:12)
    at _write (node:internal/streams/writable:501:10)
    at Writable.write (node:internal/streams/writable:510:10)
    at Console.log (/Users/tcjr/Library/pnpm/global/5/.pnpm/winston@3.11.0/node_modules/winston/lib/winston/transports/console.js:79:23)
    at Console._write (/Users/tcjr/Library/pnpm/global/5/.pnpm/winston-transport@4.6.0/node_modules/winston-transport/index.js:103:17)
    at doWrite (/Users/tcjr/Library/pnpm/global/5/.pnpm/readable-stream@3.6.2/node_modules/readable-stream/lib/_stream_writable.js:390:139)
[error] 
[error] Error: An unexpected error has occurred.
[debug] [2026-02-22T03:22:36.461Z] Error: write EPIPE
    at afterWriteDispatched (node:internal/stream_base_commons:159:15)
    at writeGeneric (node:internal/stream_base_commons:150:3)
    at Socket._writeGeneric (node:net:966:11)
    at Socket._write (node:net:978:8)
    at writeOrBuffer (node:internal/streams/writable:572:12)
    at _write (node:internal/streams/writable:501:10)
    at Writable.write (node:internal/streams/writable:510:10)
    at Console.log (/Users/tcjr/Library/pnpm/global/5/.pnpm/winston@3.11.0/node_modules/winston/lib/winston/transports/console.js:79:23)
    at Console._write (/Users/tcjr/Library/pnpm/global/5/.pnpm/winston-transport@4.6.0/node_modules/winston-transport/index.js:103:17)
    at doWrite (/Users/tcjr/Library/pnpm/global/5/.pnpm/readable-stream@3.6.2/node_modules/readable-stream/lib/_stream_writable.js:390:139)
[error] 
[error] Error: An unexpected error has occurred.
[debug] [2026-02-22T03:22:36.461Z] Error: write EPIPE
    at afterWriteDispatched (node:internal/stream_base_commons:159:15)
    at writeGeneric (node:internal/stream_base_commons:150:3)
    at Socket._writeGeneric (node:net:966:11)
    at Socket._write (node:net:978:8)
    at writeOrBuffer (node:internal/streams/writable:572:12)
    at _write (node:internal/streams/writable:501:10)
    at Writable.write (node:internal/streams/writable:510:10)
    at Console.log (/Users/tcjr/Library/pnpm/global/5/.pnpm/winston@3.11.0/node_modules/winston/lib/winston/transports/console.js:79:23)
    at Console._write (/Users/tcjr/Library/pnpm/global/5/.pnpm/winston-transport@4.6.0/node_modules/winston-transport/index.js:103:17)
    at doWrite (/Users/tcjr/Library/pnpm/global/5/.pnpm/readable-stream@3.6.2/node_modules/readable-stream/lib/_stream_writable.js:390:139)
[error] 
[error] Error: An unexpected error has occurred.
[debug] [2026-02-22T03:22:36.462Z] Error: write EPIPE
    at afterWriteDispatched (node:internal/stream_base_commons:159:15)
    at writeGeneric (node:internal/stream_base_commons:150:3)
    at Socket._writeGeneric (node:net:966:11)
    at Socket._write (node:net:978:8)
    at writeOrBuffer (node:internal/streams/writable:572:12)
    at _write (node:internal/streams/writable:501:10)
    at Writable.write (node:internal/streams/writable:510:10)
    at Console.log (/Users/tcjr/Library/pnpm/global/5/.pnpm/winston@3.11.0/node_modules/winston/lib/winston/transports/console.js:79:23)
    at Console._write (/Users/tcjr/Library/pnpm/global/5/.pnpm/winston-transport@4.6.0/node_modules/winston-transport/index.js:103:17)
    at doWrite (/Users/tcjr/Library/pnpm/global/5/.pnpm/readable-stream@3.6.2/node_modules/readable-stream/lib/_stream_writable.js:390:139)
[error] 
[error] Error: An unexpected error has occurred.
[debug] [2026-02-22T03:22:36.462Z] Error: write EPIPE
    at afterWriteDispatched (node:internal/stream_base_commons:159:15)
    at writeGeneric (node:internal/stream_base_commons:150:3)
    at Socket._writeGeneric (node:net:966:11)
    at Socket._write (node:net:978:8)
    at writeOrBuffer (node:internal/streams/writable:572:12)
    at _write (node:internal/streams/writable:501:10)
    at Writable.write (node:internal/streams/writable:510:10)
    at Console.log (/Users/tcjr/Library/pnpm/global/5/.pnpm/winston@3.11.0/node_modules/winston/lib/winston/transports/console.js:79:23)
    at Console._write (/Users/tcjr/Library/pnpm/global/5/.pnpm/winston-transport@4.6.0/node_modules/winston-transport/index.js:103:17)
    at doWrite (/Users/tcjr/Library/pnpm/global/5/.pnpm/readable-stream@3.6.2/node_modules/readable-stream/lib/_stream_writable.js:390:139)
[error] 
[error] Error: An unexpected error has occurred.
[debug] [2026-02-22T03:22:36.462Z] Error: write EPIPE
    at afterWriteDispatched (node:internal/stream_base_commons:159:15)
    at writeGeneric (node:internal/stream_base_commons:150:3)
    at Socket._writeGeneric (node:net:966:11)
    at Socket._write (node:net:978:8)
    at writeOrBuffer (node:internal/streams/writable:572:12)
    at _write (node:internal/streams/writable:501:10)
    at Writable.write (node:internal/streams/writable:510:10)
    at Console.log (/Users/tcjr/Library/pnpm/global/5/.pnpm/winston@3.11.0/node_modules/winston/lib/winston/transports/console.js:79:23)
    at Console._write (/Users/tcjr/Library/pnpm/global/5/.pnpm/winston-transport@4.6.0/node_modules/winston-transport/index.js:103:17)
    at doWrite (/Users/tcjr/Library/pnpm/global/5/.pnpm/readable-stream@3.6.2/node_modules/readable-stream/lib/_stream_writable.js:390:139)
[error] 
[error] Error: An unexpected error has occurred.
[debug] [2026-02-22T03:22:36.462Z] Error: write EPIPE
    at afterWriteDispatched (node:internal/stream_base_commons:159:15)
    at writeGeneric (node:internal/stream_base_commons:150:3)
    at Socket._writeGeneric (node:net:966:11)
    at Socket._write (node:net:978:8)
    at writeOrBuffer (node:internal/streams/writable:572:12)
    at _write (node:internal/streams/writable:501:10)
    at Writable.write (node:internal/streams/writable:510:10)
    at Console.log (/Users/tcjr/Library/pnpm/global/5/.pnpm/winston@3.11.0/node_modules/winston/lib/winston/transports/console.js:79:23)
    at Console._write (/Users/tcjr/Library/pnpm/global/5/.pnpm/winston-transport@4.6.0/node_modules/winston-transport/index.js:103:17)
    at doWrite (/Users/tcjr/Library/pnpm/global/5/.pnpm/readable-stream@3.6.2/node_modules/readable-stream/lib/_stream_writable.js:390:139)
[error] 
[error] Error: An unexpected error has occurred.
[debug] [2026-02-22T03:22:36.462Z] Error: write EPIPE
    at afterWriteDispatched (node:internal/stream_base_commons:159:15)
    at writeGeneric (node:internal/stream_base_commons:150:3)
    at Socket._writeGeneric (node:net:966:11)
    at Socket._write (node:net:978:8)
    at writeOrBuffer (node:internal/streams/writable:572:12)
    at _write (node:internal/streams/writable:501:10)
    at Writable.write (node:internal/streams/writable:510:10)
    at Console.log (/Users/tcjr/Library/pnpm/global/5/.pnpm/winston@3.11.0/node_modules/winston/lib/winston/transports/console.js:79:23)
    at Console._write (/Users/tcjr/Library/pnpm/global/5/.pnpm/winston-transport@4.6.0/node_modules/winston-transport/index.js:103:17)
    at doWrite (/Users/tcjr/Library/pnpm/global/5/.pnpm/readable-stream@3.6.2/node_modules/readable-stream/lib/_stream_writable.js:390:139)
[error] 
[error] Error: An unexpected error has occurred.
[debug] [2026-02-22T03:22:36.462Z] Error: write EPIPE
    at afterWriteDispatched (node:internal/stream_base_commons:159:15)
    at writeGeneric (node:internal/stream_base_commons:150:3)
    at Socket._writeGeneric (node:net:966:11)
    at Socket._write (node:net:978:8)
    at writeOrBuffer (node:internal/streams/writable:572:12)
    at _write (node:internal/streams/writable:501:10)
    at Writable.write (node:internal/streams/writable:510:10)
    at Console.log (/Users/tcjr/Library/pnpm/global/5/.pnpm/winston@3.11.0/node_modules/winston/lib/winston/transports/console.js:79:23)
    at Console._write (/Users/tcjr/Library/pnpm/global/5/.pnpm/winston-transport@4.6.0/node_modules/winston-transport/index.js:103:17)
    at doWrite (/Users/tcjr/Library/pnpm/global/5/.pnpm/readable-stream@3.6.2/node_modules/readable-stream/lib/_stream_writable.js:390:139)
[error] 
[error] Error: An unexpected error has occurred.
[debug] [2026-02-22T03:22:36.462Z] Error: write EPIPE
    at afterWriteDispatched (node:internal/stream_base_commons:159:15)
    at writeGeneric (node:internal/stream_base_commons:150:3)
    at Socket._writeGeneric (node:net:966:11)
    at Socket._write (node:net:978:8)
    at writeOrBuffer (node:internal/streams/writable:572:12)
    at _write (node:internal/streams/writable:501:10)
    at Writable.write (node:internal/streams/writable:510:10)
    at Console.log (/Users/tcjr/Library/pnpm/global/5/.pnpm/winston@3.11.0/node_modules/winston/lib/winston/transports/console.js:79:23)
    at Console._write (/Users/tcjr/Library/pnpm/global/5/.pnpm/winston-transport@4.6.0/node_modules/winston-transport/index.js:103:17)
    at doWrite (/Users/tcjr/Library/pnpm/global/5/.pnpm/readable-stream@3.6.2/node_modules/readable-stream/lib/_stream_writable.js:390:139)
[error] 
[error] Error: An unexpected error has occurred.
[debug] [2026-02-22T03:22:36.462Z] Error: write EPIPE
    at afterWriteDispatched (node:internal/stream_base_commons:159:15)
    at writeGeneric (node:internal/stream_base_commons:150:3)
    at Socket._writeGeneric (node:net:966:11)
    at Socket._write (node:net:978:8)
    at writeOrBuffer (node:internal/streams/writable:572:12)
    at _write (node:internal/streams/writable:501:10)
    at Writable.write (node:internal/streams/writable:510:10)
    at Console.log (/Users/tcjr/Library/pnpm/global/5/.pnpm/winston@3.11.0/node_modules/winston/lib/winston/transports/console.js:79:23)
    at Console._write (/Users/tcjr/Library/pnpm/global/5/.pnpm/winston-transport@4.6.0/node_modules/winston-transport/index.js:103:17)
    at doWrite (/Users/tcjr/Library/pnpm/global/5/.pnpm/readable-stream@3.6.2/node_modules/readable-stream/lib/_stream_writable.js:390:139)
[error] 
[error] Error: An unexpected error has occurred.
[debug] [2026-02-22T03:22:36.463Z] Error: write EPIPE
    at afterWriteDispatched (node:internal/stream_base_commons:159:15)
    at writeGeneric (node:internal/stream_base_commons:150:3)
    at Socket._writeGeneric (node:net:966:11)
    at Socket._write (node:net:978:8)
    at writeOrBuffer (node:internal/streams/writable:572:12)
    at _write (node:internal/streams/writable:501:10)
    at Writable.write (node:internal/streams/writable:510:10)
    at Console.log (/Users/tcjr/Library/pnpm/global/5/.pnpm/winston@3.11.0/node_modules/winston/lib/winston/transports/console.js:79:23)
    at Console._write (/Users/tcjr/Library/pnpm/global/5/.pnpm/winston-transport@4.6.0/node_modules/winston-transport/index.js:103:17)
    at doWrite (/Users/tcjr/Library/pnpm/global/5/.pnpm/readable-stream@3.6.2/node_modules/readable-stream/lib/_stream_writable.js:390:139)
[error] 
[error] Error: An unexpected error has occurred.
[debug] [2026-02-22T03:22:36.463Z] Error: write EPIPE
    at afterWriteDispatched (node:internal/stream_base_commons:159:15)
    at writeGeneric (node:internal/stream_base_commons:150:3)
    at Socket._writeGeneric (node:net:966:11)
    at Socket._write (node:net:978:8)
    at writeOrBuffer (node:internal/streams/writable:572:12)
    at _write (node:internal/streams/writable:501:10)
    at Writable.write (node:internal/streams/writable:510:10)
    at Console.log (/Users/tcjr/Library/pnpm/global/5/.pnpm/winston@3.11.0/node_modules/winston/lib/winston/transports/console.js:79:23)
    at Console._write (/Users/tcjr/Library/pnpm/global/5/.pnpm/winston-transport@4.6.0/node_modules/winston-transport/index.js:103:17)
    at doWrite (/Users/tcjr/Library/pnpm/global/5/.pnpm/readable-stream@3.6.2/node_modules/readable-stream/lib/_stream_writable.js:390:139)
[error] 
[error] Error: An unexpected error has occurred.
[debug] [2026-02-22T03:22:36.463Z] Error: write EPIPE
    at afterWriteDispatched (node:internal/stream_base_commons:159:15)
    at writeGeneric (node:internal/stream_base_commons:150:3)
    at Socket._writeGeneric (node:net:966:11)
    at Socket._write (node:net:978:8)
    at writeOrBuffer (node:internal/streams/writable:572:12)
    at _write (node:internal/streams/writable:501:10)
    at Writable.write (node:internal/streams/writable:510:10)
    at Console.log (/Users/tcjr/Library/pnpm/global/5/.pnpm/winston@3.11.0/node_modules/winston/lib/winston/transports/console.js:79:23)
    at Console._write (/Users/tcjr/Library/pnpm/global/5/.pnpm/winston-transport@4.6.0/node_modules/winston-transport/index.js:103:17)
    at doWrite (/Users/tcjr/Library/pnpm/global/5/.pnpm/readable-stream@3.6.2/node_modules/readable-stream/lib/_stream_writable.js:390:139)
[error] 
[error] Error: An unexpected error has occurred.
[debug] [2026-02-22T03:22:36.463Z] Error: write EPIPE
    at afterWriteDispatched (node:internal/stream_base_commons:159:15)
    at writeGeneric (node:internal/stream_base_commons:150:3)
    at Socket._writeGeneric (node:net:966:11)
    at Socket._write (node:net:978:8)
    at writeOrBuffer (node:internal/streams/writable:572:12)
    at _write (node:internal/streams/writable:501:10)
    at Writable.write (node:internal/streams/writable:510:10)
    at Console.log (/Users/tcjr/Library/pnpm/global/5/.pnpm/winston@3.11.0/node_modules/winston/lib/winston/transports/console.js:79:23)
    at Console._write (/Users/tcjr/Library/pnpm/global/5/.pnpm/winston-transport@4.6.0/node_modules/winston-transport/index.js:103:17)
    at doWrite (/Users/tcjr/Library/pnpm/global/5/.pnpm/readable-stream@3.6.2/node_modules/readable-stream/lib/_stream_writable.js:390:139)
[error] 
[error] Error: An unexpected error has occurred.
[debug] [2026-02-22T03:22:36.463Z] Error: write EPIPE
    at afterWriteDispatched (node:internal/stream_base_commons:159:15)
    at writeGeneric (node:internal/stream_base_commons:150:3)
    at Socket._writeGeneric (node:net:966:11)
    at Socket._write (node:net:978:8)
    at writeOrBuffer (node:internal/streams/writable:572:12)
    at _write (node:internal/streams/writable:501:10)
    at Writable.write (node:internal/streams/writable:510:10)
    at Console.log (/Users/tcjr/Library/pnpm/global/5/.pnpm/winston@3.11.0/node_modules/winston/lib/winston/transports/console.js:79:23)
    at Console._write (/Users/tcjr/Library/pnpm/global/5/.pnpm/winston-transport@4.6.0/node_modules/winston-transport/index.js:103:17)
    at doWrite (/Users/tcjr/Library/pnpm/global/5/.pnpm/readable-stream@3.6.2/node_modules/readable-stream/lib/_stream_writable.js:390:139)
[error] 
[error] Error: An unexpected error has occurred.
[debug] [2026-02-22T03:22:36.463Z] Error: write EPIPE
    at afterWriteDispatched (node:internal/stream_base_commons:159:15)
    at writeGeneric (node:internal/stream_base_commons:150:3)
    at Socket._writeGeneric (node:net:966:11)
    at Socket._write (node:net:978:8)
    at writeOrBuffer (node:internal/streams/writable:572:12)
    at _write (node:internal/streams/writable:501:10)
    at Writable.write (node:internal/streams/writable:510:10)
    at Console.log (/Users/tcjr/Library/pnpm/global/5/.pnpm/winston@3.11.0/node_modules/winston/lib/winston/transports/console.js:79:23)
    at Console._write (/Users/tcjr/Library/pnpm/global/5/.pnpm/winston-transport@4.6.0/node_modules/winston-transport/index.js:103:17)
    at doWrite (/Users/tcjr/Library/pnpm/global/5/.pnpm/readable-stream@3.6.2/node_modules/readable-stream/lib/_stream_writable.js:390:139)
[error] 
[error] Error: An unexpected error has occurred.
[debug] [2026-02-22T03:22:36.464Z] Error: write EPIPE
    at afterWriteDispatched (node:internal/stream_base_commons:159:15)
    at writeGeneric (node:internal/stream_base_commons:150:3)
    at Socket._writeGeneric (node:net:966:11)
    at Socket._write (node:net:978:8)
    at writeOrBuffer (node:internal/streams/writable:572:12)
    at _write (node:internal/streams/writable:501:10)
    at Writable.write (node:internal/streams/writable:510:10)
    at Console.log (/Users/tcjr/Library/pnpm/global/5/.pnpm/winston@3.11.0/node_modules/winston/lib/winston/transports/console.js:79:23)
    at Console._write (/Users/tcjr/Library/pnpm/global/5/.pnpm/winston-transport@4.6.0/node_modules/winston-transport/index.js:103:17)
    at doWrite (/Users/tcjr/Library/pnpm/global/5/.pnpm/readable-stream@3.6.2/node_modules/readable-stream/lib/_stream_writable.js:390:139)
[error] 
[error] Error: An unexpected error has occurred.
[debug] [2026-02-22T03:22:36.464Z] Error: write EPIPE
    at afterWriteDispatched (node:internal/stream_base_commons:159:15)
    at writeGeneric (node:internal/stream_base_commons:150:3)
    at Socket._writeGeneric (node:net:966:11)
    at Socket._write (node:net:978:8)
    at writeOrBuffer (node:internal/streams/writable:572:12)
    at _write (node:internal/streams/writable:501:10)
    at Writable.write (node:internal/streams/writable:510:10)
    at Console.log (/Users/tcjr/Library/pnpm/global/5/.pnpm/winston@3.11.0/node_modules/winston/lib/winston/transports/console.js:79:23)
    at Console._write (/Users/tcjr/Library/pnpm/global/5/.pnpm/winston-transport@4.6.0/node_modules/winston-transport/index.js:103:17)
    at doWrite (/Users/tcjr/Library/pnpm/global/5/.pnpm/readable-stream@3.6.2/node_modules/readable-stream/lib/_stream_writable.js:390:139)
[error] 
[error] Error: An unexpected error has occurred.
[debug] [2026-02-22T03:22:36.465Z] Error: write EPIPE
    at afterWriteDispatched (node:internal/stream_base_commons:159:15)
    at writeGeneric (node:internal/stream_base_commons:150:3)
    at Socket._writeGeneric (node:net:966:11)
    at Socket._write (node:net:978:8)
    at writeOrBuffer (node:internal/streams/writable:572:12)
    at _write (node:internal/streams/writable:501:10)
    at Writable.write (node:internal/streams/writable:510:10)
    at Console.log (/Users/tcjr/Library/pnpm/global/5/.pnpm/winston@3.11.0/node_modules/winston/lib/winston/transports/console.js:79:23)
    at Console._write (/Users/tcjr/Library/pnpm/global/5/.pnpm/winston-transport@4.6.0/node_modules/winston-transport/index.js:103:17)
    at doWrite (/Users/tcjr/Library/pnpm/global/5/.pnpm/readable-stream@3.6.2/node_modules/readable-stream/lib/_stream_writable.js:390:139)
[error] 
[error] Error: An unexpected error has occurred.
[debug] [2026-02-22T03:22:36.465Z] Error: write EPIPE
    at afterWriteDispatched (node:internal/stream_base_commons:159:15)
    at writeGeneric (node:internal/stream_base_commons:150:3)
    at Socket._writeGeneric (node:net:966:11)
    at Socket._write (node:net:978:8)
    at writeOrBuffer (node:internal/streams/writable:572:12)
    at _write (node:internal/streams/writable:501:10)
    at Writable.write (node:internal/streams/writable:510:10)
    at Console.log (/Users/tcjr/Library/pnpm/global/5/.pnpm/winston@3.11.0/node_modules/winston/lib/winston/transports/console.js:79:23)
    at Console._write (/Users/tcjr/Library/pnpm/global/5/.pnpm/winston-transport@4.6.0/node_modules/winston-transport/index.js:103:17)
    at doWrite (/Users/tcjr/Library/pnpm/global/5/.pnpm/readable-stream@3.6.2/node_modules/readable-stream/lib/_stream_writable.js:390:139)
[error] 
[error] Error: An unexpected error has occurred.
[debug] [2026-02-22T03:22:36.465Z] Error: write EPIPE
    at afterWriteDispatched (node:internal/stream_base_commons:159:15)
    at writeGeneric (node:internal/stream_base_commons:150:3)
    at Socket._writeGeneric (node:net:966:11)
    at Socket._write (node:net:978:8)
    at writeOrBuffer (node:internal/streams/writable:572:12)
    at _write (node:internal/streams/writable:501:10)
    at Writable.write (node:internal/streams/writable:510:10)
    at Console.log (/Users/tcjr/Library/pnpm/global/5/.pnpm/winston@3.11.0/node_modules/winston/lib/winston/transports/console.js:79:23)
    at Console._write (/Users/tcjr/Library/pnpm/global/5/.pnpm/winston-transport@4.6.0/node_modules/winston-transport/index.js:103:17)
    at doWrite (/Users/tcjr/Library/pnpm/global/5/.pnpm/readable-stream@3.6.2/node_modules/readable-stream/lib/_stream_writable.js:390:139)
[error] 
[error] Error: An unexpected error has occurred.
[debug] [2026-02-22T03:22:36.465Z] Error: write EPIPE
    at afterWriteDispatched (node:internal/stream_base_commons:159:15)
    at writeGeneric (node:internal/stream_base_commons:150:3)
    at Socket._writeGeneric (node:net:966:11)
    at Socket._write (node:net:978:8)
    at writeOrBuffer (node:internal/streams/writable:572:12)
    at _write (node:internal/streams/writable:501:10)
    at Writable.write (node:internal/streams/writable:510:10)
    at Console.log (/Users/tcjr/Library/pnpm/global/5/.pnpm/winston@3.11.0/node_modules/winston/lib/winston/transports/console.js:79:23)
    at Console._write (/Users/tcjr/Library/pnpm/global/5/.pnpm/winston-transport@4.6.0/node_modules/winston-transport/index.js:103:17)
    at doWrite (/Users/tcjr/Library/pnpm/global/5/.pnpm/readable-stream@3.6.2/node_modules/readable-stream/lib/_stream_writable.js:390:139)
[error] 
[error] Error: An unexpected error has occurred.
[debug] [2026-02-22T03:22:36.465Z] Error: write EPIPE
    at afterWriteDispatched (node:internal/stream_base_commons:159:15)
    at writeGeneric (node:internal/stream_base_commons:150:3)
    at Socket._writeGeneric (node:net:966:11)
    at Socket._write (node:net:978:8)
    at writeOrBuffer (node:internal/streams/writable:572:12)
    at _write (node:internal/streams/writable:501:10)
    at Writable.write (node:internal/streams/writable:510:10)
    at Console.log (/Users/tcjr/Library/pnpm/global/5/.pnpm/winston@3.11.0/node_modules/winston/lib/winston/transports/console.js:79:23)
    at Console._write (/Users/tcjr/Library/pnpm/global/5/.pnpm/winston-transport@4.6.0/node_modules/winston-transport/index.js:103:17)
    at doWrite (/Users/tcjr/Library/pnpm/global/5/.pnpm/readable-stream@3.6.2/node_modules/readable-stream/lib/_stream_writable.js:390:139)
[error] 
[error] Error: An unexpected error has occurred.
[debug] [2026-02-22T03:22:36.465Z] Error: write EPIPE
    at afterWriteDispatched (node:internal/stream_base_commons:159:15)
    at writeGeneric (node:internal/stream_base_commons:150:3)
    at Socket._writeGeneric (node:net:966:11)
    at Socket._write (node:net:978:8)
    at writeOrBuffer (node:internal/streams/writable:572:12)
    at _write (node:internal/streams/writable:501:10)
    at Writable.write (node:internal/streams/writable:510:10)
    at Console.log (/Users/tcjr/Library/pnpm/global/5/.pnpm/winston@3.11.0/node_modules/winston/lib/winston/transports/console.js:79:23)
    at Console._write (/Users/tcjr/Library/pnpm/global/5/.pnpm/winston-transport@4.6.0/node_modules/winston-transport/index.js:103:17)
    at doWrite (/Users/tcjr/Library/pnpm/global/5/.pnpm/readable-stream@3.6.2/node_modules/readable-stream/lib/_stream_writable.js:390:139)
[error] 
[error] Error: An unexpected error has occurred.
[debug] [2026-02-22T03:22:36.465Z] Error: write EPIPE
    at afterWriteDispatched (node:internal/stream_base_commons:159:15)
    at writeGeneric (node:internal/stream_base_commons:150:3)
    at Socket._writeGeneric (node:net:966:11)
    at Socket._write (node:net:978:8)
    at writeOrBuffer (node:internal/streams/writable:572:12)
    at _write (node:internal/streams/writable:501:10)
    at Writable.write (node:internal/streams/writable:510:10)
    at Console.log (/Users/tcjr/Library/pnpm/global/5/.pnpm/winston@3.11.0/node_modules/winston/lib/winston/transports/console.js:79:23)
    at Console._write (/Users/tcjr/Library/pnpm/global/5/.pnpm/winston-transport@4.6.0/node_modules/winston-transport/index.js:103:17)
    at doWrite (/Users/tcjr/Library/pnpm/global/5/.pnpm/readable-stream@3.6.2/node_modules/readable-stream/lib/_stream_writable.js:390:139)
[error] 
[error] Error: An unexpected error has occurred.
[debug] [2026-02-22T03:22:36.466Z] Error: write EPIPE
    at afterWriteDispatched (node:internal/stream_base_commons:159:15)
    at writeGeneric (node:internal/stream_base_commons:150:3)
    at Socket._writeGeneric (node:net:966:11)
    at Socket._write (node:net:978:8)
    at writeOrBuffer (node:internal/streams/writable:572:12)
    at _write (node:internal/streams/writable:501:10)
    at Writable.write (node:internal/streams/writable:510:10)
    at Console.log (/Users/tcjr/Library/pnpm/global/5/.pnpm/winston@3.11.0/node_modules/winston/lib/winston/transports/console.js:79:23)
    at Console._write (/Users/tcjr/Library/pnpm/global/5/.pnpm/winston-transport@4.6.0/node_modules/winston-transport/index.js:103:17)
    at doWrite (/Users/tcjr/Library/pnpm/global/5/.pnpm/readable-stream@3.6.2/node_modules/readable-stream/lib/_stream_writable.js:390:139)
[error] 
[error] Error: An unexpected error has occurred.
[debug] [2026-02-22T03:22:36.466Z] Error: write EPIPE
    at afterWriteDispatched (node:internal/stream_base_commons:159:15)
    at writeGeneric (node:internal/stream_base_commons:150:3)
    at Socket._writeGeneric (node:net:966:11)
    at Socket._write (node:net:978:8)
    at writeOrBuffer (node:internal/streams/writable:572:12)
    at _write (node:internal/streams/writable:501:10)
    at Writable.write (node:internal/streams/writable:510:10)
    at Console.log (/Users/tcjr/Library/pnpm/global/5/.pnpm/winston@3.11.0/node_modules/winston/lib/winston/transports/console.js:79:23)
    at Console._write (/Users/tcjr/Library/pnpm/global/5/.pnpm/winston-transport@4.6.0/node_modules/winston-transport/index.js:103:17)
    at doWrite (/Users/tcjr/Library/pnpm/global/5/.pnpm/readable-stream@3.6.2/node_modules/readable-stream/lib/_stream_writable.js:390:139)
[error] 
[error] Error: An unexpected error has occurred.
[debug] [2026-02-22T03:22:36.466Z] Error: write EPIPE
    at afterWriteDispatched (node:internal/stream_base_commons:159:15)
    at writeGeneric (node:internal/stream_base_commons:150:3)
    at Socket._writeGeneric (node:net:966:11)
    at Socket._write (node:net:978:8)
    at writeOrBuffer (node:internal/streams/writable:572:12)
    at _write (node:internal/streams/writable:501:10)
    at Writable.write (node:internal/streams/writable:510:10)
    at Console.log (/Users/tcjr/Library/pnpm/global/5/.pnpm/winston@3.11.0/node_modules/winston/lib/winston/transports/console.js:79:23)
    at Console._write (/Users/tcjr/Library/pnpm/global/5/.pnpm/winston-transport@4.6.0/node_modules/winston-transport/index.js:103:17)
    at doWrite (/Users/tcjr/Library/pnpm/global/5/.pnpm/readable-stream@3.6.2/node_modules/readable-stream/lib/_stream_writable.js:390:139)
[error] 
[error] Error: An unexpected error has occurred.
[debug] [2026-02-22T03:22:36.466Z] Error: write EPIPE
    at afterWriteDispatched (node:internal/stream_base_commons:159:15)
    at writeGeneric (node:internal/stream_base_commons:150:3)
    at Socket._writeGeneric (node:net:966:11)
    at Socket._write (node:net:978:8)
    at writeOrBuffer (node:internal/streams/writable:572:12)
    at _write (node:internal/streams/writable:501:10)
    at Writable.write (node:internal/streams/writable:510:10)
    at Console.log (/Users/tcjr/Library/pnpm/global/5/.pnpm/winston@3.11.0/node_modules/winston/lib/winston/transports/console.js:79:23)
    at Console._write (/Users/tcjr/Library/pnpm/global/5/.pnpm/winston-transport@4.6.0/node_modules/winston-transport/index.js:103:17)
    at doWrite (/Users/tcjr/Library/pnpm/global/5/.pnpm/readable-stream@3.6.2/node_modules/readable-stream/lib/_stream_writable.js:390:139)
[error] 
[error] Error: An unexpected error has occurred.
[debug] [2026-02-22T03:22:36.466Z] Error: write EPIPE
    at afterWriteDispatched (node:internal/stream_base_commons:159:15)
    at writeGeneric (node:internal/stream_base_commons:150:3)
    at Socket._writeGeneric (node:net:966:11)
    at Socket._write (node:net:978:8)
    at writeOrBuffer (node:internal/streams/writable:572:12)
    at _write (node:internal/streams/writable:501:10)
    at Writable.write (node:internal/streams/writable:510:10)
    at Console.log (/Users/tcjr/Library/pnpm/global/5/.pnpm/winston@3.11.0/node_modules/winston/lib/winston/transports/console.js:79:23)
    at Console._write (/Users/tcjr/Library/pnpm/global/5/.pnpm/winston-transport@4.6.0/node_modules/winston-transport/index.js:103:17)
    at doWrite (/Users/tcjr/Library/pnpm/global/5/.pnpm/readable-stream@3.6.2/node_modules/readable-stream/lib/_stream_writable.js:390:139)
[error] 
[error] Error: An unexpected error has occurred.
[debug] [2026-02-22T03:22:36.466Z] Error: write EPIPE
    at afterWriteDispatched (node:internal/stream_base_commons:159:15)
    at writeGeneric (node:internal/stream_base_commons:150:3)
    at Socket._writeGeneric (node:net:966:11)
    at Socket._write (node:net:978:8)
    at writeOrBuffer (node:internal/streams/writable:572:12)
    at _write (node:internal/streams/writable:501:10)
    at Writable.write (node:internal/streams/writable:510:10)
    at Console.log (/Users/tcjr/Library/pnpm/global/5/.pnpm/winston@3.11.0/node_modules/winston/lib/winston/transports/console.js:79:23)
    at Console._write (/Users/tcjr/Library/pnpm/global/5/.pnpm/winston-transport@4.6.0/node_modules/winston-transport/index.js:103:17)
    at doWrite (/Users/tcjr/Library/pnpm/global/5/.pnpm/readable-stream@3.6.2/node_modules/readable-stream/lib/_stream_writable.js:390:139)
[error] 
[error] Error: An unexpected error has occurred.
[debug] [2026-02-22T03:22:36.466Z] Error: write EPIPE
    at afterWriteDispatched (node:internal/stream_base_commons:159:15)
    at writeGeneric (node:internal/stream_base_commons:150:3)
    at Socket._writeGeneric (node:net:966:11)
    at Socket._write (node:net:978:8)
    at writeOrBuffer (node:internal/streams/writable:572:12)
    at _write (node:internal/streams/writable:501:10)
    at Writable.write (node:internal/streams/writable:510:10)
    at Console.log (/Users/tcjr/Library/pnpm/global/5/.pnpm/winston@3.11.0/node_modules/winston/lib/winston/transports/console.js:79:23)
    at Console._write (/Users/tcjr/Library/pnpm/global/5/.pnpm/winston-transport@4.6.0/node_modules/winston-transport/index.js:103:17)
    at doWrite (/Users/tcjr/Library/pnpm/global/5/.pnpm/readable-stream@3.6.2/node_modules/readable-stream/lib/_stream_writable.js:390:139)
[error] 
[error] Error: An unexpected error has occurred.
[debug] [2026-02-22T03:22:36.467Z] Error: write EPIPE
    at afterWriteDispatched (node:internal/stream_base_commons:159:15)
    at writeGeneric (node:internal/stream_base_commons:150:3)
    at Socket._writeGeneric (node:net:966:11)
    at Socket._write (node:net:978:8)
    at writeOrBuffer (node:internal/streams/writable:572:12)
    at _write (node:internal/streams/writable:501:10)
    at Writable.write (node:internal/streams/writable:510:10)
    at Console.log (/Users/tcjr/Library/pnpm/global/5/.pnpm/winston@3.11.0/node_modules/winston/lib/winston/transports/console.js:79:23)
    at Console._write (/Users/tcjr/Library/pnpm/global/5/.pnpm/winston-transport@4.6.0/node_modules/winston-transport/index.js:103:17)
    at doWrite (/Users/tcjr/Library/pnpm/global/5/.pnpm/readable-stream@3.6.2/node_modules/readable-stream/lib/_stream_writable.js:390:139)
[error] 
[error] Error: An unexpected error has occurred.
[debug] [2026-02-22T03:22:36.467Z] Error: write EPIPE
    at afterWriteDispatched (node:internal/stream_base_commons:159:15)
    at writeGeneric (node:internal/stream_base_commons:150:3)
    at Socket._writeGeneric (node:net:966:11)
    at Socket._write (node:net:978:8)
    at writeOrBuffer (node:internal/streams/writable:572:12)
    at _write (node:internal/streams/writable:501:10)
    at Writable.write (node:internal/streams/writable:510:10)
    at Console.log (/Users/tcjr/Library/pnpm/global/5/.pnpm/winston@3.11.0/node_modules/winston/lib/winston/transports/console.js:79:23)
    at Console._write (/Users/tcjr/Library/pnpm/global/5/.pnpm/winston-transport@4.6.0/node_modules/winston-transport/index.js:103:17)
    at doWrite (/Users/tcjr/Library/pnpm/global/5/.pnpm/readable-stream@3.6.2/node_modules/readable-stream/lib/_stream_writable.js:390:139)
[error] 
[error] Error: An unexpected error has occurred.
[debug] [2026-02-22T03:22:36.467Z] Error: write EPIPE
    at afterWriteDispatched (node:internal/stream_base_commons:159:15)
    at writeGeneric (node:internal/stream_base_commons:150:3)
    at Socket._writeGeneric (node:net:966:11)
    at Socket._write (node:net:978:8)
    at writeOrBuffer (node:internal/streams/writable:572:12)
    at _write (node:internal/streams/writable:501:10)
    at Writable.write (node:internal/streams/writable:510:10)
    at Console.log (/Users/tcjr/Library/pnpm/global/5/.pnpm/winston@3.11.0/node_modules/winston/lib/winston/transports/console.js:79:23)
    at Console._write (/Users/tcjr/Library/pnpm/global/5/.pnpm/winston-transport@4.6.0/node_modules/winston-transport/index.js:103:17)
    at doWrite (/Users/tcjr/Library/pnpm/global/5/.pnpm/readable-stream@3.6.2/node_modules/readable-stream/lib/_stream_writable.js:390:139)
[error] 
[error] Error: An unexpected error has occurred.
[debug] [2026-02-22T03:22:36.467Z] Error: write EPIPE
    at afterWriteDispatched (node:internal/stream_base_commons:159:15)
    at writeGeneric (node:internal/stream_base_commons:150:3)
    at Socket._writeGeneric (node:net:966:11)
    at Socket._write (node:net:978:8)
    at writeOrBuffer (node:internal/streams/writable:572:12)
    at _write (node:internal/streams/writable:501:10)
    at Writable.write (node:internal/streams/writable:510:10)
    at Console.log (/Users/tcjr/Library/pnpm/global/5/.pnpm/winston@3.11.0/node_modules/winston/lib/winston/transports/console.js:79:23)
    at Console._write (/Users/tcjr/Library/pnpm/global/5/.pnpm/winston-transport@4.6.0/node_modules/winston-transport/index.js:103:17)
    at doWrite (/Users/tcjr/Library/pnpm/global/5/.pnpm/readable-stream@3.6.2/node_modules/readable-stream/lib/_stream_writable.js:390:139)
[error] 
[error] Error: An unexpected error has occurred.
[debug] [2026-02-22T03:22:36.467Z] Error: write EPIPE
    at afterWriteDispatched (node:internal/stream_base_commons:159:15)
    at writeGeneric (node:internal/stream_base_commons:150:3)
    at Socket._writeGeneric (node:net:966:11)
    at Socket._write (node:net:978:8)
    at writeOrBuffer (node:internal/streams/writable:572:12)
    at _write (node:internal/streams/writable:501:10)
    at Writable.write (node:internal/streams/writable:510:10)
    at Console.log (/Users/tcjr/Library/pnpm/global/5/.pnpm/winston@3.11.0/node_modules/winston/lib/winston/transports/console.js:79:23)
    at Console._write (/Users/tcjr/Library/pnpm/global/5/.pnpm/winston-transport@4.6.0/node_modules/winston-transport/index.js:103:17)
    at doWrite (/Users/tcjr/Library/pnpm/global/5/.pnpm/readable-stream@3.6.2/node_modules/readable-stream/lib/_stream_writable.js:390:139)
[error] 
[error] Error: An unexpected error has occurred.
[debug] [2026-02-22T03:22:36.467Z] Error: write EPIPE
    at afterWriteDispatched (node:internal/stream_base_commons:159:15)
    at writeGeneric (node:internal/stream_base_commons:150:3)
    at Socket._writeGeneric (node:net:966:11)
    at Socket._write (node:net:978:8)
    at writeOrBuffer (node:internal/streams/writable:572:12)
    at _write (node:internal/streams/writable:501:10)
    at Writable.write (node:internal/streams/writable:510:10)
    at Console.log (/Users/tcjr/Library/pnpm/global/5/.pnpm/winston@3.11.0/node_modules/winston/lib/winston/transports/console.js:79:23)
    at Console._write (/Users/tcjr/Library/pnpm/global/5/.pnpm/winston-transport@4.6.0/node_modules/winston-transport/index.js:103:17)
    at doWrite (/Users/tcjr/Library/pnpm/global/5/.pnpm/readable-stream@3.6.2/node_modules/readable-stream/lib/_stream_writable.js:390:139)
[error] 
[error] Error: An unexpected error has occurred.
[debug] [2026-02-22T03:22:36.468Z] Error: write EPIPE
    at afterWriteDispatched (node:internal/stream_base_commons:159:15)
    at writeGeneric (node:internal/stream_base_commons:150:3)
    at Socket._writeGeneric (node:net:966:11)
    at Socket._write (node:net:978:8)
    at writeOrBuffer (node:internal/streams/writable:572:12)
    at _write (node:internal/streams/writable:501:10)
    at Writable.write (node:internal/streams/writable:510:10)
    at Console.log (/Users/tcjr/Library/pnpm/global/5/.pnpm/winston@3.11.0/node_modules/winston/lib/winston/transports/console.js:79:23)
    at Console._write (/Users/tcjr/Library/pnpm/global/5/.pnpm/winston-transport@4.6.0/node_modules/winston-transport/index.js:103:17)
    at doWrite (/Users/tcjr/Library/pnpm/global/5/.pnpm/readable-stream@3.6.2/node_modules/readable-stream/lib/_stream_writable.js:390:139)
[error] 
[error] Error: An unexpected error has occurred.
[debug] [2026-02-22T03:22:36.468Z] Error: write EPIPE
    at afterWriteDispatched (node:internal/stream_base_commons:159:15)
    at writeGeneric (node:internal/stream_base_commons:150:3)
    at Socket._writeGeneric (node:net:966:11)
    at Socket._write (node:net:978:8)
    at writeOrBuffer (node:internal/streams/writable:572:12)
    at _write (node:internal/streams/writable:501:10)
    at Writable.write (node:internal/streams/writable:510:10)
    at Console.log (/Users/tcjr/Library/pnpm/global/5/.pnpm/winston@3.11.0/node_modules/winston/lib/winston/transports/console.js:79:23)
    at Console._write (/Users/tcjr/Library/pnpm/global/5/.pnpm/winston-transport@4.6.0/node_modules/winston-transport/index.js:103:17)
    at doWrite (/Users/tcjr/Library/pnpm/global/5/.pnpm/readable-stream@3.6.2/node_modules/readable-stream/lib/_stream_writable.js:390:139)
[error] 
[error] Error: An unexpected error has occurred.
[debug] [2026-02-22T03:22:36.468Z] Error: write EPIPE
    at afterWriteDispatched (node:internal/stream_base_commons:159:15)
    at writeGeneric (node:internal/stream_base_commons:150:3)
    at Socket._writeGeneric (node:net:966:11)
    at Socket._write (node:net:978:8)
    at writeOrBuffer (node:internal/streams/writable:572:12)
    at _write (node:internal/streams/writable:501:10)
    at Writable.write (node:internal/streams/writable:510:10)
    at Console.log (/Users/tcjr/Library/pnpm/global/5/.pnpm/winston@3.11.0/node_modules/winston/lib/winston/transports/console.js:79:23)
    at Console._write (/Users/tcjr/Library/pnpm/global/5/.pnpm/winston-transport@4.6.0/node_modules/winston-transport/index.js:103:17)
    at doWrite (/Users/tcjr/Library/pnpm/global/5/.pnpm/readable-stream@3.6.2/node_modules/readable-stream/lib/_stream_writable.js:390:139)
[error] 
[error] Error: An unexpected error has occurred.
[debug] [2026-02-22T03:22:36.468Z] Error: write EPIPE
    at afterWriteDispatched (node:internal/stream_base_commons:159:15)
    at writeGeneric (node:internal/stream_base_commons:150:3)
    at Socket._writeGeneric (node:net:966:11)
    at Socket._write (node:net:978:8)
    at writeOrBuffer (node:internal/streams/writable:572:12)
    at _write (node:internal/streams/writable:501:10)
    at Writable.write (node:internal/streams/writable:510:10)
    at Console.log (/Users/tcjr/Library/pnpm/global/5/.pnpm/winston@3.11.0/node_modules/winston/lib/winston/transports/console.js:79:23)
    at Console._write (/Users/tcjr/Library/pnpm/global/5/.pnpm/winston-transport@4.6.0/node_modules/winston-transport/index.js:103:17)
    at doWrite (/Users/tcjr/Library/pnpm/global/5/.pnpm/readable-stream@3.6.2/node_modules/readable-stream/lib/_stream_writable.js:390:139)
[error] 
[error] Error: An unexpected error has occurred.
[debug] [2026-02-22T03:22:36.468Z] Error: write EPIPE
    at afterWriteDispatched (node:internal/stream_base_commons:159:15)
    at writeGeneric (node:internal/stream_base_commons:150:3)
    at Socket._writeGeneric (node:net:966:11)
    at Socket._write (node:net:978:8)
    at writeOrBuffer (node:internal/streams/writable:572:12)
    at _write (node:internal/streams/writable:501:10)
    at Writable.write (node:internal/streams/writable:510:10)
    at Console.log (/Users/tcjr/Library/pnpm/global/5/.pnpm/winston@3.11.0/node_modules/winston/lib/winston/transports/console.js:79:23)
    at Console._write (/Users/tcjr/Library/pnpm/global/5/.pnpm/winston-transport@4.6.0/node_modules/winston-transport/index.js:103:17)
    at doWrite (/Users/tcjr/Library/pnpm/global/5/.pnpm/readable-stream@3.6.2/node_modules/readable-stream/lib/_stream_writable.js:390:139)
[error] 
[error] Error: An unexpected error has occurred.
[debug] [2026-02-22T03:22:36.468Z] Error: write EPIPE
    at afterWriteDispatched (node:internal/stream_base_commons:159:15)
    at writeGeneric (node:internal/stream_base_commons:150:3)
    at Socket._writeGeneric (node:net:966:11)
    at Socket._write (node:net:978:8)
    at writeOrBuffer (node:internal/streams/writable:572:12)
    at _write (node:internal/streams/writable:501:10)
    at Writable.write (node:internal/streams/writable:510:10)
    at Console.log (/Users/tcjr/Library/pnpm/global/5/.pnpm/winston@3.11.0/node_modules/winston/lib/winston/transports/console.js:79:23)
    at Console._write (/Users/tcjr/Library/pnpm/global/5/.pnpm/winston-transport@4.6.0/node_modules/winston-transport/index.js:103:17)
    at doWrite (/Users/tcjr/Library/pnpm/global/5/.pnpm/readable-stream@3.6.2/node_modules/readable-stream/lib/_stream_writable.js:390:139)
[error] 
[error] Error: An unexpected error has occurred.
[debug] [2026-02-22T03:22:36.468Z] Error: write EPIPE
    at afterWriteDispatched (node:internal/stream_base_commons:159:15)
    at writeGeneric (node:internal/stream_base_commons:150:3)
    at Socket._writeGeneric (node:net:966:11)
    at Socket._write (node:net:978:8)
    at writeOrBuffer (node:internal/streams/writable:572:12)
    at _write (node:internal/streams/writable:501:10)
    at Writable.write (node:internal/streams/writable:510:10)
    at Console.log (/Users/tcjr/Library/pnpm/global/5/.pnpm/winston@3.11.0/node_modules/winston/lib/winston/transports/console.js:79:23)
    at Console._write (/Users/tcjr/Library/pnpm/global/5/.pnpm/winston-transport@4.6.0/node_modules/winston-transport/index.js:103:17)
    at doWrite (/Users/tcjr/Library/pnpm/global/5/.pnpm/readable-stream@3.6.2/node_modules/readable-stream/lib/_stream_writable.js:390:139)
[error] 
[error] Error: An unexpected error has occurred.
[debug] [2026-02-22T03:22:36.469Z] Error: write EPIPE
    at afterWriteDispatched (node:internal/stream_base_commons:159:15)
    at writeGeneric (node:internal/stream_base_commons:150:3)
    at Socket._writeGeneric (node:net:966:11)
    at Socket._write (node:net:978:8)
    at writeOrBuffer (node:internal/streams/writable:572:12)
    at _write (node:internal/streams/writable:501:10)
    at Writable.write (node:internal/streams/writable:510:10)
    at Console.log (/Users/tcjr/Library/pnpm/global/5/.pnpm/winston@3.11.0/node_modules/winston/lib/winston/transports/console.js:79:23)
    at Console._write (/Users/tcjr/Library/pnpm/global/5/.pnpm/winston-transport@4.6.0/node_modules/winston-transport/index.js:103:17)
    at doWrite (/Users/tcjr/Library/pnpm/global/5/.pnpm/readable-stream@3.6.2/node_modules/readable-stream/lib/_stream_writable.js:390:139)
[error] 
[error] Error: An unexpected error has occurred.
[debug] [2026-02-22T03:22:36.469Z] Error: write EPIPE
    at afterWriteDispatched (node:internal/stream_base_commons:159:15)
    at writeGeneric (node:internal/stream_base_commons:150:3)
    at Socket._writeGeneric (node:net:966:11)
    at Socket._write (node:net:978:8)
    at writeOrBuffer (node:internal/streams/writable:572:12)
    at _write (node:internal/streams/writable:501:10)
    at Writable.write (node:internal/streams/writable:510:10)
    at Console.log (/Users/tcjr/Library/pnpm/global/5/.pnpm/winston@3.11.0/node_modules/winston/lib/winston/transports/console.js:79:23)
    at Console._write (/Users/tcjr/Library/pnpm/global/5/.pnpm/winston-transport@4.6.0/node_modules/winston-transport/index.js:103:17)
    at doWrite (/Users/tcjr/Library/pnpm/global/5/.pnpm/readable-stream@3.6.2/node_modules/readable-stream/lib/_stream_writable.js:390:139)
